[0.130s] DEBUG:colcon:Command line arguments: ['/usr/bin/colcon', 'build']
[0.130s] DEBUG:colcon:Parsed command line arguments: Namespace(log_base=None, log_level=None, verb_name='build', build_base='build', install_base='install', merge_install=False, symlink_install=False, test_result_base=None, continue_on_error=False, executor='parallel', parallel_workers=8, event_handlers=None, ignore_user_meta=False, metas=['./colcon.meta'], base_paths=['.'], packages_ignore=None, packages_ignore_regex=None, paths=None, packages_up_to=None, packages_up_to_regex=None, packages_above=None, packages_above_and_dependencies=None, packages_above_depth=None, packages_select_by_dep=None, packages_skip_by_dep=None, packages_skip_up_to=None, packages_select_build_failed=False, packages_skip_build_finished=False, packages_select_test_failures=False, packages_skip_test_passed=False, packages_select=None, packages_skip=None, packages_select_regex=None, packages_skip_regex=None, packages_start=None, packages_end=None, allow_overriding=[], cmake_args=None, cmake_target=None, cmake_target_skip_unavailable=False, cmake_clean_cache=False, cmake_clean_first=False, cmake_force_configure=False, ament_cmake_args=None, catkin_cmake_args=None, catkin_skip_building_tests=False, mixin_files=None, mixin=None, verb_parser=<colcon_mixin.mixin.mixin_argument.MixinArgumentDecorator object at 0x7a110cd53430>, verb_extension=<colcon_core.verb.build.BuildVerb object at 0x7a110cea0370>, main=<bound method BuildVerb.main of <colcon_core.verb.build.BuildVerb object at 0x7a110cea0370>>, mixin_verb=('build',))
[0.409s] Level 1:colcon.colcon_core.package_discovery:discover_packages(colcon_meta) check parameters
[0.409s] Level 1:colcon.colcon_core.package_discovery:discover_packages(recursive) check parameters
[0.409s] Level 1:colcon.colcon_core.package_discovery:discover_packages(ignore) check parameters
[0.409s] Level 1:colcon.colcon_core.package_discovery:discover_packages(path) check parameters
[0.409s] Level 1:colcon.colcon_core.package_discovery:discover_packages(colcon_meta) discover
[0.409s] Level 1:colcon.colcon_core.package_discovery:discover_packages(recursive) discover
[0.409s] INFO:colcon.colcon_core.package_discovery:Crawling recursively for packages in '/home/albert/ag_arm_ws/src'
[0.410s] Level 1:colcon.colcon_core.package_identification:_identify(.) by extensions ['ignore', 'ignore_ament_install']
[0.410s] Level 1:colcon.colcon_core.package_identification:_identify(.) by extension 'ignore'
[0.410s] Level 1:colcon.colcon_core.package_identification:_identify(.) by extension 'ignore_ament_install'
[0.410s] Level 1:colcon.colcon_core.package_identification:_identify(.) by extensions ['colcon_pkg']
[0.410s] Level 1:colcon.colcon_core.package_identification:_identify(.) by extension 'colcon_pkg'
[0.410s] Level 1:colcon.colcon_core.package_identification:_identify(.) by extensions ['colcon_meta']
[0.410s] Level 1:colcon.colcon_core.package_identification:_identify(.) by extension 'colcon_meta'
[0.410s] Level 1:colcon.colcon_core.package_identification:_identify(.) by extensions ['ros']
[0.410s] Level 1:colcon.colcon_core.package_identification:_identify(.) by extension 'ros'
[0.442s] Level 1:colcon.colcon_core.package_identification:_identify(.) by extensions ['cmake', 'python']
[0.442s] Level 1:colcon.colcon_core.package_identification:_identify(.) by extension 'cmake'
[0.442s] Level 1:colcon.colcon_core.package_identification:_identify(.) by extension 'python'
[0.442s] Level 1:colcon.colcon_core.package_identification:_identify(.) by extensions ['python_setup_py']
[0.443s] Level 1:colcon.colcon_core.package_identification:_identify(.) by extension 'python_setup_py'
[0.443s] Level 1:colcon.colcon_core.package_identification:_identify(arm_bringup) by extensions ['ignore', 'ignore_ament_install']
[0.443s] Level 1:colcon.colcon_core.package_identification:_identify(arm_bringup) by extension 'ignore'
[0.443s] Level 1:colcon.colcon_core.package_identification:_identify(arm_bringup) by extension 'ignore_ament_install'
[0.443s] Level 1:colcon.colcon_core.package_identification:_identify(arm_bringup) by extensions ['colcon_pkg']
[0.443s] Level 1:colcon.colcon_core.package_identification:_identify(arm_bringup) by extension 'colcon_pkg'
[0.443s] Level 1:colcon.colcon_core.package_identification:_identify(arm_bringup) by extensions ['colcon_meta']
[0.443s] Level 1:colcon.colcon_core.package_identification:_identify(arm_bringup) by extension 'colcon_meta'
[0.443s] Level 1:colcon.colcon_core.package_identification:_identify(arm_bringup) by extensions ['ros']
[0.443s] Level 1:colcon.colcon_core.package_identification:_identify(arm_bringup) by extension 'ros'
[0.448s] DEBUG:colcon.colcon_core.package_identification:Package 'arm_bringup' with type 'ros.ament_cmake' and name 'arm_bringup'
[0.448s] Level 1:colcon.colcon_core.package_identification:_identify(arm_controller) by extensions ['ignore', 'ignore_ament_install']
[0.448s] Level 1:colcon.colcon_core.package_identification:_identify(arm_controller) by extension 'ignore'
[0.449s] Level 1:colcon.colcon_core.package_identification:_identify(arm_controller) by extension 'ignore_ament_install'
[0.449s] Level 1:colcon.colcon_core.package_identification:_identify(arm_controller) by extensions ['colcon_pkg']
[0.449s] Level 1:colcon.colcon_core.package_identification:_identify(arm_controller) by extension 'colcon_pkg'
[0.449s] Level 1:colcon.colcon_core.package_identification:_identify(arm_controller) by extensions ['colcon_meta']
[0.449s] Level 1:colcon.colcon_core.package_identification:_identify(arm_controller) by extension 'colcon_meta'
[0.449s] Level 1:colcon.colcon_core.package_identification:_identify(arm_controller) by extensions ['ros']
[0.449s] Level 1:colcon.colcon_core.package_identification:_identify(arm_controller) by extension 'ros'
[0.451s] DEBUG:colcon.colcon_core.package_identification:Package 'arm_controller' with type 'ros.ament_cmake' and name 'arm_controller'
[0.452s] Level 1:colcon.colcon_core.package_identification:_identify(arm_cpp) by extensions ['ignore', 'ignore_ament_install']
[0.452s] Level 1:colcon.colcon_core.package_identification:_identify(arm_cpp) by extension 'ignore'
[0.452s] Level 1:colcon.colcon_core.package_identification:_identify(arm_cpp) by extension 'ignore_ament_install'
[0.452s] Level 1:colcon.colcon_core.package_identification:_identify(arm_cpp) by extensions ['colcon_pkg']
[0.452s] Level 1:colcon.colcon_core.package_identification:_identify(arm_cpp) by extension 'colcon_pkg'
[0.452s] Level 1:colcon.colcon_core.package_identification:_identify(arm_cpp) by extensions ['colcon_meta']
[0.452s] Level 1:colcon.colcon_core.package_identification:_identify(arm_cpp) by extension 'colcon_meta'
[0.452s] Level 1:colcon.colcon_core.package_identification:_identify(arm_cpp) by extensions ['ros']
[0.452s] Level 1:colcon.colcon_core.package_identification:_identify(arm_cpp) by extension 'ros'
[0.454s] DEBUG:colcon.colcon_core.package_identification:Package 'arm_cpp' with type 'ros.ament_cmake' and name 'arm_cpp'
[0.454s] Level 1:colcon.colcon_core.package_identification:_identify(arm_description) by extensions ['ignore', 'ignore_ament_install']
[0.454s] Level 1:colcon.colcon_core.package_identification:_identify(arm_description) by extension 'ignore'
[0.454s] Level 1:colcon.colcon_core.package_identification:_identify(arm_description) by extension 'ignore_ament_install'
[0.454s] Level 1:colcon.colcon_core.package_identification:_identify(arm_description) by extensions ['colcon_pkg']
[0.454s] Level 1:colcon.colcon_core.package_identification:_identify(arm_description) by extension 'colcon_pkg'
[0.454s] Level 1:colcon.colcon_core.package_identification:_identify(arm_description) by extensions ['colcon_meta']
[0.454s] Level 1:colcon.colcon_core.package_identification:_identify(arm_description) by extension 'colcon_meta'
[0.455s] Level 1:colcon.colcon_core.package_identification:_identify(arm_description) by extensions ['ros']
[0.455s] Level 1:colcon.colcon_core.package_identification:_identify(arm_description) by extension 'ros'
[0.455s] DEBUG:colcon.colcon_core.package_identification:Package 'arm_description' with type 'ros.ament_cmake' and name 'arm_description'
[0.456s] Level 1:colcon.colcon_core.package_identification:_identify(arm_moveit) by extensions ['ignore', 'ignore_ament_install']
[0.456s] Level 1:colcon.colcon_core.package_identification:_identify(arm_moveit) by extension 'ignore'
[0.456s] Level 1:colcon.colcon_core.package_identification:_identify(arm_moveit) by extension 'ignore_ament_install'
[0.456s] Level 1:colcon.colcon_core.package_identification:_identify(arm_moveit) by extensions ['colcon_pkg']
[0.456s] Level 1:colcon.colcon_core.package_identification:_identify(arm_moveit) by extension 'colcon_pkg'
[0.456s] Level 1:colcon.colcon_core.package_identification:_identify(arm_moveit) by extensions ['colcon_meta']
[0.456s] Level 1:colcon.colcon_core.package_identification:_identify(arm_moveit) by extension 'colcon_meta'
[0.456s] Level 1:colcon.colcon_core.package_identification:_identify(arm_moveit) by extensions ['ros']
[0.456s] Level 1:colcon.colcon_core.package_identification:_identify(arm_moveit) by extension 'ros'
[0.457s] DEBUG:colcon.colcon_core.package_identification:Package 'arm_moveit' with type 'ros.ament_cmake' and name 'arm_moveit'
[0.457s] Level 1:colcon.colcon_core.package_identification:_identify(arm_msgs) by extensions ['ignore', 'ignore_ament_install']
[0.458s] Level 1:colcon.colcon_core.package_identification:_identify(arm_msgs) by extension 'ignore'
[0.458s] Level 1:colcon.colcon_core.package_identification:_identify(arm_msgs) by extension 'ignore_ament_install'
[0.458s] Level 1:colcon.colcon_core.package_identification:_identify(arm_msgs) by extensions ['colcon_pkg']
[0.458s] Level 1:colcon.colcon_core.package_identification:_identify(arm_msgs) by extension 'colcon_pkg'
[0.458s] Level 1:colcon.colcon_core.package_identification:_identify(arm_msgs) by extensions ['colcon_meta']
[0.458s] Level 1:colcon.colcon_core.package_identification:_identify(arm_msgs) by extension 'colcon_meta'
[0.458s] Level 1:colcon.colcon_core.package_identification:_identify(arm_msgs) by extensions ['ros']
[0.458s] Level 1:colcon.colcon_core.package_identification:_identify(arm_msgs) by extension 'ros'
[0.459s] DEBUG:colcon.colcon_core.package_identification:Package 'arm_msgs' with type 'ros.ament_cmake' and name 'arm_msgs'
[0.459s] Level 1:colcon.colcon_core.package_identification:_identify(arm_py) by extensions ['ignore', 'ignore_ament_install']
[0.459s] Level 1:colcon.colcon_core.package_identification:_identify(arm_py) by extension 'ignore'
[0.459s] Level 1:colcon.colcon_core.package_identification:_identify(arm_py) by extension 'ignore_ament_install'
[0.459s] Level 1:colcon.colcon_core.package_identification:_identify(arm_py) by extensions ['colcon_pkg']
[0.459s] Level 1:colcon.colcon_core.package_identification:_identify(arm_py) by extension 'colcon_pkg'
[0.459s] Level 1:colcon.colcon_core.package_identification:_identify(arm_py) by extensions ['colcon_meta']
[0.459s] Level 1:colcon.colcon_core.package_identification:_identify(arm_py) by extension 'colcon_meta'
[0.459s] Level 1:colcon.colcon_core.package_identification:_identify(arm_py) by extensions ['ros']
[0.459s] Level 1:colcon.colcon_core.package_identification:_identify(arm_py) by extension 'ros'
[0.460s] DEBUG:colcon.colcon_core.package_identification:Package 'arm_py' with type 'ros.ament_python' and name 'arm_py'
[0.460s] Level 1:colcon.colcon_core.package_identification:_identify(arm_remote) by extensions ['ignore', 'ignore_ament_install']
[0.460s] Level 1:colcon.colcon_core.package_identification:_identify(arm_remote) by extension 'ignore'
[0.460s] Level 1:colcon.colcon_core.package_identification:_identify(arm_remote) by extension 'ignore_ament_install'
[0.460s] Level 1:colcon.colcon_core.package_identification:_identify(arm_remote) by extensions ['colcon_pkg']
[0.460s] Level 1:colcon.colcon_core.package_identification:_identify(arm_remote) by extension 'colcon_pkg'
[0.460s] Level 1:colcon.colcon_core.package_identification:_identify(arm_remote) by extensions ['colcon_meta']
[0.460s] Level 1:colcon.colcon_core.package_identification:_identify(arm_remote) by extension 'colcon_meta'
[0.460s] Level 1:colcon.colcon_core.package_identification:_identify(arm_remote) by extensions ['ros']
[0.460s] Level 1:colcon.colcon_core.package_identification:_identify(arm_remote) by extension 'ros'
[0.463s] DEBUG:colcon.colcon_core.package_identification:Package 'arm_remote' with type 'ros.ament_cmake' and name 'arm_remote'
[0.463s] Level 1:colcon.colcon_core.package_identification:_identify(arm_setup_moveit) by extensions ['ignore', 'ignore_ament_install']
[0.463s] Level 1:colcon.colcon_core.package_identification:_identify(arm_setup_moveit) by extension 'ignore'
[0.463s] Level 1:colcon.colcon_core.package_identification:_identify(arm_setup_moveit) by extension 'ignore_ament_install'
[0.463s] Level 1:colcon.colcon_core.package_identification:_identify(arm_setup_moveit) by extensions ['colcon_pkg']
[0.463s] Level 1:colcon.colcon_core.package_identification:_identify(arm_setup_moveit) by extension 'colcon_pkg'
[0.463s] Level 1:colcon.colcon_core.package_identification:_identify(arm_setup_moveit) by extensions ['colcon_meta']
[0.463s] Level 1:colcon.colcon_core.package_identification:_identify(arm_setup_moveit) by extension 'colcon_meta'
[0.464s] Level 1:colcon.colcon_core.package_identification:_identify(arm_setup_moveit) by extensions ['ros']
[0.464s] Level 1:colcon.colcon_core.package_identification:_identify(arm_setup_moveit) by extension 'ros'
[0.464s] DEBUG:colcon.colcon_core.package_identification:Package 'arm_setup_moveit' with type 'ros.ament_cmake' and name 'arm_setup_moveit'
[0.465s] Level 1:colcon.colcon_core.package_identification:_identify(build) by extensions ['ignore', 'ignore_ament_install']
[0.465s] Level 1:colcon.colcon_core.package_identification:_identify(build) by extension 'ignore'
[0.465s] Level 1:colcon.colcon_core.package_identification:_identify(build) ignored
[0.465s] Level 1:colcon.colcon_core.package_identification:_identify(install) by extensions ['ignore', 'ignore_ament_install']
[0.465s] Level 1:colcon.colcon_core.package_identification:_identify(install) by extension 'ignore'
[0.465s] Level 1:colcon.colcon_core.package_identification:_identify(install) ignored
[0.465s] Level 1:colcon.colcon_core.package_identification:_identify(log) by extensions ['ignore', 'ignore_ament_install']
[0.465s] Level 1:colcon.colcon_core.package_identification:_identify(log) by extension 'ignore'
[0.465s] Level 1:colcon.colcon_core.package_identification:_identify(log) ignored
[0.465s] Level 1:colcon.colcon_core.package_discovery:discover_packages(recursive) using defaults
[0.465s] Level 1:colcon.colcon_core.package_discovery:discover_packages(ignore) discover
[0.465s] Level 1:colcon.colcon_core.package_discovery:discover_packages(ignore) using defaults
[0.465s] Level 1:colcon.colcon_core.package_discovery:discover_packages(path) discover
[0.465s] Level 1:colcon.colcon_core.package_discovery:discover_packages(path) using defaults
[0.496s] Level 1:colcon.colcon_core.package_discovery:discover_packages(prefix_path) check parameters
[0.496s] Level 1:colcon.colcon_core.package_discovery:discover_packages(prefix_path) discover
[0.499s] WARNING:colcon.colcon_ros.prefix_path.ament:The path '/home/albert/umov_ws/install/arduinobot_bringup' in the environment variable AMENT_PREFIX_PATH doesn't exist
[0.502s] WARNING:colcon.colcon_ros.prefix_path.catkin:The path '/home/albert/umov_ws/install/arduinobot_bringup' in the environment variable CMAKE_PREFIX_PATH doesn't exist
[0.503s] DEBUG:colcon.colcon_installed_package_information.package_discovery:Found 8 installed packages in /home/albert/ag_arm_ws/install
[0.506s] DEBUG:colcon.colcon_installed_package_information.package_discovery:Found 55 installed packages in /home/albert/ws_moveit2/install
[0.508s] DEBUG:colcon.colcon_installed_package_information.package_discovery:Found 11 installed packages in /home/albert/umov_ws/install
[0.508s] DEBUG:colcon.colcon_installed_package_information.package_discovery:Found 3 installed packages in /home/albert/unav_ws/install
[0.509s] DEBUG:colcon.colcon_installed_package_information.package_discovery:Found 12 installed packages in /home/albert/udem2_ws/install
[0.510s] DEBUG:colcon.colcon_installed_package_information.package_discovery:Found 8 installed packages in /home/albert/udem_ws/install
[0.511s] DEBUG:colcon.colcon_installed_package_information.package_discovery:Found 18 installed packages in /home/albert/bcdc_ws/install
[0.512s] DEBUG:colcon.colcon_installed_package_information.package_discovery:Found 9 installed packages in /home/albert/arduinobot_ws/install
[0.512s] DEBUG:colcon.colcon_installed_package_information.package_discovery:Found 8 installed packages in /home/albert/rad_ws/install
[0.512s] DEBUG:colcon.colcon_installed_package_information.package_discovery:Found 1 installed packages in /home/albert/dev_ws/install
[0.513s] DEBUG:colcon.colcon_installed_package_information.package_discovery:Found 4 installed packages in /home/albert/ag_car_ws/install
[0.515s] DEBUG:colcon.colcon_installed_package_information.package_discovery:Found 436 installed packages in /opt/ros/humble
[0.517s] Level 1:colcon.colcon_core.package_discovery:discover_packages(prefix_path) using defaults
[0.591s] Level 5:colcon.colcon_core.verb:set package 'arm_bringup' build argument 'cmake_args' from command line to 'None'
[0.591s] Level 5:colcon.colcon_core.verb:set package 'arm_bringup' build argument 'cmake_target' from command line to 'None'
[0.591s] Level 5:colcon.colcon_core.verb:set package 'arm_bringup' build argument 'cmake_target_skip_unavailable' from command line to 'False'
[0.591s] Level 5:colcon.colcon_core.verb:set package 'arm_bringup' build argument 'cmake_clean_cache' from command line to 'False'
[0.591s] Level 5:colcon.colcon_core.verb:set package 'arm_bringup' build argument 'cmake_clean_first' from command line to 'False'
[0.591s] Level 5:colcon.colcon_core.verb:set package 'arm_bringup' build argument 'cmake_force_configure' from command line to 'False'
[0.591s] Level 5:colcon.colcon_core.verb:set package 'arm_bringup' build argument 'ament_cmake_args' from command line to 'None'
[0.591s] Level 5:colcon.colcon_core.verb:set package 'arm_bringup' build argument 'catkin_cmake_args' from command line to 'None'
[0.591s] Level 5:colcon.colcon_core.verb:set package 'arm_bringup' build argument 'catkin_skip_building_tests' from command line to 'False'
[0.591s] DEBUG:colcon.colcon_core.verb:Building package 'arm_bringup' with the following arguments: {'ament_cmake_args': None, 'build_base': '/home/albert/ag_arm_ws/src/build/arm_bringup', 'catkin_cmake_args': None, 'catkin_skip_building_tests': False, 'cmake_args': None, 'cmake_clean_cache': False, 'cmake_clean_first': False, 'cmake_force_configure': False, 'cmake_target': None, 'cmake_target_skip_unavailable': False, 'install_base': '/home/albert/ag_arm_ws/src/install/arm_bringup', 'merge_install': False, 'path': '/home/albert/ag_arm_ws/src/arm_bringup', 'symlink_install': False, 'test_result_base': None}
[0.591s] Level 5:colcon.colcon_core.verb:set package 'arm_controller' build argument 'cmake_args' from command line to 'None'
[0.592s] Level 5:colcon.colcon_core.verb:set package 'arm_controller' build argument 'cmake_target' from command line to 'None'
[0.592s] Level 5:colcon.colcon_core.verb:set package 'arm_controller' build argument 'cmake_target_skip_unavailable' from command line to 'False'
[0.592s] Level 5:colcon.colcon_core.verb:set package 'arm_controller' build argument 'cmake_clean_cache' from command line to 'False'
[0.592s] Level 5:colcon.colcon_core.verb:set package 'arm_controller' build argument 'cmake_clean_first' from command line to 'False'
[0.592s] Level 5:colcon.colcon_core.verb:set package 'arm_controller' build argument 'cmake_force_configure' from command line to 'False'
[0.592s] Level 5:colcon.colcon_core.verb:set package 'arm_controller' build argument 'ament_cmake_args' from command line to 'None'
[0.592s] Level 5:colcon.colcon_core.verb:set package 'arm_controller' build argument 'catkin_cmake_args' from command line to 'None'
[0.592s] Level 5:colcon.colcon_core.verb:set package 'arm_controller' build argument 'catkin_skip_building_tests' from command line to 'False'
[0.592s] DEBUG:colcon.colcon_core.verb:Building package 'arm_controller' with the following arguments: {'ament_cmake_args': None, 'build_base': '/home/albert/ag_arm_ws/src/build/arm_controller', 'catkin_cmake_args': None, 'catkin_skip_building_tests': False, 'cmake_args': None, 'cmake_clean_cache': False, 'cmake_clean_first': False, 'cmake_force_configure': False, 'cmake_target': None, 'cmake_target_skip_unavailable': False, 'install_base': '/home/albert/ag_arm_ws/src/install/arm_controller', 'merge_install': False, 'path': '/home/albert/ag_arm_ws/src/arm_controller', 'symlink_install': False, 'test_result_base': None}
[0.592s] Level 5:colcon.colcon_core.verb:set package 'arm_description' build argument 'cmake_args' from command line to 'None'
[0.592s] Level 5:colcon.colcon_core.verb:set package 'arm_description' build argument 'cmake_target' from command line to 'None'
[0.592s] Level 5:colcon.colcon_core.verb:set package 'arm_description' build argument 'cmake_target_skip_unavailable' from command line to 'False'
[0.592s] Level 5:colcon.colcon_core.verb:set package 'arm_description' build argument 'cmake_clean_cache' from command line to 'False'
[0.592s] Level 5:colcon.colcon_core.verb:set package 'arm_description' build argument 'cmake_clean_first' from command line to 'False'
[0.592s] Level 5:colcon.colcon_core.verb:set package 'arm_description' build argument 'cmake_force_configure' from command line to 'False'
[0.592s] Level 5:colcon.colcon_core.verb:set package 'arm_description' build argument 'ament_cmake_args' from command line to 'None'
[0.592s] Level 5:colcon.colcon_core.verb:set package 'arm_description' build argument 'catkin_cmake_args' from command line to 'None'
[0.592s] Level 5:colcon.colcon_core.verb:set package 'arm_description' build argument 'catkin_skip_building_tests' from command line to 'False'
[0.592s] DEBUG:colcon.colcon_core.verb:Building package 'arm_description' with the following arguments: {'ament_cmake_args': None, 'build_base': '/home/albert/ag_arm_ws/src/build/arm_description', 'catkin_cmake_args': None, 'catkin_skip_building_tests': False, 'cmake_args': None, 'cmake_clean_cache': False, 'cmake_clean_first': False, 'cmake_force_configure': False, 'cmake_target': None, 'cmake_target_skip_unavailable': False, 'install_base': '/home/albert/ag_arm_ws/src/install/arm_description', 'merge_install': False, 'path': '/home/albert/ag_arm_ws/src/arm_description', 'symlink_install': False, 'test_result_base': None}
[0.593s] Level 5:colcon.colcon_core.verb:set package 'arm_moveit' build argument 'cmake_args' from command line to 'None'
[0.593s] Level 5:colcon.colcon_core.verb:set package 'arm_moveit' build argument 'cmake_target' from command line to 'None'
[0.593s] Level 5:colcon.colcon_core.verb:set package 'arm_moveit' build argument 'cmake_target_skip_unavailable' from command line to 'False'
[0.593s] Level 5:colcon.colcon_core.verb:set package 'arm_moveit' build argument 'cmake_clean_cache' from command line to 'False'
[0.593s] Level 5:colcon.colcon_core.verb:set package 'arm_moveit' build argument 'cmake_clean_first' from command line to 'False'
[0.593s] Level 5:colcon.colcon_core.verb:set package 'arm_moveit' build argument 'cmake_force_configure' from command line to 'False'
[0.593s] Level 5:colcon.colcon_core.verb:set package 'arm_moveit' build argument 'ament_cmake_args' from command line to 'None'
[0.593s] Level 5:colcon.colcon_core.verb:set package 'arm_moveit' build argument 'catkin_cmake_args' from command line to 'None'
[0.593s] Level 5:colcon.colcon_core.verb:set package 'arm_moveit' build argument 'catkin_skip_building_tests' from command line to 'False'
[0.593s] DEBUG:colcon.colcon_core.verb:Building package 'arm_moveit' with the following arguments: {'ament_cmake_args': None, 'build_base': '/home/albert/ag_arm_ws/src/build/arm_moveit', 'catkin_cmake_args': None, 'catkin_skip_building_tests': False, 'cmake_args': None, 'cmake_clean_cache': False, 'cmake_clean_first': False, 'cmake_force_configure': False, 'cmake_target': None, 'cmake_target_skip_unavailable': False, 'install_base': '/home/albert/ag_arm_ws/src/install/arm_moveit', 'merge_install': False, 'path': '/home/albert/ag_arm_ws/src/arm_moveit', 'symlink_install': False, 'test_result_base': None}
[0.594s] Level 5:colcon.colcon_core.verb:set package 'arm_msgs' build argument 'cmake_args' from command line to 'None'
[0.594s] Level 5:colcon.colcon_core.verb:set package 'arm_msgs' build argument 'cmake_target' from command line to 'None'
[0.594s] Level 5:colcon.colcon_core.verb:set package 'arm_msgs' build argument 'cmake_target_skip_unavailable' from command line to 'False'
[0.594s] Level 5:colcon.colcon_core.verb:set package 'arm_msgs' build argument 'cmake_clean_cache' from command line to 'False'
[0.594s] Level 5:colcon.colcon_core.verb:set package 'arm_msgs' build argument 'cmake_clean_first' from command line to 'False'
[0.594s] Level 5:colcon.colcon_core.verb:set package 'arm_msgs' build argument 'cmake_force_configure' from command line to 'False'
[0.594s] Level 5:colcon.colcon_core.verb:set package 'arm_msgs' build argument 'ament_cmake_args' from command line to 'None'
[0.594s] Level 5:colcon.colcon_core.verb:set package 'arm_msgs' build argument 'catkin_cmake_args' from command line to 'None'
[0.594s] Level 5:colcon.colcon_core.verb:set package 'arm_msgs' build argument 'catkin_skip_building_tests' from command line to 'False'
[0.594s] DEBUG:colcon.colcon_core.verb:Building package 'arm_msgs' with the following arguments: {'ament_cmake_args': None, 'build_base': '/home/albert/ag_arm_ws/src/build/arm_msgs', 'catkin_cmake_args': None, 'catkin_skip_building_tests': False, 'cmake_args': None, 'cmake_clean_cache': False, 'cmake_clean_first': False, 'cmake_force_configure': False, 'cmake_target': None, 'cmake_target_skip_unavailable': False, 'install_base': '/home/albert/ag_arm_ws/src/install/arm_msgs', 'merge_install': False, 'path': '/home/albert/ag_arm_ws/src/arm_msgs', 'symlink_install': False, 'test_result_base': None}
[0.594s] Level 5:colcon.colcon_core.verb:set package 'arm_py' build argument 'cmake_args' from command line to 'None'
[0.594s] Level 5:colcon.colcon_core.verb:set package 'arm_py' build argument 'cmake_target' from command line to 'None'
[0.594s] Level 5:colcon.colcon_core.verb:set package 'arm_py' build argument 'cmake_target_skip_unavailable' from command line to 'False'
[0.594s] Level 5:colcon.colcon_core.verb:set package 'arm_py' build argument 'cmake_clean_cache' from command line to 'False'
[0.594s] Level 5:colcon.colcon_core.verb:set package 'arm_py' build argument 'cmake_clean_first' from command line to 'False'
[0.594s] Level 5:colcon.colcon_core.verb:set package 'arm_py' build argument 'cmake_force_configure' from command line to 'False'
[0.594s] Level 5:colcon.colcon_core.verb:set package 'arm_py' build argument 'ament_cmake_args' from command line to 'None'
[0.595s] Level 5:colcon.colcon_core.verb:set package 'arm_py' build argument 'catkin_cmake_args' from command line to 'None'
[0.595s] Level 5:colcon.colcon_core.verb:set package 'arm_py' build argument 'catkin_skip_building_tests' from command line to 'False'
[0.595s] DEBUG:colcon.colcon_core.verb:Building package 'arm_py' with the following arguments: {'ament_cmake_args': None, 'build_base': '/home/albert/ag_arm_ws/src/build/arm_py', 'catkin_cmake_args': None, 'catkin_skip_building_tests': False, 'cmake_args': None, 'cmake_clean_cache': False, 'cmake_clean_first': False, 'cmake_force_configure': False, 'cmake_target': None, 'cmake_target_skip_unavailable': False, 'install_base': '/home/albert/ag_arm_ws/src/install/arm_py', 'merge_install': False, 'path': '/home/albert/ag_arm_ws/src/arm_py', 'symlink_install': False, 'test_result_base': None}
[0.595s] Level 5:colcon.colcon_core.verb:set package 'arm_cpp' build argument 'cmake_args' from command line to 'None'
[0.595s] Level 5:colcon.colcon_core.verb:set package 'arm_cpp' build argument 'cmake_target' from command line to 'None'
[0.595s] Level 5:colcon.colcon_core.verb:set package 'arm_cpp' build argument 'cmake_target_skip_unavailable' from command line to 'False'
[0.595s] Level 5:colcon.colcon_core.verb:set package 'arm_cpp' build argument 'cmake_clean_cache' from command line to 'False'
[0.595s] Level 5:colcon.colcon_core.verb:set package 'arm_cpp' build argument 'cmake_clean_first' from command line to 'False'
[0.595s] Level 5:colcon.colcon_core.verb:set package 'arm_cpp' build argument 'cmake_force_configure' from command line to 'False'
[0.595s] Level 5:colcon.colcon_core.verb:set package 'arm_cpp' build argument 'ament_cmake_args' from command line to 'None'
[0.595s] Level 5:colcon.colcon_core.verb:set package 'arm_cpp' build argument 'catkin_cmake_args' from command line to 'None'
[0.595s] Level 5:colcon.colcon_core.verb:set package 'arm_cpp' build argument 'catkin_skip_building_tests' from command line to 'False'
[0.595s] DEBUG:colcon.colcon_core.verb:Building package 'arm_cpp' with the following arguments: {'ament_cmake_args': None, 'build_base': '/home/albert/ag_arm_ws/src/build/arm_cpp', 'catkin_cmake_args': None, 'catkin_skip_building_tests': False, 'cmake_args': None, 'cmake_clean_cache': False, 'cmake_clean_first': False, 'cmake_force_configure': False, 'cmake_target': None, 'cmake_target_skip_unavailable': False, 'install_base': '/home/albert/ag_arm_ws/src/install/arm_cpp', 'merge_install': False, 'path': '/home/albert/ag_arm_ws/src/arm_cpp', 'symlink_install': False, 'test_result_base': None}
[0.596s] Level 5:colcon.colcon_core.verb:set package 'arm_remote' build argument 'cmake_args' from command line to 'None'
[0.596s] Level 5:colcon.colcon_core.verb:set package 'arm_remote' build argument 'cmake_target' from command line to 'None'
[0.596s] Level 5:colcon.colcon_core.verb:set package 'arm_remote' build argument 'cmake_target_skip_unavailable' from command line to 'False'
[0.596s] Level 5:colcon.colcon_core.verb:set package 'arm_remote' build argument 'cmake_clean_cache' from command line to 'False'
[0.596s] Level 5:colcon.colcon_core.verb:set package 'arm_remote' build argument 'cmake_clean_first' from command line to 'False'
[0.596s] Level 5:colcon.colcon_core.verb:set package 'arm_remote' build argument 'cmake_force_configure' from command line to 'False'
[0.596s] Level 5:colcon.colcon_core.verb:set package 'arm_remote' build argument 'ament_cmake_args' from command line to 'None'
[0.596s] Level 5:colcon.colcon_core.verb:set package 'arm_remote' build argument 'catkin_cmake_args' from command line to 'None'
[0.596s] Level 5:colcon.colcon_core.verb:set package 'arm_remote' build argument 'catkin_skip_building_tests' from command line to 'False'
[0.596s] DEBUG:colcon.colcon_core.verb:Building package 'arm_remote' with the following arguments: {'ament_cmake_args': None, 'build_base': '/home/albert/ag_arm_ws/src/build/arm_remote', 'catkin_cmake_args': None, 'catkin_skip_building_tests': False, 'cmake_args': None, 'cmake_clean_cache': False, 'cmake_clean_first': False, 'cmake_force_configure': False, 'cmake_target': None, 'cmake_target_skip_unavailable': False, 'install_base': '/home/albert/ag_arm_ws/src/install/arm_remote', 'merge_install': False, 'path': '/home/albert/ag_arm_ws/src/arm_remote', 'symlink_install': False, 'test_result_base': None}
[0.596s] Level 5:colcon.colcon_core.verb:set package 'arm_setup_moveit' build argument 'cmake_args' from command line to 'None'
[0.596s] Level 5:colcon.colcon_core.verb:set package 'arm_setup_moveit' build argument 'cmake_target' from command line to 'None'
[0.596s] Level 5:colcon.colcon_core.verb:set package 'arm_setup_moveit' build argument 'cmake_target_skip_unavailable' from command line to 'False'
[0.596s] Level 5:colcon.colcon_core.verb:set package 'arm_setup_moveit' build argument 'cmake_clean_cache' from command line to 'False'
[0.596s] Level 5:colcon.colcon_core.verb:set package 'arm_setup_moveit' build argument 'cmake_clean_first' from command line to 'False'
[0.596s] Level 5:colcon.colcon_core.verb:set package 'arm_setup_moveit' build argument 'cmake_force_configure' from command line to 'False'
[0.596s] Level 5:colcon.colcon_core.verb:set package 'arm_setup_moveit' build argument 'ament_cmake_args' from command line to 'None'
[0.596s] Level 5:colcon.colcon_core.verb:set package 'arm_setup_moveit' build argument 'catkin_cmake_args' from command line to 'None'
[0.596s] Level 5:colcon.colcon_core.verb:set package 'arm_setup_moveit' build argument 'catkin_skip_building_tests' from command line to 'False'
[0.596s] DEBUG:colcon.colcon_core.verb:Building package 'arm_setup_moveit' with the following arguments: {'ament_cmake_args': None, 'build_base': '/home/albert/ag_arm_ws/src/build/arm_setup_moveit', 'catkin_cmake_args': None, 'catkin_skip_building_tests': False, 'cmake_args': None, 'cmake_clean_cache': False, 'cmake_clean_first': False, 'cmake_force_configure': False, 'cmake_target': None, 'cmake_target_skip_unavailable': False, 'install_base': '/home/albert/ag_arm_ws/src/install/arm_setup_moveit', 'merge_install': False, 'path': '/home/albert/ag_arm_ws/src/arm_setup_moveit', 'symlink_install': False, 'test_result_base': None}
[0.596s] INFO:colcon.colcon_core.executor:Executing jobs using 'parallel' executor
[0.598s] DEBUG:colcon.colcon_parallel_executor.executor.parallel:run_until_complete
[0.598s] INFO:colcon.colcon_ros.task.ament_cmake.build:Building ROS package in '/home/albert/ag_arm_ws/src/arm_msgs' with build type 'ament_cmake'
[0.598s] INFO:colcon.colcon_cmake.task.cmake.build:Building CMake package in '/home/albert/ag_arm_ws/src/arm_msgs'
[0.600s] INFO:colcon.colcon_core.plugin_system:Skipping extension 'colcon_core.shell.bat': Not used on non-Windows systems
[0.601s] INFO:colcon.colcon_core.shell:Skip shell extension 'powershell' for command environment: Not usable outside of PowerShell
[0.601s] DEBUG:colcon.colcon_core.shell:Skip shell extension 'dsv' for command environment
[0.618s] INFO:colcon.colcon_ros.task.ament_cmake.build:Building ROS package in '/home/albert/ag_arm_ws/src/arm_description' with build type 'ament_cmake'
[0.618s] INFO:colcon.colcon_cmake.task.cmake.build:Building CMake package in '/home/albert/ag_arm_ws/src/arm_description'
[0.618s] INFO:colcon.colcon_core.shell:Skip shell extension 'powershell' for command environment: Not usable outside of PowerShell
[0.618s] DEBUG:colcon.colcon_core.shell:Skip shell extension 'dsv' for command environment
[0.636s] INFO:colcon.colcon_ros.task.ament_cmake.build:Building ROS package in '/home/albert/ag_arm_ws/src/arm_moveit' with build type 'ament_cmake'
[0.636s] INFO:colcon.colcon_cmake.task.cmake.build:Building CMake package in '/home/albert/ag_arm_ws/src/arm_moveit'
[0.636s] INFO:colcon.colcon_core.shell:Skip shell extension 'powershell' for command environment: Not usable outside of PowerShell
[0.637s] DEBUG:colcon.colcon_core.shell:Skip shell extension 'dsv' for command environment
[0.657s] INFO:colcon.colcon_ros.task.ament_cmake.build:Building ROS package in '/home/albert/ag_arm_ws/src/arm_bringup' with build type 'ament_cmake'
[0.658s] INFO:colcon.colcon_cmake.task.cmake.build:Building CMake package in '/home/albert/ag_arm_ws/src/arm_bringup'
[0.658s] INFO:colcon.colcon_core.shell:Skip shell extension 'powershell' for command environment: Not usable outside of PowerShell
[0.659s] DEBUG:colcon.colcon_core.shell:Skip shell extension 'dsv' for command environment
[0.678s] INFO:colcon.colcon_ros.task.ament_cmake.build:Building ROS package in '/home/albert/ag_arm_ws/src/arm_controller' with build type 'ament_cmake'
[0.679s] INFO:colcon.colcon_cmake.task.cmake.build:Building CMake package in '/home/albert/ag_arm_ws/src/arm_controller'
[0.679s] INFO:colcon.colcon_core.shell:Skip shell extension 'powershell' for command environment: Not usable outside of PowerShell
[0.679s] DEBUG:colcon.colcon_core.shell:Skip shell extension 'dsv' for command environment
[0.699s] INFO:colcon.colcon_ros.task.ament_python.build:Building ROS package in '/home/albert/ag_arm_ws/src/arm_py' with build type 'ament_python'
[0.699s] Level 1:colcon.colcon_core.shell:create_environment_hook('arm_py', 'ament_prefix_path')
[0.699s] INFO:colcon.colcon_core.shell:Creating environment hook '/home/albert/ag_arm_ws/src/install/arm_py/share/arm_py/hook/ament_prefix_path.ps1'
[0.700s] INFO:colcon.colcon_core.shell:Creating environment descriptor '/home/albert/ag_arm_ws/src/install/arm_py/share/arm_py/hook/ament_prefix_path.dsv'
[0.701s] INFO:colcon.colcon_core.shell:Creating environment hook '/home/albert/ag_arm_ws/src/install/arm_py/share/arm_py/hook/ament_prefix_path.sh'
[0.702s] INFO:colcon.colcon_core.shell:Skip shell extension 'powershell' for command environment: Not usable outside of PowerShell
[0.702s] DEBUG:colcon.colcon_core.shell:Skip shell extension 'dsv' for command environment
[0.734s] DEBUG:colcon.colcon_core.event_handler.log_command:Invoking command in '/home/albert/ag_arm_ws/src/build/arm_msgs': CMAKE_PREFIX_PATH=${CMAKE_PREFIX_PATH}:/home/albert/ws_moveit2/install/moveit_configs_utils:/home/albert/ws_moveit2/install/launch_param_builder:/home/albert/umov_ws/install/arduino_py_examples:/home/albert/udem2_ws/install/actions_py:/home/albert/udem2_ws/install/lifecycle_py:/home/albert/udem2_ws/install/executors_py:/home/albert/udem2_ws/install/components_py:/home/albert/udem_ws/install/turtlesim_catcher:/home/albert/udem_ws/install/my_py_pkg:/home/albert/udem_ws/install/lifecycle_py:/home/albert/bcdc_ws/install/agbot_teleop:/home/albert/bcdc_ws/install/agbot_py:/home/albert/arduinobot_ws/install/arduinobot_py_examples:/opt/ros/humble /home/albert/.local/bin/cmake --build /home/albert/ag_arm_ws/src/build/arm_msgs -- -j8 -l8
[0.745s] DEBUG:colcon.colcon_core.event_handler.log_command:Invoking command in '/home/albert/ag_arm_ws/src/build/arm_description': CMAKE_PREFIX_PATH=${CMAKE_PREFIX_PATH}:/home/albert/ws_moveit2/install/moveit_configs_utils:/home/albert/ws_moveit2/install/launch_param_builder:/home/albert/umov_ws/install/arduino_py_examples:/home/albert/udem2_ws/install/actions_py:/home/albert/udem2_ws/install/lifecycle_py:/home/albert/udem2_ws/install/executors_py:/home/albert/udem2_ws/install/components_py:/home/albert/udem_ws/install/turtlesim_catcher:/home/albert/udem_ws/install/my_py_pkg:/home/albert/udem_ws/install/lifecycle_py:/home/albert/bcdc_ws/install/agbot_teleop:/home/albert/bcdc_ws/install/agbot_py:/home/albert/arduinobot_ws/install/arduinobot_py_examples:/opt/ros/humble /home/albert/.local/bin/cmake --build /home/albert/ag_arm_ws/src/build/arm_description -- -j8 -l8
[0.752s] DEBUG:colcon.colcon_core.event_handler.log_command:Invoking command in '/home/albert/ag_arm_ws/src/build/arm_moveit': CMAKE_PREFIX_PATH=${CMAKE_PREFIX_PATH}:/home/albert/ws_moveit2/install/moveit_configs_utils:/home/albert/ws_moveit2/install/launch_param_builder:/home/albert/umov_ws/install/arduino_py_examples:/home/albert/udem2_ws/install/actions_py:/home/albert/udem2_ws/install/lifecycle_py:/home/albert/udem2_ws/install/executors_py:/home/albert/udem2_ws/install/components_py:/home/albert/udem_ws/install/turtlesim_catcher:/home/albert/udem_ws/install/my_py_pkg:/home/albert/udem_ws/install/lifecycle_py:/home/albert/bcdc_ws/install/agbot_teleop:/home/albert/bcdc_ws/install/agbot_py:/home/albert/arduinobot_ws/install/arduinobot_py_examples:/opt/ros/humble /home/albert/.local/bin/cmake --build /home/albert/ag_arm_ws/src/build/arm_moveit -- -j8 -l8
[0.759s] DEBUG:colcon.colcon_core.event_handler.log_command:Invoking command in '/home/albert/ag_arm_ws/src/build/arm_bringup': CMAKE_PREFIX_PATH=${CMAKE_PREFIX_PATH}:/home/albert/ws_moveit2/install/moveit_configs_utils:/home/albert/ws_moveit2/install/launch_param_builder:/home/albert/umov_ws/install/arduino_py_examples:/home/albert/udem2_ws/install/actions_py:/home/albert/udem2_ws/install/lifecycle_py:/home/albert/udem2_ws/install/executors_py:/home/albert/udem2_ws/install/components_py:/home/albert/udem_ws/install/turtlesim_catcher:/home/albert/udem_ws/install/my_py_pkg:/home/albert/udem_ws/install/lifecycle_py:/home/albert/bcdc_ws/install/agbot_teleop:/home/albert/bcdc_ws/install/agbot_py:/home/albert/arduinobot_ws/install/arduinobot_py_examples:/opt/ros/humble /home/albert/.local/bin/cmake --build /home/albert/ag_arm_ws/src/build/arm_bringup -- -j8 -l8
[0.768s] DEBUG:colcon.colcon_core.event_handler.log_command:Invoking command in '/home/albert/ag_arm_ws/src/build/arm_controller': CMAKE_PREFIX_PATH=${CMAKE_PREFIX_PATH}:/home/albert/ws_moveit2/install/moveit_configs_utils:/home/albert/ws_moveit2/install/launch_param_builder:/home/albert/umov_ws/install/arduino_py_examples:/home/albert/udem2_ws/install/actions_py:/home/albert/udem2_ws/install/lifecycle_py:/home/albert/udem2_ws/install/executors_py:/home/albert/udem2_ws/install/components_py:/home/albert/udem_ws/install/turtlesim_catcher:/home/albert/udem_ws/install/my_py_pkg:/home/albert/udem_ws/install/lifecycle_py:/home/albert/bcdc_ws/install/agbot_teleop:/home/albert/bcdc_ws/install/agbot_py:/home/albert/arduinobot_ws/install/arduinobot_py_examples:/opt/ros/humble /home/albert/.local/bin/cmake --build /home/albert/ag_arm_ws/src/build/arm_controller -- -j8 -l8
[1.244s] INFO:colcon.colcon_core.task.python.build:Building Python package in '/home/albert/ag_arm_ws/src/arm_py'
[1.244s] INFO:colcon.colcon_core.shell:Skip shell extension 'powershell' for command environment: Not usable outside of PowerShell
[1.244s] DEBUG:colcon.colcon_core.shell:Skip shell extension 'dsv' for command environment
[1.265s] DEBUG:colcon.colcon_core.event_handler.log_command:Invoked command in '/home/albert/ag_arm_ws/src/build/arm_bringup' returned '0': CMAKE_PREFIX_PATH=${CMAKE_PREFIX_PATH}:/home/albert/ws_moveit2/install/moveit_configs_utils:/home/albert/ws_moveit2/install/launch_param_builder:/home/albert/umov_ws/install/arduino_py_examples:/home/albert/udem2_ws/install/actions_py:/home/albert/udem2_ws/install/lifecycle_py:/home/albert/udem2_ws/install/executors_py:/home/albert/udem2_ws/install/components_py:/home/albert/udem_ws/install/turtlesim_catcher:/home/albert/udem_ws/install/my_py_pkg:/home/albert/udem_ws/install/lifecycle_py:/home/albert/bcdc_ws/install/agbot_teleop:/home/albert/bcdc_ws/install/agbot_py:/home/albert/arduinobot_ws/install/arduinobot_py_examples:/opt/ros/humble /home/albert/.local/bin/cmake --build /home/albert/ag_arm_ws/src/build/arm_bringup -- -j8 -l8
[1.273s] DEBUG:colcon.colcon_core.event_handler.log_command:Invoking command in '/home/albert/ag_arm_ws/src/build/arm_bringup': CMAKE_PREFIX_PATH=${CMAKE_PREFIX_PATH}:/home/albert/ws_moveit2/install/moveit_configs_utils:/home/albert/ws_moveit2/install/launch_param_builder:/home/albert/umov_ws/install/arduino_py_examples:/home/albert/udem2_ws/install/actions_py:/home/albert/udem2_ws/install/lifecycle_py:/home/albert/udem2_ws/install/executors_py:/home/albert/udem2_ws/install/components_py:/home/albert/udem_ws/install/turtlesim_catcher:/home/albert/udem_ws/install/my_py_pkg:/home/albert/udem_ws/install/lifecycle_py:/home/albert/bcdc_ws/install/agbot_teleop:/home/albert/bcdc_ws/install/agbot_py:/home/albert/arduinobot_ws/install/arduinobot_py_examples:/opt/ros/humble /home/albert/.local/bin/cmake --install /home/albert/ag_arm_ws/src/build/arm_bringup
[1.273s] DEBUG:colcon.colcon_core.event_handler.log_command:Invoked command in '/home/albert/ag_arm_ws/src/build/arm_description' returned '0': CMAKE_PREFIX_PATH=${CMAKE_PREFIX_PATH}:/home/albert/ws_moveit2/install/moveit_configs_utils:/home/albert/ws_moveit2/install/launch_param_builder:/home/albert/umov_ws/install/arduino_py_examples:/home/albert/udem2_ws/install/actions_py:/home/albert/udem2_ws/install/lifecycle_py:/home/albert/udem2_ws/install/executors_py:/home/albert/udem2_ws/install/components_py:/home/albert/udem_ws/install/turtlesim_catcher:/home/albert/udem_ws/install/my_py_pkg:/home/albert/udem_ws/install/lifecycle_py:/home/albert/bcdc_ws/install/agbot_teleop:/home/albert/bcdc_ws/install/agbot_py:/home/albert/arduinobot_ws/install/arduinobot_py_examples:/opt/ros/humble /home/albert/.local/bin/cmake --build /home/albert/ag_arm_ws/src/build/arm_description -- -j8 -l8
[1.276s] DEBUG:colcon.colcon_core.event_handler.log_command:Invoking command in '/home/albert/ag_arm_ws/src/build/arm_description': CMAKE_PREFIX_PATH=${CMAKE_PREFIX_PATH}:/home/albert/ws_moveit2/install/moveit_configs_utils:/home/albert/ws_moveit2/install/launch_param_builder:/home/albert/umov_ws/install/arduino_py_examples:/home/albert/udem2_ws/install/actions_py:/home/albert/udem2_ws/install/lifecycle_py:/home/albert/udem2_ws/install/executors_py:/home/albert/udem2_ws/install/components_py:/home/albert/udem_ws/install/turtlesim_catcher:/home/albert/udem_ws/install/my_py_pkg:/home/albert/udem_ws/install/lifecycle_py:/home/albert/bcdc_ws/install/agbot_teleop:/home/albert/bcdc_ws/install/agbot_py:/home/albert/arduinobot_ws/install/arduinobot_py_examples:/opt/ros/humble /home/albert/.local/bin/cmake --install /home/albert/ag_arm_ws/src/build/arm_description
[1.277s] DEBUG:colcon.colcon_core.event_handler.log_command:Invoked command in '/home/albert/ag_arm_ws/src/build/arm_moveit' returned '0': CMAKE_PREFIX_PATH=${CMAKE_PREFIX_PATH}:/home/albert/ws_moveit2/install/moveit_configs_utils:/home/albert/ws_moveit2/install/launch_param_builder:/home/albert/umov_ws/install/arduino_py_examples:/home/albert/udem2_ws/install/actions_py:/home/albert/udem2_ws/install/lifecycle_py:/home/albert/udem2_ws/install/executors_py:/home/albert/udem2_ws/install/components_py:/home/albert/udem_ws/install/turtlesim_catcher:/home/albert/udem_ws/install/my_py_pkg:/home/albert/udem_ws/install/lifecycle_py:/home/albert/bcdc_ws/install/agbot_teleop:/home/albert/bcdc_ws/install/agbot_py:/home/albert/arduinobot_ws/install/arduinobot_py_examples:/opt/ros/humble /home/albert/.local/bin/cmake --build /home/albert/ag_arm_ws/src/build/arm_moveit -- -j8 -l8
[1.279s] DEBUG:colcon.colcon_core.event_handler.log_command:Invoking command in '/home/albert/ag_arm_ws/src/build/arm_moveit': CMAKE_PREFIX_PATH=${CMAKE_PREFIX_PATH}:/home/albert/ws_moveit2/install/moveit_configs_utils:/home/albert/ws_moveit2/install/launch_param_builder:/home/albert/umov_ws/install/arduino_py_examples:/home/albert/udem2_ws/install/actions_py:/home/albert/udem2_ws/install/lifecycle_py:/home/albert/udem2_ws/install/executors_py:/home/albert/udem2_ws/install/components_py:/home/albert/udem_ws/install/turtlesim_catcher:/home/albert/udem_ws/install/my_py_pkg:/home/albert/udem_ws/install/lifecycle_py:/home/albert/bcdc_ws/install/agbot_teleop:/home/albert/bcdc_ws/install/agbot_py:/home/albert/arduinobot_ws/install/arduinobot_py_examples:/opt/ros/humble /home/albert/.local/bin/cmake --install /home/albert/ag_arm_ws/src/build/arm_moveit
[1.283s] DEBUG:colcon.colcon_core.event_handler.log_command:Invoked command in '/home/albert/ag_arm_ws/src/build/arm_controller' returned '0': CMAKE_PREFIX_PATH=${CMAKE_PREFIX_PATH}:/home/albert/ws_moveit2/install/moveit_configs_utils:/home/albert/ws_moveit2/install/launch_param_builder:/home/albert/umov_ws/install/arduino_py_examples:/home/albert/udem2_ws/install/actions_py:/home/albert/udem2_ws/install/lifecycle_py:/home/albert/udem2_ws/install/executors_py:/home/albert/udem2_ws/install/components_py:/home/albert/udem_ws/install/turtlesim_catcher:/home/albert/udem_ws/install/my_py_pkg:/home/albert/udem_ws/install/lifecycle_py:/home/albert/bcdc_ws/install/agbot_teleop:/home/albert/bcdc_ws/install/agbot_py:/home/albert/arduinobot_ws/install/arduinobot_py_examples:/opt/ros/humble /home/albert/.local/bin/cmake --build /home/albert/ag_arm_ws/src/build/arm_controller -- -j8 -l8
[1.285s] DEBUG:colcon.colcon_core.event_handler.log_command:Invoking command in '/home/albert/ag_arm_ws/src/build/arm_controller': CMAKE_PREFIX_PATH=${CMAKE_PREFIX_PATH}:/home/albert/ws_moveit2/install/moveit_configs_utils:/home/albert/ws_moveit2/install/launch_param_builder:/home/albert/umov_ws/install/arduino_py_examples:/home/albert/udem2_ws/install/actions_py:/home/albert/udem2_ws/install/lifecycle_py:/home/albert/udem2_ws/install/executors_py:/home/albert/udem2_ws/install/components_py:/home/albert/udem_ws/install/turtlesim_catcher:/home/albert/udem_ws/install/my_py_pkg:/home/albert/udem_ws/install/lifecycle_py:/home/albert/bcdc_ws/install/agbot_teleop:/home/albert/bcdc_ws/install/agbot_py:/home/albert/arduinobot_ws/install/arduinobot_py_examples:/opt/ros/humble /home/albert/.local/bin/cmake --install /home/albert/ag_arm_ws/src/build/arm_controller
[1.292s] Level 1:colcon.colcon_core.environment:create_environment_scripts_only(arm_bringup)
[1.312s] Level 1:colcon.colcon_core.environment:checking '/home/albert/ag_arm_ws/src/install/arm_bringup' for CMake module files
[1.314s] DEBUG:colcon.colcon_core.event_handler.log_command:Invoked command in '/home/albert/ag_arm_ws/src/build/arm_bringup' returned '0': CMAKE_PREFIX_PATH=${CMAKE_PREFIX_PATH}:/home/albert/ws_moveit2/install/moveit_configs_utils:/home/albert/ws_moveit2/install/launch_param_builder:/home/albert/umov_ws/install/arduino_py_examples:/home/albert/udem2_ws/install/actions_py:/home/albert/udem2_ws/install/lifecycle_py:/home/albert/udem2_ws/install/executors_py:/home/albert/udem2_ws/install/components_py:/home/albert/udem_ws/install/turtlesim_catcher:/home/albert/udem_ws/install/my_py_pkg:/home/albert/udem_ws/install/lifecycle_py:/home/albert/bcdc_ws/install/agbot_teleop:/home/albert/bcdc_ws/install/agbot_py:/home/albert/arduinobot_ws/install/arduinobot_py_examples:/opt/ros/humble /home/albert/.local/bin/cmake --install /home/albert/ag_arm_ws/src/build/arm_bringup
[1.315s] Level 1:colcon.colcon_core.environment:checking '/home/albert/ag_arm_ws/src/install/arm_bringup' for CMake config files
[1.315s] Level 1:colcon.colcon_core.shell:create_environment_hook('arm_bringup', 'cmake_prefix_path')
[1.316s] INFO:colcon.colcon_core.shell:Creating environment hook '/home/albert/ag_arm_ws/src/install/arm_bringup/share/arm_bringup/hook/cmake_prefix_path.ps1'
[1.316s] INFO:colcon.colcon_core.shell:Creating environment descriptor '/home/albert/ag_arm_ws/src/install/arm_bringup/share/arm_bringup/hook/cmake_prefix_path.dsv'
[1.317s] INFO:colcon.colcon_core.shell:Creating environment hook '/home/albert/ag_arm_ws/src/install/arm_bringup/share/arm_bringup/hook/cmake_prefix_path.sh'
[1.317s] Level 1:colcon.colcon_core.environment:checking '/home/albert/ag_arm_ws/src/install/arm_bringup/bin'
[1.317s] Level 1:colcon.colcon_core.environment:checking '/home/albert/ag_arm_ws/src/install/arm_bringup/lib/pkgconfig/arm_bringup.pc'
[1.318s] Level 1:colcon.colcon_core.environment:checking '/home/albert/ag_arm_ws/src/install/arm_bringup/lib/python3.10/site-packages'
[1.318s] Level 1:colcon.colcon_core.environment:checking '/home/albert/ag_arm_ws/src/install/arm_bringup/bin'
[1.319s] INFO:colcon.colcon_core.shell:Creating package script '/home/albert/ag_arm_ws/src/install/arm_bringup/share/arm_bringup/package.ps1'
[1.320s] INFO:colcon.colcon_core.shell:Creating package descriptor '/home/albert/ag_arm_ws/src/install/arm_bringup/share/arm_bringup/package.dsv'
[1.321s] INFO:colcon.colcon_core.shell:Creating package script '/home/albert/ag_arm_ws/src/install/arm_bringup/share/arm_bringup/package.sh'
[1.323s] INFO:colcon.colcon_core.shell:Creating package script '/home/albert/ag_arm_ws/src/install/arm_bringup/share/arm_bringup/package.bash'
[1.324s] INFO:colcon.colcon_core.shell:Creating package script '/home/albert/ag_arm_ws/src/install/arm_bringup/share/arm_bringup/package.zsh'
[1.325s] Level 1:colcon.colcon_core.environment:create_file_with_runtime_dependencies(/home/albert/ag_arm_ws/src/install/arm_bringup/share/colcon-core/packages/arm_bringup)
[1.326s] Level 1:colcon.colcon_core.environment:create_environment_scripts_only(arm_bringup)
[1.326s] Level 1:colcon.colcon_core.environment:checking '/home/albert/ag_arm_ws/src/install/arm_bringup' for CMake module files
[1.327s] Level 1:colcon.colcon_core.environment:checking '/home/albert/ag_arm_ws/src/install/arm_bringup' for CMake config files
[1.327s] Level 1:colcon.colcon_core.shell:create_environment_hook('arm_bringup', 'cmake_prefix_path')
[1.327s] INFO:colcon.colcon_core.shell:Creating environment hook '/home/albert/ag_arm_ws/src/install/arm_bringup/share/arm_bringup/hook/cmake_prefix_path.ps1'
[1.328s] INFO:colcon.colcon_core.shell:Creating environment descriptor '/home/albert/ag_arm_ws/src/install/arm_bringup/share/arm_bringup/hook/cmake_prefix_path.dsv'
[1.328s] INFO:colcon.colcon_core.shell:Creating environment hook '/home/albert/ag_arm_ws/src/install/arm_bringup/share/arm_bringup/hook/cmake_prefix_path.sh'
[1.329s] Level 1:colcon.colcon_core.environment:checking '/home/albert/ag_arm_ws/src/install/arm_bringup/bin'
[1.329s] Level 1:colcon.colcon_core.environment:checking '/home/albert/ag_arm_ws/src/install/arm_bringup/lib/pkgconfig/arm_bringup.pc'
[1.329s] Level 1:colcon.colcon_core.environment:checking '/home/albert/ag_arm_ws/src/install/arm_bringup/lib/python3.10/site-packages'
[1.329s] Level 1:colcon.colcon_core.environment:checking '/home/albert/ag_arm_ws/src/install/arm_bringup/bin'
[1.329s] INFO:colcon.colcon_core.shell:Creating package script '/home/albert/ag_arm_ws/src/install/arm_bringup/share/arm_bringup/package.ps1'
[1.330s] INFO:colcon.colcon_core.shell:Creating package descriptor '/home/albert/ag_arm_ws/src/install/arm_bringup/share/arm_bringup/package.dsv'
[1.330s] INFO:colcon.colcon_core.shell:Creating package script '/home/albert/ag_arm_ws/src/install/arm_bringup/share/arm_bringup/package.sh'
[1.331s] INFO:colcon.colcon_core.shell:Creating package script '/home/albert/ag_arm_ws/src/install/arm_bringup/share/arm_bringup/package.bash'
[1.331s] INFO:colcon.colcon_core.shell:Creating package script '/home/albert/ag_arm_ws/src/install/arm_bringup/share/arm_bringup/package.zsh'
[1.332s] Level 1:colcon.colcon_core.environment:create_file_with_runtime_dependencies(/home/albert/ag_arm_ws/src/install/arm_bringup/share/colcon-core/packages/arm_bringup)
[1.333s] Level 1:colcon.colcon_core.environment:create_environment_scripts_only(arm_description)
[1.333s] Level 1:colcon.colcon_core.environment:checking '/home/albert/ag_arm_ws/src/install/arm_description' for CMake module files
[1.334s] DEBUG:colcon.colcon_core.event_handler.log_command:Invoked command in '/home/albert/ag_arm_ws/src/build/arm_description' returned '0': CMAKE_PREFIX_PATH=${CMAKE_PREFIX_PATH}:/home/albert/ws_moveit2/install/moveit_configs_utils:/home/albert/ws_moveit2/install/launch_param_builder:/home/albert/umov_ws/install/arduino_py_examples:/home/albert/udem2_ws/install/actions_py:/home/albert/udem2_ws/install/lifecycle_py:/home/albert/udem2_ws/install/executors_py:/home/albert/udem2_ws/install/components_py:/home/albert/udem_ws/install/turtlesim_catcher:/home/albert/udem_ws/install/my_py_pkg:/home/albert/udem_ws/install/lifecycle_py:/home/albert/bcdc_ws/install/agbot_teleop:/home/albert/bcdc_ws/install/agbot_py:/home/albert/arduinobot_ws/install/arduinobot_py_examples:/opt/ros/humble /home/albert/.local/bin/cmake --install /home/albert/ag_arm_ws/src/build/arm_description
[1.335s] Level 1:colcon.colcon_core.environment:checking '/home/albert/ag_arm_ws/src/install/arm_description' for CMake config files
[1.335s] Level 1:colcon.colcon_core.shell:create_environment_hook('arm_description', 'cmake_prefix_path')
[1.335s] INFO:colcon.colcon_core.shell:Creating environment hook '/home/albert/ag_arm_ws/src/install/arm_description/share/arm_description/hook/cmake_prefix_path.ps1'
[1.336s] INFO:colcon.colcon_core.shell:Creating environment descriptor '/home/albert/ag_arm_ws/src/install/arm_description/share/arm_description/hook/cmake_prefix_path.dsv'
[1.337s] INFO:colcon.colcon_core.shell:Creating environment hook '/home/albert/ag_arm_ws/src/install/arm_description/share/arm_description/hook/cmake_prefix_path.sh'
[1.338s] Level 1:colcon.colcon_core.environment:checking '/home/albert/ag_arm_ws/src/install/arm_description/bin'
[1.338s] Level 1:colcon.colcon_core.environment:checking '/home/albert/ag_arm_ws/src/install/arm_description/lib/pkgconfig/arm_description.pc'
[1.338s] Level 1:colcon.colcon_core.environment:checking '/home/albert/ag_arm_ws/src/install/arm_description/lib/python3.10/site-packages'
[1.339s] Level 1:colcon.colcon_core.environment:checking '/home/albert/ag_arm_ws/src/install/arm_description/bin'
[1.339s] INFO:colcon.colcon_core.shell:Creating package script '/home/albert/ag_arm_ws/src/install/arm_description/share/arm_description/package.ps1'
[1.340s] INFO:colcon.colcon_core.shell:Creating package descriptor '/home/albert/ag_arm_ws/src/install/arm_description/share/arm_description/package.dsv'
[1.341s] INFO:colcon.colcon_core.shell:Creating package script '/home/albert/ag_arm_ws/src/install/arm_description/share/arm_description/package.sh'
[1.341s] INFO:colcon.colcon_core.shell:Creating package script '/home/albert/ag_arm_ws/src/install/arm_description/share/arm_description/package.bash'
[1.342s] INFO:colcon.colcon_core.shell:Creating package script '/home/albert/ag_arm_ws/src/install/arm_description/share/arm_description/package.zsh'
[1.343s] Level 1:colcon.colcon_core.environment:create_file_with_runtime_dependencies(/home/albert/ag_arm_ws/src/install/arm_description/share/colcon-core/packages/arm_description)
[1.344s] Level 1:colcon.colcon_core.environment:create_environment_scripts_only(arm_description)
[1.344s] Level 1:colcon.colcon_core.environment:checking '/home/albert/ag_arm_ws/src/install/arm_description' for CMake module files
[1.345s] Level 1:colcon.colcon_core.environment:checking '/home/albert/ag_arm_ws/src/install/arm_description' for CMake config files
[1.345s] Level 1:colcon.colcon_core.shell:create_environment_hook('arm_description', 'cmake_prefix_path')
[1.346s] INFO:colcon.colcon_core.shell:Creating environment hook '/home/albert/ag_arm_ws/src/install/arm_description/share/arm_description/hook/cmake_prefix_path.ps1'
[1.346s] INFO:colcon.colcon_core.shell:Creating environment descriptor '/home/albert/ag_arm_ws/src/install/arm_description/share/arm_description/hook/cmake_prefix_path.dsv'
[1.347s] INFO:colcon.colcon_core.shell:Creating environment hook '/home/albert/ag_arm_ws/src/install/arm_description/share/arm_description/hook/cmake_prefix_path.sh'
[1.347s] Level 1:colcon.colcon_core.environment:checking '/home/albert/ag_arm_ws/src/install/arm_description/bin'
[1.347s] Level 1:colcon.colcon_core.environment:checking '/home/albert/ag_arm_ws/src/install/arm_description/lib/pkgconfig/arm_description.pc'
[1.348s] Level 1:colcon.colcon_core.environment:checking '/home/albert/ag_arm_ws/src/install/arm_description/lib/python3.10/site-packages'
[1.348s] Level 1:colcon.colcon_core.environment:checking '/home/albert/ag_arm_ws/src/install/arm_description/bin'
[1.349s] INFO:colcon.colcon_core.shell:Creating package script '/home/albert/ag_arm_ws/src/install/arm_description/share/arm_description/package.ps1'
[1.349s] INFO:colcon.colcon_core.shell:Creating package descriptor '/home/albert/ag_arm_ws/src/install/arm_description/share/arm_description/package.dsv'
[1.350s] INFO:colcon.colcon_core.shell:Creating package script '/home/albert/ag_arm_ws/src/install/arm_description/share/arm_description/package.sh'
[1.351s] INFO:colcon.colcon_core.shell:Creating package script '/home/albert/ag_arm_ws/src/install/arm_description/share/arm_description/package.bash'
[1.351s] INFO:colcon.colcon_core.shell:Creating package script '/home/albert/ag_arm_ws/src/install/arm_description/share/arm_description/package.zsh'
[1.352s] Level 1:colcon.colcon_core.environment:create_file_with_runtime_dependencies(/home/albert/ag_arm_ws/src/install/arm_description/share/colcon-core/packages/arm_description)
[1.353s] INFO:colcon.colcon_ros.task.ament_cmake.build:Building ROS package in '/home/albert/ag_arm_ws/src/arm_setup_moveit' with build type 'ament_cmake'
[1.353s] INFO:colcon.colcon_cmake.task.cmake.build:Building CMake package in '/home/albert/ag_arm_ws/src/arm_setup_moveit'
[1.353s] INFO:colcon.colcon_core.shell:Skip shell extension 'powershell' for command environment: Not usable outside of PowerShell
[1.354s] DEBUG:colcon.colcon_core.shell:Skip shell extension 'dsv' for command environment
[1.383s] Level 1:colcon.colcon_core.environment:create_environment_scripts_only(arm_moveit)
[1.384s] Level 1:colcon.colcon_core.environment:checking '/home/albert/ag_arm_ws/src/install/arm_moveit' for CMake module files
[1.385s] DEBUG:colcon.colcon_core.event_handler.log_command:Invoked command in '/home/albert/ag_arm_ws/src/build/arm_moveit' returned '0': CMAKE_PREFIX_PATH=${CMAKE_PREFIX_PATH}:/home/albert/ws_moveit2/install/moveit_configs_utils:/home/albert/ws_moveit2/install/launch_param_builder:/home/albert/umov_ws/install/arduino_py_examples:/home/albert/udem2_ws/install/actions_py:/home/albert/udem2_ws/install/lifecycle_py:/home/albert/udem2_ws/install/executors_py:/home/albert/udem2_ws/install/components_py:/home/albert/udem_ws/install/turtlesim_catcher:/home/albert/udem_ws/install/my_py_pkg:/home/albert/udem_ws/install/lifecycle_py:/home/albert/bcdc_ws/install/agbot_teleop:/home/albert/bcdc_ws/install/agbot_py:/home/albert/arduinobot_ws/install/arduinobot_py_examples:/opt/ros/humble /home/albert/.local/bin/cmake --install /home/albert/ag_arm_ws/src/build/arm_moveit
[1.385s] Level 1:colcon.colcon_core.environment:checking '/home/albert/ag_arm_ws/src/install/arm_moveit' for CMake config files
[1.385s] Level 1:colcon.colcon_core.shell:create_environment_hook('arm_moveit', 'cmake_prefix_path')
[1.386s] INFO:colcon.colcon_core.shell:Creating environment hook '/home/albert/ag_arm_ws/src/install/arm_moveit/share/arm_moveit/hook/cmake_prefix_path.ps1'
[1.387s] INFO:colcon.colcon_core.shell:Creating environment descriptor '/home/albert/ag_arm_ws/src/install/arm_moveit/share/arm_moveit/hook/cmake_prefix_path.dsv'
[1.387s] INFO:colcon.colcon_core.shell:Creating environment hook '/home/albert/ag_arm_ws/src/install/arm_moveit/share/arm_moveit/hook/cmake_prefix_path.sh'
[1.388s] Level 1:colcon.colcon_core.environment:checking '/home/albert/ag_arm_ws/src/install/arm_moveit/bin'
[1.388s] Level 1:colcon.colcon_core.environment:checking '/home/albert/ag_arm_ws/src/install/arm_moveit/lib/pkgconfig/arm_moveit.pc'
[1.389s] Level 1:colcon.colcon_core.environment:checking '/home/albert/ag_arm_ws/src/install/arm_moveit/lib/python3.10/site-packages'
[1.389s] Level 1:colcon.colcon_core.environment:checking '/home/albert/ag_arm_ws/src/install/arm_moveit/bin'
[1.389s] INFO:colcon.colcon_core.shell:Creating package script '/home/albert/ag_arm_ws/src/install/arm_moveit/share/arm_moveit/package.ps1'
[1.390s] INFO:colcon.colcon_core.shell:Creating package descriptor '/home/albert/ag_arm_ws/src/install/arm_moveit/share/arm_moveit/package.dsv'
[1.391s] INFO:colcon.colcon_core.shell:Creating package script '/home/albert/ag_arm_ws/src/install/arm_moveit/share/arm_moveit/package.sh'
[1.392s] INFO:colcon.colcon_core.shell:Creating package script '/home/albert/ag_arm_ws/src/install/arm_moveit/share/arm_moveit/package.bash'
[1.392s] INFO:colcon.colcon_core.shell:Creating package script '/home/albert/ag_arm_ws/src/install/arm_moveit/share/arm_moveit/package.zsh'
[1.393s] Level 1:colcon.colcon_core.environment:create_file_with_runtime_dependencies(/home/albert/ag_arm_ws/src/install/arm_moveit/share/colcon-core/packages/arm_moveit)
[1.394s] Level 1:colcon.colcon_core.environment:create_environment_scripts_only(arm_moveit)
[1.394s] Level 1:colcon.colcon_core.environment:checking '/home/albert/ag_arm_ws/src/install/arm_moveit' for CMake module files
[1.395s] Level 1:colcon.colcon_core.environment:checking '/home/albert/ag_arm_ws/src/install/arm_moveit' for CMake config files
[1.395s] Level 1:colcon.colcon_core.shell:create_environment_hook('arm_moveit', 'cmake_prefix_path')
[1.396s] INFO:colcon.colcon_core.shell:Creating environment hook '/home/albert/ag_arm_ws/src/install/arm_moveit/share/arm_moveit/hook/cmake_prefix_path.ps1'
[1.396s] INFO:colcon.colcon_core.shell:Creating environment descriptor '/home/albert/ag_arm_ws/src/install/arm_moveit/share/arm_moveit/hook/cmake_prefix_path.dsv'
[1.397s] INFO:colcon.colcon_core.shell:Creating environment hook '/home/albert/ag_arm_ws/src/install/arm_moveit/share/arm_moveit/hook/cmake_prefix_path.sh'
[1.398s] Level 1:colcon.colcon_core.environment:checking '/home/albert/ag_arm_ws/src/install/arm_moveit/bin'
[1.398s] Level 1:colcon.colcon_core.environment:checking '/home/albert/ag_arm_ws/src/install/arm_moveit/lib/pkgconfig/arm_moveit.pc'
[1.398s] Level 1:colcon.colcon_core.environment:checking '/home/albert/ag_arm_ws/src/install/arm_moveit/lib/python3.10/site-packages'
[1.399s] Level 1:colcon.colcon_core.environment:checking '/home/albert/ag_arm_ws/src/install/arm_moveit/bin'
[1.399s] INFO:colcon.colcon_core.shell:Creating package script '/home/albert/ag_arm_ws/src/install/arm_moveit/share/arm_moveit/package.ps1'
[1.400s] INFO:colcon.colcon_core.shell:Creating package descriptor '/home/albert/ag_arm_ws/src/install/arm_moveit/share/arm_moveit/package.dsv'
[1.401s] INFO:colcon.colcon_core.shell:Creating package script '/home/albert/ag_arm_ws/src/install/arm_moveit/share/arm_moveit/package.sh'
[1.401s] INFO:colcon.colcon_core.shell:Creating package script '/home/albert/ag_arm_ws/src/install/arm_moveit/share/arm_moveit/package.bash'
[1.402s] INFO:colcon.colcon_core.shell:Creating package script '/home/albert/ag_arm_ws/src/install/arm_moveit/share/arm_moveit/package.zsh'
[1.403s] Level 1:colcon.colcon_core.environment:create_file_with_runtime_dependencies(/home/albert/ag_arm_ws/src/install/arm_moveit/share/colcon-core/packages/arm_moveit)
[1.404s] Level 1:colcon.colcon_core.environment:create_environment_scripts_only(arm_controller)
[1.404s] Level 1:colcon.colcon_core.environment:checking '/home/albert/ag_arm_ws/src/install/arm_controller' for CMake module files
[1.405s] DEBUG:colcon.colcon_core.event_handler.log_command:Invoked command in '/home/albert/ag_arm_ws/src/build/arm_controller' returned '0': CMAKE_PREFIX_PATH=${CMAKE_PREFIX_PATH}:/home/albert/ws_moveit2/install/moveit_configs_utils:/home/albert/ws_moveit2/install/launch_param_builder:/home/albert/umov_ws/install/arduino_py_examples:/home/albert/udem2_ws/install/actions_py:/home/albert/udem2_ws/install/lifecycle_py:/home/albert/udem2_ws/install/executors_py:/home/albert/udem2_ws/install/components_py:/home/albert/udem_ws/install/turtlesim_catcher:/home/albert/udem_ws/install/my_py_pkg:/home/albert/udem_ws/install/lifecycle_py:/home/albert/bcdc_ws/install/agbot_teleop:/home/albert/bcdc_ws/install/agbot_py:/home/albert/arduinobot_ws/install/arduinobot_py_examples:/opt/ros/humble /home/albert/.local/bin/cmake --install /home/albert/ag_arm_ws/src/build/arm_controller
[1.406s] Level 1:colcon.colcon_core.environment:checking '/home/albert/ag_arm_ws/src/install/arm_controller' for CMake config files
[1.406s] Level 1:colcon.colcon_core.shell:create_environment_hook('arm_controller', 'cmake_prefix_path')
[1.407s] INFO:colcon.colcon_core.shell:Creating environment hook '/home/albert/ag_arm_ws/src/install/arm_controller/share/arm_controller/hook/cmake_prefix_path.ps1'
[1.407s] INFO:colcon.colcon_core.shell:Creating environment descriptor '/home/albert/ag_arm_ws/src/install/arm_controller/share/arm_controller/hook/cmake_prefix_path.dsv'
[1.408s] INFO:colcon.colcon_core.shell:Creating environment hook '/home/albert/ag_arm_ws/src/install/arm_controller/share/arm_controller/hook/cmake_prefix_path.sh'
[1.408s] Level 1:colcon.colcon_core.environment:checking '/home/albert/ag_arm_ws/src/install/arm_controller/bin'
[1.408s] Level 1:colcon.colcon_core.environment:checking '/home/albert/ag_arm_ws/src/install/arm_controller/lib/pkgconfig/arm_controller.pc'
[1.409s] Level 1:colcon.colcon_core.environment:checking '/home/albert/ag_arm_ws/src/install/arm_controller/lib/python3.10/site-packages'
[1.409s] Level 1:colcon.colcon_core.environment:checking '/home/albert/ag_arm_ws/src/install/arm_controller/bin'
[1.409s] INFO:colcon.colcon_core.shell:Creating package script '/home/albert/ag_arm_ws/src/install/arm_controller/share/arm_controller/package.ps1'
[1.410s] INFO:colcon.colcon_core.shell:Creating package descriptor '/home/albert/ag_arm_ws/src/install/arm_controller/share/arm_controller/package.dsv'
[1.410s] INFO:colcon.colcon_core.shell:Creating package script '/home/albert/ag_arm_ws/src/install/arm_controller/share/arm_controller/package.sh'
[1.410s] INFO:colcon.colcon_core.shell:Creating package script '/home/albert/ag_arm_ws/src/install/arm_controller/share/arm_controller/package.bash'
[1.411s] INFO:colcon.colcon_core.shell:Creating package script '/home/albert/ag_arm_ws/src/install/arm_controller/share/arm_controller/package.zsh'
[1.411s] Level 1:colcon.colcon_core.environment:create_file_with_runtime_dependencies(/home/albert/ag_arm_ws/src/install/arm_controller/share/colcon-core/packages/arm_controller)
[1.412s] Level 1:colcon.colcon_core.environment:create_environment_scripts_only(arm_controller)
[1.412s] Level 1:colcon.colcon_core.environment:checking '/home/albert/ag_arm_ws/src/install/arm_controller' for CMake module files
[1.413s] Level 1:colcon.colcon_core.environment:checking '/home/albert/ag_arm_ws/src/install/arm_controller' for CMake config files
[1.413s] Level 1:colcon.colcon_core.shell:create_environment_hook('arm_controller', 'cmake_prefix_path')
[1.413s] INFO:colcon.colcon_core.shell:Creating environment hook '/home/albert/ag_arm_ws/src/install/arm_controller/share/arm_controller/hook/cmake_prefix_path.ps1'
[1.414s] INFO:colcon.colcon_core.shell:Creating environment descriptor '/home/albert/ag_arm_ws/src/install/arm_controller/share/arm_controller/hook/cmake_prefix_path.dsv'
[1.414s] INFO:colcon.colcon_core.shell:Creating environment hook '/home/albert/ag_arm_ws/src/install/arm_controller/share/arm_controller/hook/cmake_prefix_path.sh'
[1.414s] Level 1:colcon.colcon_core.environment:checking '/home/albert/ag_arm_ws/src/install/arm_controller/bin'
[1.414s] Level 1:colcon.colcon_core.environment:checking '/home/albert/ag_arm_ws/src/install/arm_controller/lib/pkgconfig/arm_controller.pc'
[1.415s] Level 1:colcon.colcon_core.environment:checking '/home/albert/ag_arm_ws/src/install/arm_controller/lib/python3.10/site-packages'
[1.415s] Level 1:colcon.colcon_core.environment:checking '/home/albert/ag_arm_ws/src/install/arm_controller/bin'
[1.415s] INFO:colcon.colcon_core.shell:Creating package script '/home/albert/ag_arm_ws/src/install/arm_controller/share/arm_controller/package.ps1'
[1.416s] INFO:colcon.colcon_core.shell:Creating package descriptor '/home/albert/ag_arm_ws/src/install/arm_controller/share/arm_controller/package.dsv'
[1.416s] INFO:colcon.colcon_core.shell:Creating package script '/home/albert/ag_arm_ws/src/install/arm_controller/share/arm_controller/package.sh'
[1.417s] INFO:colcon.colcon_core.shell:Creating package script '/home/albert/ag_arm_ws/src/install/arm_controller/share/arm_controller/package.bash'
[1.417s] INFO:colcon.colcon_core.shell:Creating package script '/home/albert/ag_arm_ws/src/install/arm_controller/share/arm_controller/package.zsh'
[1.417s] Level 1:colcon.colcon_core.environment:create_file_with_runtime_dependencies(/home/albert/ag_arm_ws/src/install/arm_controller/share/colcon-core/packages/arm_controller)
[1.419s] DEBUG:colcon.colcon_core.event_handler.log_command:Invoked command in '/home/albert/ag_arm_ws/src/build/arm_msgs' returned '0': CMAKE_PREFIX_PATH=${CMAKE_PREFIX_PATH}:/home/albert/ws_moveit2/install/moveit_configs_utils:/home/albert/ws_moveit2/install/launch_param_builder:/home/albert/umov_ws/install/arduino_py_examples:/home/albert/udem2_ws/install/actions_py:/home/albert/udem2_ws/install/lifecycle_py:/home/albert/udem2_ws/install/executors_py:/home/albert/udem2_ws/install/components_py:/home/albert/udem_ws/install/turtlesim_catcher:/home/albert/udem_ws/install/my_py_pkg:/home/albert/udem_ws/install/lifecycle_py:/home/albert/bcdc_ws/install/agbot_teleop:/home/albert/bcdc_ws/install/agbot_py:/home/albert/arduinobot_ws/install/arduinobot_py_examples:/opt/ros/humble /home/albert/.local/bin/cmake --build /home/albert/ag_arm_ws/src/build/arm_msgs -- -j8 -l8
[1.421s] DEBUG:colcon.colcon_core.event_handler.log_command:Invoking command in '/home/albert/ag_arm_ws/src/build/arm_msgs': CMAKE_PREFIX_PATH=${CMAKE_PREFIX_PATH}:/home/albert/ws_moveit2/install/moveit_configs_utils:/home/albert/ws_moveit2/install/launch_param_builder:/home/albert/umov_ws/install/arduino_py_examples:/home/albert/udem2_ws/install/actions_py:/home/albert/udem2_ws/install/lifecycle_py:/home/albert/udem2_ws/install/executors_py:/home/albert/udem2_ws/install/components_py:/home/albert/udem_ws/install/turtlesim_catcher:/home/albert/udem_ws/install/my_py_pkg:/home/albert/udem_ws/install/lifecycle_py:/home/albert/bcdc_ws/install/agbot_teleop:/home/albert/bcdc_ws/install/agbot_py:/home/albert/arduinobot_ws/install/arduinobot_py_examples:/opt/ros/humble /home/albert/.local/bin/cmake --install /home/albert/ag_arm_ws/src/build/arm_msgs
[1.429s] DEBUG:colcon.colcon_core.event_handler.log_command:Invoking command in '/home/albert/ag_arm_ws/src/build/arm_setup_moveit': AMENT_PREFIX_PATH=/home/albert/ag_arm_ws/src/install/arm_description:${AMENT_PREFIX_PATH} CMAKE_PREFIX_PATH=/home/albert/ag_arm_ws/src/install/arm_description:/home/albert/umov_ws/install/arduino_bringup:/home/albert/ag_arm_ws/install/arm_setup_moveit:/home/albert/ag_arm_ws/install/arm_moveit:/home/albert/ag_arm_ws/install/arm_description:/home/albert/ag_arm_ws/install/arm_cpp:/home/albert/ag_arm_ws/install/arm_controller:/home/albert/ws_moveit2/install/pilz_industrial_motion_planner_testutils:/home/albert/ws_moveit2/install/moveit_runtime:/home/albert/ws_moveit2/install/moveit2_tutorials:/home/albert/ws_moveit2/install/moveit:/home/albert/ws_moveit2/install/moveit_planners:/home/albert/ws_moveit2/install/pilz_industrial_motion_planner:/home/albert/ws_moveit2/install/moveit_visual_tools:/home/albert/ws_moveit2/install/moveit_task_constructor_visualization:/home/albert/ws_moveit2/install/moveit_task_constructor_demo:/home/albert/ws_moveit2/install/moveit_task_constructor_capabilities:/home/albert/ws_moveit2/install/moveit_task_constructor_core:/home/albert/ws_moveit2/install/moveit_ros_control_interface:/home/albert/ws_moveit2/install/moveit_plugins:/home/albert/ws_moveit2/install/moveit_simple_controller_manager:/home/albert/ws_moveit2/install/moveit_setup_assistant:/home/albert/ws_moveit2/install/moveit_setup_srdf_plugins:/home/albert/ws_moveit2/install/moveit_setup_core_plugins:/home/albert/ws_moveit2/install/moveit_setup_controllers:/home/albert/ws_moveit2/install/moveit_setup_app_plugins:/home/albert/ws_moveit2/install/moveit_setup_framework:/home/albert/ws_moveit2/install/moveit_servo:/home/albert/ws_moveit2/install/moveit_ros:/home/albert/ws_moveit2/install/moveit_ros_visualization:/home/albert/ws_moveit2/install/moveit_hybrid_planning:/home/albert/ws_moveit2/install/moveit_ros_planning_interface:/home/albert/ws_moveit2/install/moveit_ros_benchmarks:/home/albert/ws_moveit2/install/moveit_ros_warehouse:/home/albert/ws_moveit2/install/moveit_ros_robot_interaction:/home/albert/ws_moveit2/install/moveit_ros_perception:/home/albert/ws_moveit2/install/moveit_resources_prbt_pg70_support:/home/albert/ws_moveit2/install/moveit_resources_prbt_moveit_config:/home/albert/ws_moveit2/install/moveit_ros_move_group:/home/albert/ws_moveit2/install/moveit_planners_ompl:/home/albert/ws_moveit2/install/moveit_ros_planning:/home/albert/ws_moveit2/install/moveit_ros_occupancy_map_monitor:/home/albert/ws_moveit2/install/moveit_resources_prbt_ikfast_manipulator_plugin:/home/albert/ws_moveit2/install/moveit_planners_chomp:/home/albert/ws_moveit2/install/moveit_kinematics:/home/albert/ws_moveit2/install/moveit_chomp_optimizer_adapter:/home/albert/ws_moveit2/install/chomp_motion_planner:/home/albert/ws_moveit2/install/moveit_core:/home/albert/ws_moveit2/install/srdfdom:/home/albert/ws_moveit2/install/rviz_marker_tools:/home/albert/ws_moveit2/install/rosparam_shortcuts:/home/albert/ws_moveit2/install/moveit_task_constructor_msgs:/home/albert/ws_moveit2/install/moveit_resources_prbt_support:/home/albert/ws_moveit2/install/moveit_resources:/home/albert/ws_moveit2/install/moveit_resources_pr2_description:/home/albert/ws_moveit2/install/moveit_resources_panda_moveit_config:/home/albert/ws_moveit2/install/moveit_resources_panda_description:/home/albert/ws_moveit2/install/moveit_resources_fanuc_moveit_config:/home/albert/ws_moveit2/install/moveit_resources_fanuc_description:/home/albert/ws_moveit2/install/moveit_common:/home/albert/umov_ws/install/moveitassistant:/home/albert/umov_ws/install/description:/home/albert/umov_ws/install/arduinobot_bringup:/home/albert/umov_ws/install/arduino_utils:/home/albert/umov_ws/install/arduino_remote:/home/albert/umov_ws/install/arduino_cpp_examples:/home/albert/umov_ws/install/arduino_msgs:/home/albert/umov_ws/install/arduino_moveit:/home/albert/umov_ws/install/arduino_firmware:/home/albert/umov_ws/install/arduino_controller:/home/albert/unav_ws/install/turtlebot3_fake_node:/home/albert/unav_ws/install/robot_bringup:/home/albert/unav_ws/install/nav2_robot_description:/home/albert/udem2_ws/install/robot_bringup:/home/albert/udem2_ws/install/my_robot_bringup:/home/albert/udem2_ws/install/lifecycle_cpp:/home/albert/udem2_ws/install/final_project_cpp:/home/albert/udem2_ws/install/actions_cpp:/home/albert/udem2_ws/install/robot_interfaces:/home/albert/udem2_ws/install/executors_cpp:/home/albert/udem2_ws/install/components_cpp:/home/albert/udem_ws/install/my_robot_bringup:/home/albert/udem_ws/install/my_cpp_pkg:/home/albert/udem_ws/install/my_robot_interfaces:/home/albert/udem_ws/install/my_robot_description:/home/albert/udem_ws/install/lifecycle_cpp:/home/albert/bcdc_ws/install/aggiebot_cpp:/home/albert/bcdc_ws/install/aggiebot_msgs:/home/albert/bcdc_ws/install/aggiebot_description:/home/albert/bcdc_ws/install/aggiebot_controller:/home/albert/bcdc_ws/install/aggiebot_bringup:/home/albert/bcdc_ws/install/aggiebot_arm_moveit:/home/albert/bcdc_ws/install/aggiebot_arm_description:/home/albert/bcdc_ws/install/aggiebot_arm_controller:/home/albert/bcdc_ws/install/agbot_setup_moveit:/home/albert/bcdc_ws/install/agbot_cpp:/home/albert/bcdc_ws/install/agbot_msgs:/home/albert/bcdc_ws/install/agbot_moveit:/home/albert/bcdc_ws/install/agbot_description:/home/albert/bcdc_ws/install/agbot_controller:/home/albert/bcdc_ws/install/agbot_bringup:/home/albert/bcdc_ws/install/agbot_arm_controller:/home/albert/arduinobot_ws/install/arduinobot_utils:/home/albert/arduinobot_ws/install/arduinobot_remote:/home/albert/arduinobot_ws/install/arduinobot_cpp_examples:/home/albert/arduinobot_ws/install/arduinobot_msgs:/home/albert/arduinobot_ws/install/arduinobot_moveit_setup:/home/albert/arduinobot_ws/install/arduinobot_moveit:/home/albert/arduinobot_ws/install/arduinobot_description:/home/albert/arduinobot_ws/install/arduinobot_controller:/home/albert/rad_ws/install/agbot_full_nav2:/home/albert/rad_ws/install/agbot_full_msgs:/home/albert/rad_ws/install/agbot_full_moveit_setup:/home/albert/rad_ws/install/agbot_full_moveit:/home/albert/rad_ws/install/agbot_full_description:/home/albert/rad_ws/install/agbot_full_cpp:/home/albert/rad_ws/install/agbot_full_controller:/home/albert/rad_ws/install/agbot_full_cartogropher:/home/albert/dev_ws/install/my_bot:/home/albert/ag_car_ws/install/car_nav2:/home/albert/ag_car_ws/install/car_description:/home/albert/ag_car_ws/install/car_controller:/home/albert/ag_car_ws/install/car_cartographer:/home/albert/ws_moveit2/install/moveit_configs_utils:/home/albert/ws_moveit2/install/launch_param_builder:/home/albert/umov_ws/install/arduino_py_examples:/home/albert/udem2_ws/install/actions_py:/home/albert/udem2_ws/install/lifecycle_py:/home/albert/udem2_ws/install/executors_py:/home/albert/udem2_ws/install/components_py:/home/albert/udem_ws/install/turtlesim_catcher:/home/albert/udem_ws/install/my_py_pkg:/home/albert/udem_ws/install/lifecycle_py:/home/albert/bcdc_ws/install/agbot_teleop:/home/albert/bcdc_ws/install/agbot_py:/home/albert/arduinobot_ws/install/arduinobot_py_examples:/opt/ros/humble /home/albert/.local/bin/cmake --build /home/albert/ag_arm_ws/src/build/arm_setup_moveit -- -j8 -l8
[1.461s] DEBUG:colcon.colcon_core.event_handler.log_command:Invoked command in '/home/albert/ag_arm_ws/src/build/arm_setup_moveit' returned '0': AMENT_PREFIX_PATH=/home/albert/ag_arm_ws/src/install/arm_description:${AMENT_PREFIX_PATH} CMAKE_PREFIX_PATH=/home/albert/ag_arm_ws/src/install/arm_description:/home/albert/umov_ws/install/arduino_bringup:/home/albert/ag_arm_ws/install/arm_setup_moveit:/home/albert/ag_arm_ws/install/arm_moveit:/home/albert/ag_arm_ws/install/arm_description:/home/albert/ag_arm_ws/install/arm_cpp:/home/albert/ag_arm_ws/install/arm_controller:/home/albert/ws_moveit2/install/pilz_industrial_motion_planner_testutils:/home/albert/ws_moveit2/install/moveit_runtime:/home/albert/ws_moveit2/install/moveit2_tutorials:/home/albert/ws_moveit2/install/moveit:/home/albert/ws_moveit2/install/moveit_planners:/home/albert/ws_moveit2/install/pilz_industrial_motion_planner:/home/albert/ws_moveit2/install/moveit_visual_tools:/home/albert/ws_moveit2/install/moveit_task_constructor_visualization:/home/albert/ws_moveit2/install/moveit_task_constructor_demo:/home/albert/ws_moveit2/install/moveit_task_constructor_capabilities:/home/albert/ws_moveit2/install/moveit_task_constructor_core:/home/albert/ws_moveit2/install/moveit_ros_control_interface:/home/albert/ws_moveit2/install/moveit_plugins:/home/albert/ws_moveit2/install/moveit_simple_controller_manager:/home/albert/ws_moveit2/install/moveit_setup_assistant:/home/albert/ws_moveit2/install/moveit_setup_srdf_plugins:/home/albert/ws_moveit2/install/moveit_setup_core_plugins:/home/albert/ws_moveit2/install/moveit_setup_controllers:/home/albert/ws_moveit2/install/moveit_setup_app_plugins:/home/albert/ws_moveit2/install/moveit_setup_framework:/home/albert/ws_moveit2/install/moveit_servo:/home/albert/ws_moveit2/install/moveit_ros:/home/albert/ws_moveit2/install/moveit_ros_visualization:/home/albert/ws_moveit2/install/moveit_hybrid_planning:/home/albert/ws_moveit2/install/moveit_ros_planning_interface:/home/albert/ws_moveit2/install/moveit_ros_benchmarks:/home/albert/ws_moveit2/install/moveit_ros_warehouse:/home/albert/ws_moveit2/install/moveit_ros_robot_interaction:/home/albert/ws_moveit2/install/moveit_ros_perception:/home/albert/ws_moveit2/install/moveit_resources_prbt_pg70_support:/home/albert/ws_moveit2/install/moveit_resources_prbt_moveit_config:/home/albert/ws_moveit2/install/moveit_ros_move_group:/home/albert/ws_moveit2/install/moveit_planners_ompl:/home/albert/ws_moveit2/install/moveit_ros_planning:/home/albert/ws_moveit2/install/moveit_ros_occupancy_map_monitor:/home/albert/ws_moveit2/install/moveit_resources_prbt_ikfast_manipulator_plugin:/home/albert/ws_moveit2/install/moveit_planners_chomp:/home/albert/ws_moveit2/install/moveit_kinematics:/home/albert/ws_moveit2/install/moveit_chomp_optimizer_adapter:/home/albert/ws_moveit2/install/chomp_motion_planner:/home/albert/ws_moveit2/install/moveit_core:/home/albert/ws_moveit2/install/srdfdom:/home/albert/ws_moveit2/install/rviz_marker_tools:/home/albert/ws_moveit2/install/rosparam_shortcuts:/home/albert/ws_moveit2/install/moveit_task_constructor_msgs:/home/albert/ws_moveit2/install/moveit_resources_prbt_support:/home/albert/ws_moveit2/install/moveit_resources:/home/albert/ws_moveit2/install/moveit_resources_pr2_description:/home/albert/ws_moveit2/install/moveit_resources_panda_moveit_config:/home/albert/ws_moveit2/install/moveit_resources_panda_description:/home/albert/ws_moveit2/install/moveit_resources_fanuc_moveit_config:/home/albert/ws_moveit2/install/moveit_resources_fanuc_description:/home/albert/ws_moveit2/install/moveit_common:/home/albert/umov_ws/install/moveitassistant:/home/albert/umov_ws/install/description:/home/albert/umov_ws/install/arduinobot_bringup:/home/albert/umov_ws/install/arduino_utils:/home/albert/umov_ws/install/arduino_remote:/home/albert/umov_ws/install/arduino_cpp_examples:/home/albert/umov_ws/install/arduino_msgs:/home/albert/umov_ws/install/arduino_moveit:/home/albert/umov_ws/install/arduino_firmware:/home/albert/umov_ws/install/arduino_controller:/home/albert/unav_ws/install/turtlebot3_fake_node:/home/albert/unav_ws/install/robot_bringup:/home/albert/unav_ws/install/nav2_robot_description:/home/albert/udem2_ws/install/robot_bringup:/home/albert/udem2_ws/install/my_robot_bringup:/home/albert/udem2_ws/install/lifecycle_cpp:/home/albert/udem2_ws/install/final_project_cpp:/home/albert/udem2_ws/install/actions_cpp:/home/albert/udem2_ws/install/robot_interfaces:/home/albert/udem2_ws/install/executors_cpp:/home/albert/udem2_ws/install/components_cpp:/home/albert/udem_ws/install/my_robot_bringup:/home/albert/udem_ws/install/my_cpp_pkg:/home/albert/udem_ws/install/my_robot_interfaces:/home/albert/udem_ws/install/my_robot_description:/home/albert/udem_ws/install/lifecycle_cpp:/home/albert/bcdc_ws/install/aggiebot_cpp:/home/albert/bcdc_ws/install/aggiebot_msgs:/home/albert/bcdc_ws/install/aggiebot_description:/home/albert/bcdc_ws/install/aggiebot_controller:/home/albert/bcdc_ws/install/aggiebot_bringup:/home/albert/bcdc_ws/install/aggiebot_arm_moveit:/home/albert/bcdc_ws/install/aggiebot_arm_description:/home/albert/bcdc_ws/install/aggiebot_arm_controller:/home/albert/bcdc_ws/install/agbot_setup_moveit:/home/albert/bcdc_ws/install/agbot_cpp:/home/albert/bcdc_ws/install/agbot_msgs:/home/albert/bcdc_ws/install/agbot_moveit:/home/albert/bcdc_ws/install/agbot_description:/home/albert/bcdc_ws/install/agbot_controller:/home/albert/bcdc_ws/install/agbot_bringup:/home/albert/bcdc_ws/install/agbot_arm_controller:/home/albert/arduinobot_ws/install/arduinobot_utils:/home/albert/arduinobot_ws/install/arduinobot_remote:/home/albert/arduinobot_ws/install/arduinobot_cpp_examples:/home/albert/arduinobot_ws/install/arduinobot_msgs:/home/albert/arduinobot_ws/install/arduinobot_moveit_setup:/home/albert/arduinobot_ws/install/arduinobot_moveit:/home/albert/arduinobot_ws/install/arduinobot_description:/home/albert/arduinobot_ws/install/arduinobot_controller:/home/albert/rad_ws/install/agbot_full_nav2:/home/albert/rad_ws/install/agbot_full_msgs:/home/albert/rad_ws/install/agbot_full_moveit_setup:/home/albert/rad_ws/install/agbot_full_moveit:/home/albert/rad_ws/install/agbot_full_description:/home/albert/rad_ws/install/agbot_full_cpp:/home/albert/rad_ws/install/agbot_full_controller:/home/albert/rad_ws/install/agbot_full_cartogropher:/home/albert/dev_ws/install/my_bot:/home/albert/ag_car_ws/install/car_nav2:/home/albert/ag_car_ws/install/car_description:/home/albert/ag_car_ws/install/car_controller:/home/albert/ag_car_ws/install/car_cartographer:/home/albert/ws_moveit2/install/moveit_configs_utils:/home/albert/ws_moveit2/install/launch_param_builder:/home/albert/umov_ws/install/arduino_py_examples:/home/albert/udem2_ws/install/actions_py:/home/albert/udem2_ws/install/lifecycle_py:/home/albert/udem2_ws/install/executors_py:/home/albert/udem2_ws/install/components_py:/home/albert/udem_ws/install/turtlesim_catcher:/home/albert/udem_ws/install/my_py_pkg:/home/albert/udem_ws/install/lifecycle_py:/home/albert/bcdc_ws/install/agbot_teleop:/home/albert/bcdc_ws/install/agbot_py:/home/albert/arduinobot_ws/install/arduinobot_py_examples:/opt/ros/humble /home/albert/.local/bin/cmake --build /home/albert/ag_arm_ws/src/build/arm_setup_moveit -- -j8 -l8
[1.463s] DEBUG:colcon.colcon_core.event_handler.log_command:Invoking command in '/home/albert/ag_arm_ws/src/build/arm_setup_moveit': AMENT_PREFIX_PATH=/home/albert/ag_arm_ws/src/install/arm_description:${AMENT_PREFIX_PATH} CMAKE_PREFIX_PATH=/home/albert/ag_arm_ws/src/install/arm_description:/home/albert/umov_ws/install/arduino_bringup:/home/albert/ag_arm_ws/install/arm_setup_moveit:/home/albert/ag_arm_ws/install/arm_moveit:/home/albert/ag_arm_ws/install/arm_description:/home/albert/ag_arm_ws/install/arm_cpp:/home/albert/ag_arm_ws/install/arm_controller:/home/albert/ws_moveit2/install/pilz_industrial_motion_planner_testutils:/home/albert/ws_moveit2/install/moveit_runtime:/home/albert/ws_moveit2/install/moveit2_tutorials:/home/albert/ws_moveit2/install/moveit:/home/albert/ws_moveit2/install/moveit_planners:/home/albert/ws_moveit2/install/pilz_industrial_motion_planner:/home/albert/ws_moveit2/install/moveit_visual_tools:/home/albert/ws_moveit2/install/moveit_task_constructor_visualization:/home/albert/ws_moveit2/install/moveit_task_constructor_demo:/home/albert/ws_moveit2/install/moveit_task_constructor_capabilities:/home/albert/ws_moveit2/install/moveit_task_constructor_core:/home/albert/ws_moveit2/install/moveit_ros_control_interface:/home/albert/ws_moveit2/install/moveit_plugins:/home/albert/ws_moveit2/install/moveit_simple_controller_manager:/home/albert/ws_moveit2/install/moveit_setup_assistant:/home/albert/ws_moveit2/install/moveit_setup_srdf_plugins:/home/albert/ws_moveit2/install/moveit_setup_core_plugins:/home/albert/ws_moveit2/install/moveit_setup_controllers:/home/albert/ws_moveit2/install/moveit_setup_app_plugins:/home/albert/ws_moveit2/install/moveit_setup_framework:/home/albert/ws_moveit2/install/moveit_servo:/home/albert/ws_moveit2/install/moveit_ros:/home/albert/ws_moveit2/install/moveit_ros_visualization:/home/albert/ws_moveit2/install/moveit_hybrid_planning:/home/albert/ws_moveit2/install/moveit_ros_planning_interface:/home/albert/ws_moveit2/install/moveit_ros_benchmarks:/home/albert/ws_moveit2/install/moveit_ros_warehouse:/home/albert/ws_moveit2/install/moveit_ros_robot_interaction:/home/albert/ws_moveit2/install/moveit_ros_perception:/home/albert/ws_moveit2/install/moveit_resources_prbt_pg70_support:/home/albert/ws_moveit2/install/moveit_resources_prbt_moveit_config:/home/albert/ws_moveit2/install/moveit_ros_move_group:/home/albert/ws_moveit2/install/moveit_planners_ompl:/home/albert/ws_moveit2/install/moveit_ros_planning:/home/albert/ws_moveit2/install/moveit_ros_occupancy_map_monitor:/home/albert/ws_moveit2/install/moveit_resources_prbt_ikfast_manipulator_plugin:/home/albert/ws_moveit2/install/moveit_planners_chomp:/home/albert/ws_moveit2/install/moveit_kinematics:/home/albert/ws_moveit2/install/moveit_chomp_optimizer_adapter:/home/albert/ws_moveit2/install/chomp_motion_planner:/home/albert/ws_moveit2/install/moveit_core:/home/albert/ws_moveit2/install/srdfdom:/home/albert/ws_moveit2/install/rviz_marker_tools:/home/albert/ws_moveit2/install/rosparam_shortcuts:/home/albert/ws_moveit2/install/moveit_task_constructor_msgs:/home/albert/ws_moveit2/install/moveit_resources_prbt_support:/home/albert/ws_moveit2/install/moveit_resources:/home/albert/ws_moveit2/install/moveit_resources_pr2_description:/home/albert/ws_moveit2/install/moveit_resources_panda_moveit_config:/home/albert/ws_moveit2/install/moveit_resources_panda_description:/home/albert/ws_moveit2/install/moveit_resources_fanuc_moveit_config:/home/albert/ws_moveit2/install/moveit_resources_fanuc_description:/home/albert/ws_moveit2/install/moveit_common:/home/albert/umov_ws/install/moveitassistant:/home/albert/umov_ws/install/description:/home/albert/umov_ws/install/arduinobot_bringup:/home/albert/umov_ws/install/arduino_utils:/home/albert/umov_ws/install/arduino_remote:/home/albert/umov_ws/install/arduino_cpp_examples:/home/albert/umov_ws/install/arduino_msgs:/home/albert/umov_ws/install/arduino_moveit:/home/albert/umov_ws/install/arduino_firmware:/home/albert/umov_ws/install/arduino_controller:/home/albert/unav_ws/install/turtlebot3_fake_node:/home/albert/unav_ws/install/robot_bringup:/home/albert/unav_ws/install/nav2_robot_description:/home/albert/udem2_ws/install/robot_bringup:/home/albert/udem2_ws/install/my_robot_bringup:/home/albert/udem2_ws/install/lifecycle_cpp:/home/albert/udem2_ws/install/final_project_cpp:/home/albert/udem2_ws/install/actions_cpp:/home/albert/udem2_ws/install/robot_interfaces:/home/albert/udem2_ws/install/executors_cpp:/home/albert/udem2_ws/install/components_cpp:/home/albert/udem_ws/install/my_robot_bringup:/home/albert/udem_ws/install/my_cpp_pkg:/home/albert/udem_ws/install/my_robot_interfaces:/home/albert/udem_ws/install/my_robot_description:/home/albert/udem_ws/install/lifecycle_cpp:/home/albert/bcdc_ws/install/aggiebot_cpp:/home/albert/bcdc_ws/install/aggiebot_msgs:/home/albert/bcdc_ws/install/aggiebot_description:/home/albert/bcdc_ws/install/aggiebot_controller:/home/albert/bcdc_ws/install/aggiebot_bringup:/home/albert/bcdc_ws/install/aggiebot_arm_moveit:/home/albert/bcdc_ws/install/aggiebot_arm_description:/home/albert/bcdc_ws/install/aggiebot_arm_controller:/home/albert/bcdc_ws/install/agbot_setup_moveit:/home/albert/bcdc_ws/install/agbot_cpp:/home/albert/bcdc_ws/install/agbot_msgs:/home/albert/bcdc_ws/install/agbot_moveit:/home/albert/bcdc_ws/install/agbot_description:/home/albert/bcdc_ws/install/agbot_controller:/home/albert/bcdc_ws/install/agbot_bringup:/home/albert/bcdc_ws/install/agbot_arm_controller:/home/albert/arduinobot_ws/install/arduinobot_utils:/home/albert/arduinobot_ws/install/arduinobot_remote:/home/albert/arduinobot_ws/install/arduinobot_cpp_examples:/home/albert/arduinobot_ws/install/arduinobot_msgs:/home/albert/arduinobot_ws/install/arduinobot_moveit_setup:/home/albert/arduinobot_ws/install/arduinobot_moveit:/home/albert/arduinobot_ws/install/arduinobot_description:/home/albert/arduinobot_ws/install/arduinobot_controller:/home/albert/rad_ws/install/agbot_full_nav2:/home/albert/rad_ws/install/agbot_full_msgs:/home/albert/rad_ws/install/agbot_full_moveit_setup:/home/albert/rad_ws/install/agbot_full_moveit:/home/albert/rad_ws/install/agbot_full_description:/home/albert/rad_ws/install/agbot_full_cpp:/home/albert/rad_ws/install/agbot_full_controller:/home/albert/rad_ws/install/agbot_full_cartogropher:/home/albert/dev_ws/install/my_bot:/home/albert/ag_car_ws/install/car_nav2:/home/albert/ag_car_ws/install/car_description:/home/albert/ag_car_ws/install/car_controller:/home/albert/ag_car_ws/install/car_cartographer:/home/albert/ws_moveit2/install/moveit_configs_utils:/home/albert/ws_moveit2/install/launch_param_builder:/home/albert/umov_ws/install/arduino_py_examples:/home/albert/udem2_ws/install/actions_py:/home/albert/udem2_ws/install/lifecycle_py:/home/albert/udem2_ws/install/executors_py:/home/albert/udem2_ws/install/components_py:/home/albert/udem_ws/install/turtlesim_catcher:/home/albert/udem_ws/install/my_py_pkg:/home/albert/udem_ws/install/lifecycle_py:/home/albert/bcdc_ws/install/agbot_teleop:/home/albert/bcdc_ws/install/agbot_py:/home/albert/arduinobot_ws/install/arduinobot_py_examples:/opt/ros/humble /home/albert/.local/bin/cmake --install /home/albert/ag_arm_ws/src/build/arm_setup_moveit
[1.472s] Level 1:colcon.colcon_core.environment:create_environment_scripts_only(arm_setup_moveit)
[1.472s] Level 1:colcon.colcon_core.environment:checking '/home/albert/ag_arm_ws/src/install/arm_setup_moveit' for CMake module files
[1.474s] Level 1:colcon.colcon_core.environment:checking '/home/albert/ag_arm_ws/src/install/arm_setup_moveit' for CMake config files
[1.475s] Level 1:colcon.colcon_core.shell:create_environment_hook('arm_setup_moveit', 'cmake_prefix_path')
[1.475s] INFO:colcon.colcon_core.shell:Creating environment hook '/home/albert/ag_arm_ws/src/install/arm_setup_moveit/share/arm_setup_moveit/hook/cmake_prefix_path.ps1'
[1.476s] INFO:colcon.colcon_core.shell:Creating environment descriptor '/home/albert/ag_arm_ws/src/install/arm_setup_moveit/share/arm_setup_moveit/hook/cmake_prefix_path.dsv'
[1.477s] DEBUG:colcon.colcon_core.event_handler.log_command:Invoked command in '/home/albert/ag_arm_ws/src/build/arm_setup_moveit' returned '0': AMENT_PREFIX_PATH=/home/albert/ag_arm_ws/src/install/arm_description:${AMENT_PREFIX_PATH} CMAKE_PREFIX_PATH=/home/albert/ag_arm_ws/src/install/arm_description:/home/albert/umov_ws/install/arduino_bringup:/home/albert/ag_arm_ws/install/arm_setup_moveit:/home/albert/ag_arm_ws/install/arm_moveit:/home/albert/ag_arm_ws/install/arm_description:/home/albert/ag_arm_ws/install/arm_cpp:/home/albert/ag_arm_ws/install/arm_controller:/home/albert/ws_moveit2/install/pilz_industrial_motion_planner_testutils:/home/albert/ws_moveit2/install/moveit_runtime:/home/albert/ws_moveit2/install/moveit2_tutorials:/home/albert/ws_moveit2/install/moveit:/home/albert/ws_moveit2/install/moveit_planners:/home/albert/ws_moveit2/install/pilz_industrial_motion_planner:/home/albert/ws_moveit2/install/moveit_visual_tools:/home/albert/ws_moveit2/install/moveit_task_constructor_visualization:/home/albert/ws_moveit2/install/moveit_task_constructor_demo:/home/albert/ws_moveit2/install/moveit_task_constructor_capabilities:/home/albert/ws_moveit2/install/moveit_task_constructor_core:/home/albert/ws_moveit2/install/moveit_ros_control_interface:/home/albert/ws_moveit2/install/moveit_plugins:/home/albert/ws_moveit2/install/moveit_simple_controller_manager:/home/albert/ws_moveit2/install/moveit_setup_assistant:/home/albert/ws_moveit2/install/moveit_setup_srdf_plugins:/home/albert/ws_moveit2/install/moveit_setup_core_plugins:/home/albert/ws_moveit2/install/moveit_setup_controllers:/home/albert/ws_moveit2/install/moveit_setup_app_plugins:/home/albert/ws_moveit2/install/moveit_setup_framework:/home/albert/ws_moveit2/install/moveit_servo:/home/albert/ws_moveit2/install/moveit_ros:/home/albert/ws_moveit2/install/moveit_ros_visualization:/home/albert/ws_moveit2/install/moveit_hybrid_planning:/home/albert/ws_moveit2/install/moveit_ros_planning_interface:/home/albert/ws_moveit2/install/moveit_ros_benchmarks:/home/albert/ws_moveit2/install/moveit_ros_warehouse:/home/albert/ws_moveit2/install/moveit_ros_robot_interaction:/home/albert/ws_moveit2/install/moveit_ros_perception:/home/albert/ws_moveit2/install/moveit_resources_prbt_pg70_support:/home/albert/ws_moveit2/install/moveit_resources_prbt_moveit_config:/home/albert/ws_moveit2/install/moveit_ros_move_group:/home/albert/ws_moveit2/install/moveit_planners_ompl:/home/albert/ws_moveit2/install/moveit_ros_planning:/home/albert/ws_moveit2/install/moveit_ros_occupancy_map_monitor:/home/albert/ws_moveit2/install/moveit_resources_prbt_ikfast_manipulator_plugin:/home/albert/ws_moveit2/install/moveit_planners_chomp:/home/albert/ws_moveit2/install/moveit_kinematics:/home/albert/ws_moveit2/install/moveit_chomp_optimizer_adapter:/home/albert/ws_moveit2/install/chomp_motion_planner:/home/albert/ws_moveit2/install/moveit_core:/home/albert/ws_moveit2/install/srdfdom:/home/albert/ws_moveit2/install/rviz_marker_tools:/home/albert/ws_moveit2/install/rosparam_shortcuts:/home/albert/ws_moveit2/install/moveit_task_constructor_msgs:/home/albert/ws_moveit2/install/moveit_resources_prbt_support:/home/albert/ws_moveit2/install/moveit_resources:/home/albert/ws_moveit2/install/moveit_resources_pr2_description:/home/albert/ws_moveit2/install/moveit_resources_panda_moveit_config:/home/albert/ws_moveit2/install/moveit_resources_panda_description:/home/albert/ws_moveit2/install/moveit_resources_fanuc_moveit_config:/home/albert/ws_moveit2/install/moveit_resources_fanuc_description:/home/albert/ws_moveit2/install/moveit_common:/home/albert/umov_ws/install/moveitassistant:/home/albert/umov_ws/install/description:/home/albert/umov_ws/install/arduinobot_bringup:/home/albert/umov_ws/install/arduino_utils:/home/albert/umov_ws/install/arduino_remote:/home/albert/umov_ws/install/arduino_cpp_examples:/home/albert/umov_ws/install/arduino_msgs:/home/albert/umov_ws/install/arduino_moveit:/home/albert/umov_ws/install/arduino_firmware:/home/albert/umov_ws/install/arduino_controller:/home/albert/unav_ws/install/turtlebot3_fake_node:/home/albert/unav_ws/install/robot_bringup:/home/albert/unav_ws/install/nav2_robot_description:/home/albert/udem2_ws/install/robot_bringup:/home/albert/udem2_ws/install/my_robot_bringup:/home/albert/udem2_ws/install/lifecycle_cpp:/home/albert/udem2_ws/install/final_project_cpp:/home/albert/udem2_ws/install/actions_cpp:/home/albert/udem2_ws/install/robot_interfaces:/home/albert/udem2_ws/install/executors_cpp:/home/albert/udem2_ws/install/components_cpp:/home/albert/udem_ws/install/my_robot_bringup:/home/albert/udem_ws/install/my_cpp_pkg:/home/albert/udem_ws/install/my_robot_interfaces:/home/albert/udem_ws/install/my_robot_description:/home/albert/udem_ws/install/lifecycle_cpp:/home/albert/bcdc_ws/install/aggiebot_cpp:/home/albert/bcdc_ws/install/aggiebot_msgs:/home/albert/bcdc_ws/install/aggiebot_description:/home/albert/bcdc_ws/install/aggiebot_controller:/home/albert/bcdc_ws/install/aggiebot_bringup:/home/albert/bcdc_ws/install/aggiebot_arm_moveit:/home/albert/bcdc_ws/install/aggiebot_arm_description:/home/albert/bcdc_ws/install/aggiebot_arm_controller:/home/albert/bcdc_ws/install/agbot_setup_moveit:/home/albert/bcdc_ws/install/agbot_cpp:/home/albert/bcdc_ws/install/agbot_msgs:/home/albert/bcdc_ws/install/agbot_moveit:/home/albert/bcdc_ws/install/agbot_description:/home/albert/bcdc_ws/install/agbot_controller:/home/albert/bcdc_ws/install/agbot_bringup:/home/albert/bcdc_ws/install/agbot_arm_controller:/home/albert/arduinobot_ws/install/arduinobot_utils:/home/albert/arduinobot_ws/install/arduinobot_remote:/home/albert/arduinobot_ws/install/arduinobot_cpp_examples:/home/albert/arduinobot_ws/install/arduinobot_msgs:/home/albert/arduinobot_ws/install/arduinobot_moveit_setup:/home/albert/arduinobot_ws/install/arduinobot_moveit:/home/albert/arduinobot_ws/install/arduinobot_description:/home/albert/arduinobot_ws/install/arduinobot_controller:/home/albert/rad_ws/install/agbot_full_nav2:/home/albert/rad_ws/install/agbot_full_msgs:/home/albert/rad_ws/install/agbot_full_moveit_setup:/home/albert/rad_ws/install/agbot_full_moveit:/home/albert/rad_ws/install/agbot_full_description:/home/albert/rad_ws/install/agbot_full_cpp:/home/albert/rad_ws/install/agbot_full_controller:/home/albert/rad_ws/install/agbot_full_cartogropher:/home/albert/dev_ws/install/my_bot:/home/albert/ag_car_ws/install/car_nav2:/home/albert/ag_car_ws/install/car_description:/home/albert/ag_car_ws/install/car_controller:/home/albert/ag_car_ws/install/car_cartographer:/home/albert/ws_moveit2/install/moveit_configs_utils:/home/albert/ws_moveit2/install/launch_param_builder:/home/albert/umov_ws/install/arduino_py_examples:/home/albert/udem2_ws/install/actions_py:/home/albert/udem2_ws/install/lifecycle_py:/home/albert/udem2_ws/install/executors_py:/home/albert/udem2_ws/install/components_py:/home/albert/udem_ws/install/turtlesim_catcher:/home/albert/udem_ws/install/my_py_pkg:/home/albert/udem_ws/install/lifecycle_py:/home/albert/bcdc_ws/install/agbot_teleop:/home/albert/bcdc_ws/install/agbot_py:/home/albert/arduinobot_ws/install/arduinobot_py_examples:/opt/ros/humble /home/albert/.local/bin/cmake --install /home/albert/ag_arm_ws/src/build/arm_setup_moveit
[1.477s] INFO:colcon.colcon_core.shell:Creating environment hook '/home/albert/ag_arm_ws/src/install/arm_setup_moveit/share/arm_setup_moveit/hook/cmake_prefix_path.sh'
[1.478s] Level 1:colcon.colcon_core.environment:checking '/home/albert/ag_arm_ws/src/install/arm_setup_moveit/bin'
[1.478s] Level 1:colcon.colcon_core.environment:checking '/home/albert/ag_arm_ws/src/install/arm_setup_moveit/lib/pkgconfig/arm_setup_moveit.pc'
[1.478s] Level 1:colcon.colcon_core.environment:checking '/home/albert/ag_arm_ws/src/install/arm_setup_moveit/lib/python3.10/site-packages'
[1.478s] Level 1:colcon.colcon_core.environment:checking '/home/albert/ag_arm_ws/src/install/arm_setup_moveit/bin'
[1.479s] INFO:colcon.colcon_core.shell:Creating package script '/home/albert/ag_arm_ws/src/install/arm_setup_moveit/share/arm_setup_moveit/package.ps1'
[1.479s] INFO:colcon.colcon_core.shell:Creating package descriptor '/home/albert/ag_arm_ws/src/install/arm_setup_moveit/share/arm_setup_moveit/package.dsv'
[1.480s] INFO:colcon.colcon_core.shell:Creating package script '/home/albert/ag_arm_ws/src/install/arm_setup_moveit/share/arm_setup_moveit/package.sh'
[1.480s] INFO:colcon.colcon_core.shell:Creating package script '/home/albert/ag_arm_ws/src/install/arm_setup_moveit/share/arm_setup_moveit/package.bash'
[1.481s] INFO:colcon.colcon_core.shell:Creating package script '/home/albert/ag_arm_ws/src/install/arm_setup_moveit/share/arm_setup_moveit/package.zsh'
[1.481s] Level 1:colcon.colcon_core.environment:create_file_with_runtime_dependencies(/home/albert/ag_arm_ws/src/install/arm_setup_moveit/share/colcon-core/packages/arm_setup_moveit)
[1.482s] Level 1:colcon.colcon_core.environment:create_environment_scripts_only(arm_setup_moveit)
[1.482s] Level 1:colcon.colcon_core.environment:checking '/home/albert/ag_arm_ws/src/install/arm_setup_moveit' for CMake module files
[1.482s] Level 1:colcon.colcon_core.environment:checking '/home/albert/ag_arm_ws/src/install/arm_setup_moveit' for CMake config files
[1.482s] Level 1:colcon.colcon_core.shell:create_environment_hook('arm_setup_moveit', 'cmake_prefix_path')
[1.483s] INFO:colcon.colcon_core.shell:Creating environment hook '/home/albert/ag_arm_ws/src/install/arm_setup_moveit/share/arm_setup_moveit/hook/cmake_prefix_path.ps1'
[1.483s] INFO:colcon.colcon_core.shell:Creating environment descriptor '/home/albert/ag_arm_ws/src/install/arm_setup_moveit/share/arm_setup_moveit/hook/cmake_prefix_path.dsv'
[1.483s] INFO:colcon.colcon_core.shell:Creating environment hook '/home/albert/ag_arm_ws/src/install/arm_setup_moveit/share/arm_setup_moveit/hook/cmake_prefix_path.sh'
[1.484s] Level 1:colcon.colcon_core.environment:checking '/home/albert/ag_arm_ws/src/install/arm_setup_moveit/bin'
[1.484s] Level 1:colcon.colcon_core.environment:checking '/home/albert/ag_arm_ws/src/install/arm_setup_moveit/lib/pkgconfig/arm_setup_moveit.pc'
[1.484s] Level 1:colcon.colcon_core.environment:checking '/home/albert/ag_arm_ws/src/install/arm_setup_moveit/lib/python3.10/site-packages'
[1.484s] Level 1:colcon.colcon_core.environment:checking '/home/albert/ag_arm_ws/src/install/arm_setup_moveit/bin'
[1.485s] INFO:colcon.colcon_core.shell:Creating package script '/home/albert/ag_arm_ws/src/install/arm_setup_moveit/share/arm_setup_moveit/package.ps1'
[1.485s] INFO:colcon.colcon_core.shell:Creating package descriptor '/home/albert/ag_arm_ws/src/install/arm_setup_moveit/share/arm_setup_moveit/package.dsv'
[1.486s] INFO:colcon.colcon_core.shell:Creating package script '/home/albert/ag_arm_ws/src/install/arm_setup_moveit/share/arm_setup_moveit/package.sh'
[1.487s] INFO:colcon.colcon_core.shell:Creating package script '/home/albert/ag_arm_ws/src/install/arm_setup_moveit/share/arm_setup_moveit/package.bash'
[1.488s] INFO:colcon.colcon_core.shell:Creating package script '/home/albert/ag_arm_ws/src/install/arm_setup_moveit/share/arm_setup_moveit/package.zsh'
[1.488s] Level 1:colcon.colcon_core.environment:create_file_with_runtime_dependencies(/home/albert/ag_arm_ws/src/install/arm_setup_moveit/share/colcon-core/packages/arm_setup_moveit)
[1.529s] Level 1:colcon.colcon_core.environment:create_environment_scripts_only(arm_msgs)
[1.530s] Level 1:colcon.colcon_core.environment:checking '/home/albert/ag_arm_ws/src/install/arm_msgs' for CMake module files
[1.531s] Level 1:colcon.colcon_core.environment:checking '/home/albert/ag_arm_ws/src/install/arm_msgs' for CMake config files
[1.533s] DEBUG:colcon.colcon_core.event_handler.log_command:Invoked command in '/home/albert/ag_arm_ws/src/build/arm_msgs' returned '0': CMAKE_PREFIX_PATH=${CMAKE_PREFIX_PATH}:/home/albert/ws_moveit2/install/moveit_configs_utils:/home/albert/ws_moveit2/install/launch_param_builder:/home/albert/umov_ws/install/arduino_py_examples:/home/albert/udem2_ws/install/actions_py:/home/albert/udem2_ws/install/lifecycle_py:/home/albert/udem2_ws/install/executors_py:/home/albert/udem2_ws/install/components_py:/home/albert/udem_ws/install/turtlesim_catcher:/home/albert/udem_ws/install/my_py_pkg:/home/albert/udem_ws/install/lifecycle_py:/home/albert/bcdc_ws/install/agbot_teleop:/home/albert/bcdc_ws/install/agbot_py:/home/albert/arduinobot_ws/install/arduinobot_py_examples:/opt/ros/humble /home/albert/.local/bin/cmake --install /home/albert/ag_arm_ws/src/build/arm_msgs
[1.533s] Level 1:colcon.colcon_core.shell:create_environment_hook('arm_msgs', 'cmake_prefix_path')
[1.533s] INFO:colcon.colcon_core.shell:Creating environment hook '/home/albert/ag_arm_ws/src/install/arm_msgs/share/arm_msgs/hook/cmake_prefix_path.ps1'
[1.534s] INFO:colcon.colcon_core.shell:Creating environment descriptor '/home/albert/ag_arm_ws/src/install/arm_msgs/share/arm_msgs/hook/cmake_prefix_path.dsv'
[1.534s] INFO:colcon.colcon_core.shell:Creating environment hook '/home/albert/ag_arm_ws/src/install/arm_msgs/share/arm_msgs/hook/cmake_prefix_path.sh'
[1.535s] Level 1:colcon.colcon_core.environment:checking '/home/albert/ag_arm_ws/src/install/arm_msgs/lib'
[1.535s] Level 1:colcon.colcon_core.shell:create_environment_hook('arm_msgs', 'ld_library_path_lib')
[1.535s] INFO:colcon.colcon_core.shell:Creating environment hook '/home/albert/ag_arm_ws/src/install/arm_msgs/share/arm_msgs/hook/ld_library_path_lib.ps1'
[1.536s] INFO:colcon.colcon_core.shell:Creating environment descriptor '/home/albert/ag_arm_ws/src/install/arm_msgs/share/arm_msgs/hook/ld_library_path_lib.dsv'
[1.536s] INFO:colcon.colcon_core.shell:Creating environment hook '/home/albert/ag_arm_ws/src/install/arm_msgs/share/arm_msgs/hook/ld_library_path_lib.sh'
[1.536s] Level 1:colcon.colcon_core.environment:checking '/home/albert/ag_arm_ws/src/install/arm_msgs/bin'
[1.536s] Level 1:colcon.colcon_core.environment:checking '/home/albert/ag_arm_ws/src/install/arm_msgs/lib/pkgconfig/arm_msgs.pc'
[1.537s] Level 1:colcon.colcon_core.environment:checking '/home/albert/ag_arm_ws/src/install/arm_msgs/lib/python3.10/site-packages'
[1.537s] Level 1:colcon.colcon_core.environment:checking '/home/albert/ag_arm_ws/src/install/arm_msgs/bin'
[1.538s] INFO:colcon.colcon_core.shell:Creating package script '/home/albert/ag_arm_ws/src/install/arm_msgs/share/arm_msgs/package.ps1'
[1.538s] INFO:colcon.colcon_core.shell:Creating package descriptor '/home/albert/ag_arm_ws/src/install/arm_msgs/share/arm_msgs/package.dsv'
[1.539s] INFO:colcon.colcon_core.shell:Creating package script '/home/albert/ag_arm_ws/src/install/arm_msgs/share/arm_msgs/package.sh'
[1.539s] INFO:colcon.colcon_core.shell:Creating package script '/home/albert/ag_arm_ws/src/install/arm_msgs/share/arm_msgs/package.bash'
[1.540s] INFO:colcon.colcon_core.shell:Creating package script '/home/albert/ag_arm_ws/src/install/arm_msgs/share/arm_msgs/package.zsh'
[1.540s] Level 1:colcon.colcon_core.environment:create_file_with_runtime_dependencies(/home/albert/ag_arm_ws/src/install/arm_msgs/share/colcon-core/packages/arm_msgs)
[1.541s] Level 1:colcon.colcon_core.environment:create_environment_scripts_only(arm_msgs)
[1.541s] Level 1:colcon.colcon_core.environment:checking '/home/albert/ag_arm_ws/src/install/arm_msgs' for CMake module files
[1.542s] Level 1:colcon.colcon_core.environment:checking '/home/albert/ag_arm_ws/src/install/arm_msgs' for CMake config files
[1.543s] Level 1:colcon.colcon_core.shell:create_environment_hook('arm_msgs', 'cmake_prefix_path')
[1.543s] INFO:colcon.colcon_core.shell:Creating environment hook '/home/albert/ag_arm_ws/src/install/arm_msgs/share/arm_msgs/hook/cmake_prefix_path.ps1'
[1.544s] INFO:colcon.colcon_core.shell:Creating environment descriptor '/home/albert/ag_arm_ws/src/install/arm_msgs/share/arm_msgs/hook/cmake_prefix_path.dsv'
[1.544s] INFO:colcon.colcon_core.shell:Creating environment hook '/home/albert/ag_arm_ws/src/install/arm_msgs/share/arm_msgs/hook/cmake_prefix_path.sh'
[1.545s] Level 1:colcon.colcon_core.environment:checking '/home/albert/ag_arm_ws/src/install/arm_msgs/lib'
[1.545s] Level 1:colcon.colcon_core.shell:create_environment_hook('arm_msgs', 'ld_library_path_lib')
[1.545s] INFO:colcon.colcon_core.shell:Creating environment hook '/home/albert/ag_arm_ws/src/install/arm_msgs/share/arm_msgs/hook/ld_library_path_lib.ps1'
[1.545s] INFO:colcon.colcon_core.shell:Creating environment descriptor '/home/albert/ag_arm_ws/src/install/arm_msgs/share/arm_msgs/hook/ld_library_path_lib.dsv'
[1.545s] INFO:colcon.colcon_core.shell:Creating environment hook '/home/albert/ag_arm_ws/src/install/arm_msgs/share/arm_msgs/hook/ld_library_path_lib.sh'
[1.546s] Level 1:colcon.colcon_core.environment:checking '/home/albert/ag_arm_ws/src/install/arm_msgs/bin'
[1.546s] Level 1:colcon.colcon_core.environment:checking '/home/albert/ag_arm_ws/src/install/arm_msgs/lib/pkgconfig/arm_msgs.pc'
[1.546s] Level 1:colcon.colcon_core.environment:checking '/home/albert/ag_arm_ws/src/install/arm_msgs/lib/python3.10/site-packages'
[1.546s] Level 1:colcon.colcon_core.environment:checking '/home/albert/ag_arm_ws/src/install/arm_msgs/bin'
[1.547s] INFO:colcon.colcon_core.shell:Creating package script '/home/albert/ag_arm_ws/src/install/arm_msgs/share/arm_msgs/package.ps1'
[1.547s] INFO:colcon.colcon_core.shell:Creating package descriptor '/home/albert/ag_arm_ws/src/install/arm_msgs/share/arm_msgs/package.dsv'
[1.548s] INFO:colcon.colcon_core.shell:Creating package script '/home/albert/ag_arm_ws/src/install/arm_msgs/share/arm_msgs/package.sh'
[1.548s] INFO:colcon.colcon_core.shell:Creating package script '/home/albert/ag_arm_ws/src/install/arm_msgs/share/arm_msgs/package.bash'
[1.549s] INFO:colcon.colcon_core.shell:Creating package script '/home/albert/ag_arm_ws/src/install/arm_msgs/share/arm_msgs/package.zsh'
[1.549s] Level 1:colcon.colcon_core.environment:create_file_with_runtime_dependencies(/home/albert/ag_arm_ws/src/install/arm_msgs/share/colcon-core/packages/arm_msgs)
[1.550s] INFO:colcon.colcon_ros.task.ament_cmake.build:Building ROS package in '/home/albert/ag_arm_ws/src/arm_cpp' with build type 'ament_cmake'
[1.550s] INFO:colcon.colcon_cmake.task.cmake.build:Building CMake package in '/home/albert/ag_arm_ws/src/arm_cpp'
[1.550s] INFO:colcon.colcon_core.shell:Skip shell extension 'powershell' for command environment: Not usable outside of PowerShell
[1.550s] DEBUG:colcon.colcon_core.shell:Skip shell extension 'dsv' for command environment
[1.570s] INFO:colcon.colcon_ros.task.ament_cmake.build:Building ROS package in '/home/albert/ag_arm_ws/src/arm_remote' with build type 'ament_cmake'
[1.570s] INFO:colcon.colcon_cmake.task.cmake.build:Building CMake package in '/home/albert/ag_arm_ws/src/arm_remote'
[1.571s] INFO:colcon.colcon_core.shell:Skip shell extension 'powershell' for command environment: Not usable outside of PowerShell
[1.571s] DEBUG:colcon.colcon_core.shell:Skip shell extension 'dsv' for command environment
[1.599s] DEBUG:colcon.colcon_core.event_handler.log_command:Invoking command in '/home/albert/ag_arm_ws/src/build/arm_cpp': AMENT_PREFIX_PATH=/home/albert/ag_arm_ws/src/install/arm_msgs:${AMENT_PREFIX_PATH} CMAKE_PREFIX_PATH=/home/albert/ag_arm_ws/src/install/arm_msgs:/home/albert/umov_ws/install/arduino_bringup:/home/albert/ag_arm_ws/install/arm_setup_moveit:/home/albert/ag_arm_ws/install/arm_moveit:/home/albert/ag_arm_ws/install/arm_description:/home/albert/ag_arm_ws/install/arm_cpp:/home/albert/ag_arm_ws/install/arm_controller:/home/albert/ws_moveit2/install/pilz_industrial_motion_planner_testutils:/home/albert/ws_moveit2/install/moveit_runtime:/home/albert/ws_moveit2/install/moveit2_tutorials:/home/albert/ws_moveit2/install/moveit:/home/albert/ws_moveit2/install/moveit_planners:/home/albert/ws_moveit2/install/pilz_industrial_motion_planner:/home/albert/ws_moveit2/install/moveit_visual_tools:/home/albert/ws_moveit2/install/moveit_task_constructor_visualization:/home/albert/ws_moveit2/install/moveit_task_constructor_demo:/home/albert/ws_moveit2/install/moveit_task_constructor_capabilities:/home/albert/ws_moveit2/install/moveit_task_constructor_core:/home/albert/ws_moveit2/install/moveit_ros_control_interface:/home/albert/ws_moveit2/install/moveit_plugins:/home/albert/ws_moveit2/install/moveit_simple_controller_manager:/home/albert/ws_moveit2/install/moveit_setup_assistant:/home/albert/ws_moveit2/install/moveit_setup_srdf_plugins:/home/albert/ws_moveit2/install/moveit_setup_core_plugins:/home/albert/ws_moveit2/install/moveit_setup_controllers:/home/albert/ws_moveit2/install/moveit_setup_app_plugins:/home/albert/ws_moveit2/install/moveit_setup_framework:/home/albert/ws_moveit2/install/moveit_servo:/home/albert/ws_moveit2/install/moveit_ros:/home/albert/ws_moveit2/install/moveit_ros_visualization:/home/albert/ws_moveit2/install/moveit_hybrid_planning:/home/albert/ws_moveit2/install/moveit_ros_planning_interface:/home/albert/ws_moveit2/install/moveit_ros_benchmarks:/home/albert/ws_moveit2/install/moveit_ros_warehouse:/home/albert/ws_moveit2/install/moveit_ros_robot_interaction:/home/albert/ws_moveit2/install/moveit_ros_perception:/home/albert/ws_moveit2/install/moveit_resources_prbt_pg70_support:/home/albert/ws_moveit2/install/moveit_resources_prbt_moveit_config:/home/albert/ws_moveit2/install/moveit_ros_move_group:/home/albert/ws_moveit2/install/moveit_planners_ompl:/home/albert/ws_moveit2/install/moveit_ros_planning:/home/albert/ws_moveit2/install/moveit_ros_occupancy_map_monitor:/home/albert/ws_moveit2/install/moveit_resources_prbt_ikfast_manipulator_plugin:/home/albert/ws_moveit2/install/moveit_planners_chomp:/home/albert/ws_moveit2/install/moveit_kinematics:/home/albert/ws_moveit2/install/moveit_chomp_optimizer_adapter:/home/albert/ws_moveit2/install/chomp_motion_planner:/home/albert/ws_moveit2/install/moveit_core:/home/albert/ws_moveit2/install/srdfdom:/home/albert/ws_moveit2/install/rviz_marker_tools:/home/albert/ws_moveit2/install/rosparam_shortcuts:/home/albert/ws_moveit2/install/moveit_task_constructor_msgs:/home/albert/ws_moveit2/install/moveit_resources_prbt_support:/home/albert/ws_moveit2/install/moveit_resources:/home/albert/ws_moveit2/install/moveit_resources_pr2_description:/home/albert/ws_moveit2/install/moveit_resources_panda_moveit_config:/home/albert/ws_moveit2/install/moveit_resources_panda_description:/home/albert/ws_moveit2/install/moveit_resources_fanuc_moveit_config:/home/albert/ws_moveit2/install/moveit_resources_fanuc_description:/home/albert/ws_moveit2/install/moveit_common:/home/albert/umov_ws/install/moveitassistant:/home/albert/umov_ws/install/description:/home/albert/umov_ws/install/arduinobot_bringup:/home/albert/umov_ws/install/arduino_utils:/home/albert/umov_ws/install/arduino_remote:/home/albert/umov_ws/install/arduino_cpp_examples:/home/albert/umov_ws/install/arduino_msgs:/home/albert/umov_ws/install/arduino_moveit:/home/albert/umov_ws/install/arduino_firmware:/home/albert/umov_ws/install/arduino_controller:/home/albert/unav_ws/install/turtlebot3_fake_node:/home/albert/unav_ws/install/robot_bringup:/home/albert/unav_ws/install/nav2_robot_description:/home/albert/udem2_ws/install/robot_bringup:/home/albert/udem2_ws/install/my_robot_bringup:/home/albert/udem2_ws/install/lifecycle_cpp:/home/albert/udem2_ws/install/final_project_cpp:/home/albert/udem2_ws/install/actions_cpp:/home/albert/udem2_ws/install/robot_interfaces:/home/albert/udem2_ws/install/executors_cpp:/home/albert/udem2_ws/install/components_cpp:/home/albert/udem_ws/install/my_robot_bringup:/home/albert/udem_ws/install/my_cpp_pkg:/home/albert/udem_ws/install/my_robot_interfaces:/home/albert/udem_ws/install/my_robot_description:/home/albert/udem_ws/install/lifecycle_cpp:/home/albert/bcdc_ws/install/aggiebot_cpp:/home/albert/bcdc_ws/install/aggiebot_msgs:/home/albert/bcdc_ws/install/aggiebot_description:/home/albert/bcdc_ws/install/aggiebot_controller:/home/albert/bcdc_ws/install/aggiebot_bringup:/home/albert/bcdc_ws/install/aggiebot_arm_moveit:/home/albert/bcdc_ws/install/aggiebot_arm_description:/home/albert/bcdc_ws/install/aggiebot_arm_controller:/home/albert/bcdc_ws/install/agbot_setup_moveit:/home/albert/bcdc_ws/install/agbot_cpp:/home/albert/bcdc_ws/install/agbot_msgs:/home/albert/bcdc_ws/install/agbot_moveit:/home/albert/bcdc_ws/install/agbot_description:/home/albert/bcdc_ws/install/agbot_controller:/home/albert/bcdc_ws/install/agbot_bringup:/home/albert/bcdc_ws/install/agbot_arm_controller:/home/albert/arduinobot_ws/install/arduinobot_utils:/home/albert/arduinobot_ws/install/arduinobot_remote:/home/albert/arduinobot_ws/install/arduinobot_cpp_examples:/home/albert/arduinobot_ws/install/arduinobot_msgs:/home/albert/arduinobot_ws/install/arduinobot_moveit_setup:/home/albert/arduinobot_ws/install/arduinobot_moveit:/home/albert/arduinobot_ws/install/arduinobot_description:/home/albert/arduinobot_ws/install/arduinobot_controller:/home/albert/rad_ws/install/agbot_full_nav2:/home/albert/rad_ws/install/agbot_full_msgs:/home/albert/rad_ws/install/agbot_full_moveit_setup:/home/albert/rad_ws/install/agbot_full_moveit:/home/albert/rad_ws/install/agbot_full_description:/home/albert/rad_ws/install/agbot_full_cpp:/home/albert/rad_ws/install/agbot_full_controller:/home/albert/rad_ws/install/agbot_full_cartogropher:/home/albert/dev_ws/install/my_bot:/home/albert/ag_car_ws/install/car_nav2:/home/albert/ag_car_ws/install/car_description:/home/albert/ag_car_ws/install/car_controller:/home/albert/ag_car_ws/install/car_cartographer:/home/albert/ws_moveit2/install/moveit_configs_utils:/home/albert/ws_moveit2/install/launch_param_builder:/home/albert/umov_ws/install/arduino_py_examples:/home/albert/udem2_ws/install/actions_py:/home/albert/udem2_ws/install/lifecycle_py:/home/albert/udem2_ws/install/executors_py:/home/albert/udem2_ws/install/components_py:/home/albert/udem_ws/install/turtlesim_catcher:/home/albert/udem_ws/install/my_py_pkg:/home/albert/udem_ws/install/lifecycle_py:/home/albert/bcdc_ws/install/agbot_teleop:/home/albert/bcdc_ws/install/agbot_py:/home/albert/arduinobot_ws/install/arduinobot_py_examples:/opt/ros/humble LD_LIBRARY_PATH=/home/albert/ag_arm_ws/src/install/arm_msgs/lib:/home/albert/ws_moveit2/install/pilz_industrial_motion_planner_testutils/lib:/home/albert/ws_moveit2/install/pilz_industrial_motion_planner/lib:/home/albert/ws_moveit2/install/moveit_visual_tools/lib:/home/albert/ws_moveit2/install/moveit_task_constructor_visualization/lib:/home/albert/ws_moveit2/install/moveit_task_constructor_demo/lib:/home/albert/ws_moveit2/install/moveit_task_constructor_capabilities/lib:/home/albert/ws_moveit2/install/moveit_task_constructor_core/lib:/home/albert/ws_moveit2/install/moveit_ros_control_interface/lib:/home/albert/ws_moveit2/install/moveit_simple_controller_manager/lib:/home/albert/ws_moveit2/install/moveit_setup_assistant/lib:/home/albert/ws_moveit2/install/moveit_setup_srdf_plugins/lib:/home/albert/ws_moveit2/install/moveit_setup_core_plugins/lib:/home/albert/ws_moveit2/install/moveit_setup_controllers/lib:/home/albert/ws_moveit2/install/moveit_setup_app_plugins/lib:/home/albert/ws_moveit2/install/moveit_setup_framework/lib:/home/albert/ws_moveit2/install/moveit_servo/lib:/home/albert/ws_moveit2/install/moveit_ros_visualization/lib:/home/albert/ws_moveit2/install/moveit_hybrid_planning/lib:/home/albert/ws_moveit2/install/moveit_ros_planning_interface/lib:/home/albert/ws_moveit2/install/moveit_ros_benchmarks/lib:/home/albert/ws_moveit2/install/moveit_ros_warehouse/lib:/home/albert/ws_moveit2/install/moveit_ros_robot_interaction/lib:/home/albert/ws_moveit2/install/moveit_ros_perception/lib:/home/albert/ws_moveit2/install/moveit_ros_move_group/lib:/home/albert/ws_moveit2/install/moveit_planners_ompl/lib:/home/albert/ws_moveit2/install/moveit_ros_planning/lib:/home/albert/ws_moveit2/install/moveit_ros_occupancy_map_monitor/lib:/home/albert/ws_moveit2/install/moveit_resources_prbt_ikfast_manipulator_plugin/lib:/home/albert/ws_moveit2/install/moveit_planners_chomp/lib:/home/albert/ws_moveit2/install/moveit_kinematics/lib:/home/albert/ws_moveit2/install/moveit_chomp_optimizer_adapter/lib:/home/albert/ws_moveit2/install/chomp_motion_planner/lib:/home/albert/ws_moveit2/install/moveit_core/lib:/home/albert/ws_moveit2/install/srdfdom/lib:/home/albert/ws_moveit2/install/rviz_marker_tools/lib:/home/albert/ws_moveit2/install/rosparam_shortcuts/lib:/home/albert/ws_moveit2/install/moveit_task_constructor_msgs/lib:/home/albert/umov_ws/install/arduino_remote/lib:/home/albert/umov_ws/install/arduino_cpp_examples/lib:/home/albert/umov_ws/install/arduino_msgs/lib:/home/albert/umov_ws/install/arduino_controller/lib:/home/albert/udem2_ws/install/final_project_cpp/lib:/home/albert/udem2_ws/install/robot_interfaces/lib:/home/albert/udem2_ws/install/components_cpp/lib:/home/albert/udem_ws/install/my_robot_interfaces/lib:/home/albert/bcdc_ws/install/aggiebot_msgs/lib:/home/albert/bcdc_ws/install/agbot_msgs/lib:/home/albert/arduinobot_ws/install/arduinobot_remote/lib:/home/albert/arduinobot_ws/install/arduinobot_cpp_examples/lib:/home/albert/arduinobot_ws/install/arduinobot_msgs/lib:/usr/lib/x86_64-linux-gnu/gazebo-11/plugins:/opt/ros/humble/opt/rviz_ogre_vendor/lib:/opt/ros/humble/lib/x86_64-linux-gnu:/opt/ros/humble/lib:/usr/share/gazebo/../../lib/x86_64-linux-gnu/gazebo-11/plugins PYTHONPATH=/home/albert/ag_arm_ws/src/install/arm_msgs/local/lib/python3.10/dist-packages:${PYTHONPATH} /home/albert/.local/bin/cmake --build /home/albert/ag_arm_ws/src/build/arm_cpp -- -j8 -l8
[1.613s] DEBUG:colcon.colcon_core.event_handler.log_command:Invoking command in '/home/albert/ag_arm_ws/src/build/arm_remote': AMENT_PREFIX_PATH=/home/albert/ag_arm_ws/src/install/arm_msgs:/home/albert/ag_arm_ws/src/install/arm_moveit:${AMENT_PREFIX_PATH} CMAKE_PREFIX_PATH=/home/albert/ag_arm_ws/src/install/arm_msgs:/home/albert/ag_arm_ws/src/install/arm_moveit:/home/albert/umov_ws/install/arduino_bringup:/home/albert/ag_arm_ws/install/arm_setup_moveit:/home/albert/ag_arm_ws/install/arm_moveit:/home/albert/ag_arm_ws/install/arm_description:/home/albert/ag_arm_ws/install/arm_cpp:/home/albert/ag_arm_ws/install/arm_controller:/home/albert/ws_moveit2/install/pilz_industrial_motion_planner_testutils:/home/albert/ws_moveit2/install/moveit_runtime:/home/albert/ws_moveit2/install/moveit2_tutorials:/home/albert/ws_moveit2/install/moveit:/home/albert/ws_moveit2/install/moveit_planners:/home/albert/ws_moveit2/install/pilz_industrial_motion_planner:/home/albert/ws_moveit2/install/moveit_visual_tools:/home/albert/ws_moveit2/install/moveit_task_constructor_visualization:/home/albert/ws_moveit2/install/moveit_task_constructor_demo:/home/albert/ws_moveit2/install/moveit_task_constructor_capabilities:/home/albert/ws_moveit2/install/moveit_task_constructor_core:/home/albert/ws_moveit2/install/moveit_ros_control_interface:/home/albert/ws_moveit2/install/moveit_plugins:/home/albert/ws_moveit2/install/moveit_simple_controller_manager:/home/albert/ws_moveit2/install/moveit_setup_assistant:/home/albert/ws_moveit2/install/moveit_setup_srdf_plugins:/home/albert/ws_moveit2/install/moveit_setup_core_plugins:/home/albert/ws_moveit2/install/moveit_setup_controllers:/home/albert/ws_moveit2/install/moveit_setup_app_plugins:/home/albert/ws_moveit2/install/moveit_setup_framework:/home/albert/ws_moveit2/install/moveit_servo:/home/albert/ws_moveit2/install/moveit_ros:/home/albert/ws_moveit2/install/moveit_ros_visualization:/home/albert/ws_moveit2/install/moveit_hybrid_planning:/home/albert/ws_moveit2/install/moveit_ros_planning_interface:/home/albert/ws_moveit2/install/moveit_ros_benchmarks:/home/albert/ws_moveit2/install/moveit_ros_warehouse:/home/albert/ws_moveit2/install/moveit_ros_robot_interaction:/home/albert/ws_moveit2/install/moveit_ros_perception:/home/albert/ws_moveit2/install/moveit_resources_prbt_pg70_support:/home/albert/ws_moveit2/install/moveit_resources_prbt_moveit_config:/home/albert/ws_moveit2/install/moveit_ros_move_group:/home/albert/ws_moveit2/install/moveit_planners_ompl:/home/albert/ws_moveit2/install/moveit_ros_planning:/home/albert/ws_moveit2/install/moveit_ros_occupancy_map_monitor:/home/albert/ws_moveit2/install/moveit_resources_prbt_ikfast_manipulator_plugin:/home/albert/ws_moveit2/install/moveit_planners_chomp:/home/albert/ws_moveit2/install/moveit_kinematics:/home/albert/ws_moveit2/install/moveit_chomp_optimizer_adapter:/home/albert/ws_moveit2/install/chomp_motion_planner:/home/albert/ws_moveit2/install/moveit_core:/home/albert/ws_moveit2/install/srdfdom:/home/albert/ws_moveit2/install/rviz_marker_tools:/home/albert/ws_moveit2/install/rosparam_shortcuts:/home/albert/ws_moveit2/install/moveit_task_constructor_msgs:/home/albert/ws_moveit2/install/moveit_resources_prbt_support:/home/albert/ws_moveit2/install/moveit_resources:/home/albert/ws_moveit2/install/moveit_resources_pr2_description:/home/albert/ws_moveit2/install/moveit_resources_panda_moveit_config:/home/albert/ws_moveit2/install/moveit_resources_panda_description:/home/albert/ws_moveit2/install/moveit_resources_fanuc_moveit_config:/home/albert/ws_moveit2/install/moveit_resources_fanuc_description:/home/albert/ws_moveit2/install/moveit_common:/home/albert/umov_ws/install/moveitassistant:/home/albert/umov_ws/install/description:/home/albert/umov_ws/install/arduinobot_bringup:/home/albert/umov_ws/install/arduino_utils:/home/albert/umov_ws/install/arduino_remote:/home/albert/umov_ws/install/arduino_cpp_examples:/home/albert/umov_ws/install/arduino_msgs:/home/albert/umov_ws/install/arduino_moveit:/home/albert/umov_ws/install/arduino_firmware:/home/albert/umov_ws/install/arduino_controller:/home/albert/unav_ws/install/turtlebot3_fake_node:/home/albert/unav_ws/install/robot_bringup:/home/albert/unav_ws/install/nav2_robot_description:/home/albert/udem2_ws/install/robot_bringup:/home/albert/udem2_ws/install/my_robot_bringup:/home/albert/udem2_ws/install/lifecycle_cpp:/home/albert/udem2_ws/install/final_project_cpp:/home/albert/udem2_ws/install/actions_cpp:/home/albert/udem2_ws/install/robot_interfaces:/home/albert/udem2_ws/install/executors_cpp:/home/albert/udem2_ws/install/components_cpp:/home/albert/udem_ws/install/my_robot_bringup:/home/albert/udem_ws/install/my_cpp_pkg:/home/albert/udem_ws/install/my_robot_interfaces:/home/albert/udem_ws/install/my_robot_description:/home/albert/udem_ws/install/lifecycle_cpp:/home/albert/bcdc_ws/install/aggiebot_cpp:/home/albert/bcdc_ws/install/aggiebot_msgs:/home/albert/bcdc_ws/install/aggiebot_description:/home/albert/bcdc_ws/install/aggiebot_controller:/home/albert/bcdc_ws/install/aggiebot_bringup:/home/albert/bcdc_ws/install/aggiebot_arm_moveit:/home/albert/bcdc_ws/install/aggiebot_arm_description:/home/albert/bcdc_ws/install/aggiebot_arm_controller:/home/albert/bcdc_ws/install/agbot_setup_moveit:/home/albert/bcdc_ws/install/agbot_cpp:/home/albert/bcdc_ws/install/agbot_msgs:/home/albert/bcdc_ws/install/agbot_moveit:/home/albert/bcdc_ws/install/agbot_description:/home/albert/bcdc_ws/install/agbot_controller:/home/albert/bcdc_ws/install/agbot_bringup:/home/albert/bcdc_ws/install/agbot_arm_controller:/home/albert/arduinobot_ws/install/arduinobot_utils:/home/albert/arduinobot_ws/install/arduinobot_remote:/home/albert/arduinobot_ws/install/arduinobot_cpp_examples:/home/albert/arduinobot_ws/install/arduinobot_msgs:/home/albert/arduinobot_ws/install/arduinobot_moveit_setup:/home/albert/arduinobot_ws/install/arduinobot_moveit:/home/albert/arduinobot_ws/install/arduinobot_description:/home/albert/arduinobot_ws/install/arduinobot_controller:/home/albert/rad_ws/install/agbot_full_nav2:/home/albert/rad_ws/install/agbot_full_msgs:/home/albert/rad_ws/install/agbot_full_moveit_setup:/home/albert/rad_ws/install/agbot_full_moveit:/home/albert/rad_ws/install/agbot_full_description:/home/albert/rad_ws/install/agbot_full_cpp:/home/albert/rad_ws/install/agbot_full_controller:/home/albert/rad_ws/install/agbot_full_cartogropher:/home/albert/dev_ws/install/my_bot:/home/albert/ag_car_ws/install/car_nav2:/home/albert/ag_car_ws/install/car_description:/home/albert/ag_car_ws/install/car_controller:/home/albert/ag_car_ws/install/car_cartographer:/home/albert/ws_moveit2/install/moveit_configs_utils:/home/albert/ws_moveit2/install/launch_param_builder:/home/albert/umov_ws/install/arduino_py_examples:/home/albert/udem2_ws/install/actions_py:/home/albert/udem2_ws/install/lifecycle_py:/home/albert/udem2_ws/install/executors_py:/home/albert/udem2_ws/install/components_py:/home/albert/udem_ws/install/turtlesim_catcher:/home/albert/udem_ws/install/my_py_pkg:/home/albert/udem_ws/install/lifecycle_py:/home/albert/bcdc_ws/install/agbot_teleop:/home/albert/bcdc_ws/install/agbot_py:/home/albert/arduinobot_ws/install/arduinobot_py_examples:/opt/ros/humble LD_LIBRARY_PATH=/home/albert/ag_arm_ws/src/install/arm_msgs/lib:/home/albert/ws_moveit2/install/pilz_industrial_motion_planner_testutils/lib:/home/albert/ws_moveit2/install/pilz_industrial_motion_planner/lib:/home/albert/ws_moveit2/install/moveit_visual_tools/lib:/home/albert/ws_moveit2/install/moveit_task_constructor_visualization/lib:/home/albert/ws_moveit2/install/moveit_task_constructor_demo/lib:/home/albert/ws_moveit2/install/moveit_task_constructor_capabilities/lib:/home/albert/ws_moveit2/install/moveit_task_constructor_core/lib:/home/albert/ws_moveit2/install/moveit_ros_control_interface/lib:/home/albert/ws_moveit2/install/moveit_simple_controller_manager/lib:/home/albert/ws_moveit2/install/moveit_setup_assistant/lib:/home/albert/ws_moveit2/install/moveit_setup_srdf_plugins/lib:/home/albert/ws_moveit2/install/moveit_setup_core_plugins/lib:/home/albert/ws_moveit2/install/moveit_setup_controllers/lib:/home/albert/ws_moveit2/install/moveit_setup_app_plugins/lib:/home/albert/ws_moveit2/install/moveit_setup_framework/lib:/home/albert/ws_moveit2/install/moveit_servo/lib:/home/albert/ws_moveit2/install/moveit_ros_visualization/lib:/home/albert/ws_moveit2/install/moveit_hybrid_planning/lib:/home/albert/ws_moveit2/install/moveit_ros_planning_interface/lib:/home/albert/ws_moveit2/install/moveit_ros_benchmarks/lib:/home/albert/ws_moveit2/install/moveit_ros_warehouse/lib:/home/albert/ws_moveit2/install/moveit_ros_robot_interaction/lib:/home/albert/ws_moveit2/install/moveit_ros_perception/lib:/home/albert/ws_moveit2/install/moveit_ros_move_group/lib:/home/albert/ws_moveit2/install/moveit_planners_ompl/lib:/home/albert/ws_moveit2/install/moveit_ros_planning/lib:/home/albert/ws_moveit2/install/moveit_ros_occupancy_map_monitor/lib:/home/albert/ws_moveit2/install/moveit_resources_prbt_ikfast_manipulator_plugin/lib:/home/albert/ws_moveit2/install/moveit_planners_chomp/lib:/home/albert/ws_moveit2/install/moveit_kinematics/lib:/home/albert/ws_moveit2/install/moveit_chomp_optimizer_adapter/lib:/home/albert/ws_moveit2/install/chomp_motion_planner/lib:/home/albert/ws_moveit2/install/moveit_core/lib:/home/albert/ws_moveit2/install/srdfdom/lib:/home/albert/ws_moveit2/install/rviz_marker_tools/lib:/home/albert/ws_moveit2/install/rosparam_shortcuts/lib:/home/albert/ws_moveit2/install/moveit_task_constructor_msgs/lib:/home/albert/umov_ws/install/arduino_remote/lib:/home/albert/umov_ws/install/arduino_cpp_examples/lib:/home/albert/umov_ws/install/arduino_msgs/lib:/home/albert/umov_ws/install/arduino_controller/lib:/home/albert/udem2_ws/install/final_project_cpp/lib:/home/albert/udem2_ws/install/robot_interfaces/lib:/home/albert/udem2_ws/install/components_cpp/lib:/home/albert/udem_ws/install/my_robot_interfaces/lib:/home/albert/bcdc_ws/install/aggiebot_msgs/lib:/home/albert/bcdc_ws/install/agbot_msgs/lib:/home/albert/arduinobot_ws/install/arduinobot_remote/lib:/home/albert/arduinobot_ws/install/arduinobot_cpp_examples/lib:/home/albert/arduinobot_ws/install/arduinobot_msgs/lib:/usr/lib/x86_64-linux-gnu/gazebo-11/plugins:/opt/ros/humble/opt/rviz_ogre_vendor/lib:/opt/ros/humble/lib/x86_64-linux-gnu:/opt/ros/humble/lib:/usr/share/gazebo/../../lib/x86_64-linux-gnu/gazebo-11/plugins PYTHONPATH=/home/albert/ag_arm_ws/src/install/arm_msgs/local/lib/python3.10/dist-packages:${PYTHONPATH} /home/albert/.local/bin/cmake --build /home/albert/ag_arm_ws/src/build/arm_remote -- -j8 -l8
[1.684s] DEBUG:colcon.colcon_core.event_handler.log_command:Invoked command in '/home/albert/ag_arm_ws/src/build/arm_cpp' returned '0': AMENT_PREFIX_PATH=/home/albert/ag_arm_ws/src/install/arm_msgs:${AMENT_PREFIX_PATH} CMAKE_PREFIX_PATH=/home/albert/ag_arm_ws/src/install/arm_msgs:/home/albert/umov_ws/install/arduino_bringup:/home/albert/ag_arm_ws/install/arm_setup_moveit:/home/albert/ag_arm_ws/install/arm_moveit:/home/albert/ag_arm_ws/install/arm_description:/home/albert/ag_arm_ws/install/arm_cpp:/home/albert/ag_arm_ws/install/arm_controller:/home/albert/ws_moveit2/install/pilz_industrial_motion_planner_testutils:/home/albert/ws_moveit2/install/moveit_runtime:/home/albert/ws_moveit2/install/moveit2_tutorials:/home/albert/ws_moveit2/install/moveit:/home/albert/ws_moveit2/install/moveit_planners:/home/albert/ws_moveit2/install/pilz_industrial_motion_planner:/home/albert/ws_moveit2/install/moveit_visual_tools:/home/albert/ws_moveit2/install/moveit_task_constructor_visualization:/home/albert/ws_moveit2/install/moveit_task_constructor_demo:/home/albert/ws_moveit2/install/moveit_task_constructor_capabilities:/home/albert/ws_moveit2/install/moveit_task_constructor_core:/home/albert/ws_moveit2/install/moveit_ros_control_interface:/home/albert/ws_moveit2/install/moveit_plugins:/home/albert/ws_moveit2/install/moveit_simple_controller_manager:/home/albert/ws_moveit2/install/moveit_setup_assistant:/home/albert/ws_moveit2/install/moveit_setup_srdf_plugins:/home/albert/ws_moveit2/install/moveit_setup_core_plugins:/home/albert/ws_moveit2/install/moveit_setup_controllers:/home/albert/ws_moveit2/install/moveit_setup_app_plugins:/home/albert/ws_moveit2/install/moveit_setup_framework:/home/albert/ws_moveit2/install/moveit_servo:/home/albert/ws_moveit2/install/moveit_ros:/home/albert/ws_moveit2/install/moveit_ros_visualization:/home/albert/ws_moveit2/install/moveit_hybrid_planning:/home/albert/ws_moveit2/install/moveit_ros_planning_interface:/home/albert/ws_moveit2/install/moveit_ros_benchmarks:/home/albert/ws_moveit2/install/moveit_ros_warehouse:/home/albert/ws_moveit2/install/moveit_ros_robot_interaction:/home/albert/ws_moveit2/install/moveit_ros_perception:/home/albert/ws_moveit2/install/moveit_resources_prbt_pg70_support:/home/albert/ws_moveit2/install/moveit_resources_prbt_moveit_config:/home/albert/ws_moveit2/install/moveit_ros_move_group:/home/albert/ws_moveit2/install/moveit_planners_ompl:/home/albert/ws_moveit2/install/moveit_ros_planning:/home/albert/ws_moveit2/install/moveit_ros_occupancy_map_monitor:/home/albert/ws_moveit2/install/moveit_resources_prbt_ikfast_manipulator_plugin:/home/albert/ws_moveit2/install/moveit_planners_chomp:/home/albert/ws_moveit2/install/moveit_kinematics:/home/albert/ws_moveit2/install/moveit_chomp_optimizer_adapter:/home/albert/ws_moveit2/install/chomp_motion_planner:/home/albert/ws_moveit2/install/moveit_core:/home/albert/ws_moveit2/install/srdfdom:/home/albert/ws_moveit2/install/rviz_marker_tools:/home/albert/ws_moveit2/install/rosparam_shortcuts:/home/albert/ws_moveit2/install/moveit_task_constructor_msgs:/home/albert/ws_moveit2/install/moveit_resources_prbt_support:/home/albert/ws_moveit2/install/moveit_resources:/home/albert/ws_moveit2/install/moveit_resources_pr2_description:/home/albert/ws_moveit2/install/moveit_resources_panda_moveit_config:/home/albert/ws_moveit2/install/moveit_resources_panda_description:/home/albert/ws_moveit2/install/moveit_resources_fanuc_moveit_config:/home/albert/ws_moveit2/install/moveit_resources_fanuc_description:/home/albert/ws_moveit2/install/moveit_common:/home/albert/umov_ws/install/moveitassistant:/home/albert/umov_ws/install/description:/home/albert/umov_ws/install/arduinobot_bringup:/home/albert/umov_ws/install/arduino_utils:/home/albert/umov_ws/install/arduino_remote:/home/albert/umov_ws/install/arduino_cpp_examples:/home/albert/umov_ws/install/arduino_msgs:/home/albert/umov_ws/install/arduino_moveit:/home/albert/umov_ws/install/arduino_firmware:/home/albert/umov_ws/install/arduino_controller:/home/albert/unav_ws/install/turtlebot3_fake_node:/home/albert/unav_ws/install/robot_bringup:/home/albert/unav_ws/install/nav2_robot_description:/home/albert/udem2_ws/install/robot_bringup:/home/albert/udem2_ws/install/my_robot_bringup:/home/albert/udem2_ws/install/lifecycle_cpp:/home/albert/udem2_ws/install/final_project_cpp:/home/albert/udem2_ws/install/actions_cpp:/home/albert/udem2_ws/install/robot_interfaces:/home/albert/udem2_ws/install/executors_cpp:/home/albert/udem2_ws/install/components_cpp:/home/albert/udem_ws/install/my_robot_bringup:/home/albert/udem_ws/install/my_cpp_pkg:/home/albert/udem_ws/install/my_robot_interfaces:/home/albert/udem_ws/install/my_robot_description:/home/albert/udem_ws/install/lifecycle_cpp:/home/albert/bcdc_ws/install/aggiebot_cpp:/home/albert/bcdc_ws/install/aggiebot_msgs:/home/albert/bcdc_ws/install/aggiebot_description:/home/albert/bcdc_ws/install/aggiebot_controller:/home/albert/bcdc_ws/install/aggiebot_bringup:/home/albert/bcdc_ws/install/aggiebot_arm_moveit:/home/albert/bcdc_ws/install/aggiebot_arm_description:/home/albert/bcdc_ws/install/aggiebot_arm_controller:/home/albert/bcdc_ws/install/agbot_setup_moveit:/home/albert/bcdc_ws/install/agbot_cpp:/home/albert/bcdc_ws/install/agbot_msgs:/home/albert/bcdc_ws/install/agbot_moveit:/home/albert/bcdc_ws/install/agbot_description:/home/albert/bcdc_ws/install/agbot_controller:/home/albert/bcdc_ws/install/agbot_bringup:/home/albert/bcdc_ws/install/agbot_arm_controller:/home/albert/arduinobot_ws/install/arduinobot_utils:/home/albert/arduinobot_ws/install/arduinobot_remote:/home/albert/arduinobot_ws/install/arduinobot_cpp_examples:/home/albert/arduinobot_ws/install/arduinobot_msgs:/home/albert/arduinobot_ws/install/arduinobot_moveit_setup:/home/albert/arduinobot_ws/install/arduinobot_moveit:/home/albert/arduinobot_ws/install/arduinobot_description:/home/albert/arduinobot_ws/install/arduinobot_controller:/home/albert/rad_ws/install/agbot_full_nav2:/home/albert/rad_ws/install/agbot_full_msgs:/home/albert/rad_ws/install/agbot_full_moveit_setup:/home/albert/rad_ws/install/agbot_full_moveit:/home/albert/rad_ws/install/agbot_full_description:/home/albert/rad_ws/install/agbot_full_cpp:/home/albert/rad_ws/install/agbot_full_controller:/home/albert/rad_ws/install/agbot_full_cartogropher:/home/albert/dev_ws/install/my_bot:/home/albert/ag_car_ws/install/car_nav2:/home/albert/ag_car_ws/install/car_description:/home/albert/ag_car_ws/install/car_controller:/home/albert/ag_car_ws/install/car_cartographer:/home/albert/ws_moveit2/install/moveit_configs_utils:/home/albert/ws_moveit2/install/launch_param_builder:/home/albert/umov_ws/install/arduino_py_examples:/home/albert/udem2_ws/install/actions_py:/home/albert/udem2_ws/install/lifecycle_py:/home/albert/udem2_ws/install/executors_py:/home/albert/udem2_ws/install/components_py:/home/albert/udem_ws/install/turtlesim_catcher:/home/albert/udem_ws/install/my_py_pkg:/home/albert/udem_ws/install/lifecycle_py:/home/albert/bcdc_ws/install/agbot_teleop:/home/albert/bcdc_ws/install/agbot_py:/home/albert/arduinobot_ws/install/arduinobot_py_examples:/opt/ros/humble LD_LIBRARY_PATH=/home/albert/ag_arm_ws/src/install/arm_msgs/lib:/home/albert/ws_moveit2/install/pilz_industrial_motion_planner_testutils/lib:/home/albert/ws_moveit2/install/pilz_industrial_motion_planner/lib:/home/albert/ws_moveit2/install/moveit_visual_tools/lib:/home/albert/ws_moveit2/install/moveit_task_constructor_visualization/lib:/home/albert/ws_moveit2/install/moveit_task_constructor_demo/lib:/home/albert/ws_moveit2/install/moveit_task_constructor_capabilities/lib:/home/albert/ws_moveit2/install/moveit_task_constructor_core/lib:/home/albert/ws_moveit2/install/moveit_ros_control_interface/lib:/home/albert/ws_moveit2/install/moveit_simple_controller_manager/lib:/home/albert/ws_moveit2/install/moveit_setup_assistant/lib:/home/albert/ws_moveit2/install/moveit_setup_srdf_plugins/lib:/home/albert/ws_moveit2/install/moveit_setup_core_plugins/lib:/home/albert/ws_moveit2/install/moveit_setup_controllers/lib:/home/albert/ws_moveit2/install/moveit_setup_app_plugins/lib:/home/albert/ws_moveit2/install/moveit_setup_framework/lib:/home/albert/ws_moveit2/install/moveit_servo/lib:/home/albert/ws_moveit2/install/moveit_ros_visualization/lib:/home/albert/ws_moveit2/install/moveit_hybrid_planning/lib:/home/albert/ws_moveit2/install/moveit_ros_planning_interface/lib:/home/albert/ws_moveit2/install/moveit_ros_benchmarks/lib:/home/albert/ws_moveit2/install/moveit_ros_warehouse/lib:/home/albert/ws_moveit2/install/moveit_ros_robot_interaction/lib:/home/albert/ws_moveit2/install/moveit_ros_perception/lib:/home/albert/ws_moveit2/install/moveit_ros_move_group/lib:/home/albert/ws_moveit2/install/moveit_planners_ompl/lib:/home/albert/ws_moveit2/install/moveit_ros_planning/lib:/home/albert/ws_moveit2/install/moveit_ros_occupancy_map_monitor/lib:/home/albert/ws_moveit2/install/moveit_resources_prbt_ikfast_manipulator_plugin/lib:/home/albert/ws_moveit2/install/moveit_planners_chomp/lib:/home/albert/ws_moveit2/install/moveit_kinematics/lib:/home/albert/ws_moveit2/install/moveit_chomp_optimizer_adapter/lib:/home/albert/ws_moveit2/install/chomp_motion_planner/lib:/home/albert/ws_moveit2/install/moveit_core/lib:/home/albert/ws_moveit2/install/srdfdom/lib:/home/albert/ws_moveit2/install/rviz_marker_tools/lib:/home/albert/ws_moveit2/install/rosparam_shortcuts/lib:/home/albert/ws_moveit2/install/moveit_task_constructor_msgs/lib:/home/albert/umov_ws/install/arduino_remote/lib:/home/albert/umov_ws/install/arduino_cpp_examples/lib:/home/albert/umov_ws/install/arduino_msgs/lib:/home/albert/umov_ws/install/arduino_controller/lib:/home/albert/udem2_ws/install/final_project_cpp/lib:/home/albert/udem2_ws/install/robot_interfaces/lib:/home/albert/udem2_ws/install/components_cpp/lib:/home/albert/udem_ws/install/my_robot_interfaces/lib:/home/albert/bcdc_ws/install/aggiebot_msgs/lib:/home/albert/bcdc_ws/install/agbot_msgs/lib:/home/albert/arduinobot_ws/install/arduinobot_remote/lib:/home/albert/arduinobot_ws/install/arduinobot_cpp_examples/lib:/home/albert/arduinobot_ws/install/arduinobot_msgs/lib:/usr/lib/x86_64-linux-gnu/gazebo-11/plugins:/opt/ros/humble/opt/rviz_ogre_vendor/lib:/opt/ros/humble/lib/x86_64-linux-gnu:/opt/ros/humble/lib:/usr/share/gazebo/../../lib/x86_64-linux-gnu/gazebo-11/plugins PYTHONPATH=/home/albert/ag_arm_ws/src/install/arm_msgs/local/lib/python3.10/dist-packages:${PYTHONPATH} /home/albert/.local/bin/cmake --build /home/albert/ag_arm_ws/src/build/arm_cpp -- -j8 -l8
[1.685s] DEBUG:colcon.colcon_core.event_handler.log_command:Invoking command in '/home/albert/ag_arm_ws/src/build/arm_cpp': AMENT_PREFIX_PATH=/home/albert/ag_arm_ws/src/install/arm_msgs:${AMENT_PREFIX_PATH} CMAKE_PREFIX_PATH=/home/albert/ag_arm_ws/src/install/arm_msgs:/home/albert/umov_ws/install/arduino_bringup:/home/albert/ag_arm_ws/install/arm_setup_moveit:/home/albert/ag_arm_ws/install/arm_moveit:/home/albert/ag_arm_ws/install/arm_description:/home/albert/ag_arm_ws/install/arm_cpp:/home/albert/ag_arm_ws/install/arm_controller:/home/albert/ws_moveit2/install/pilz_industrial_motion_planner_testutils:/home/albert/ws_moveit2/install/moveit_runtime:/home/albert/ws_moveit2/install/moveit2_tutorials:/home/albert/ws_moveit2/install/moveit:/home/albert/ws_moveit2/install/moveit_planners:/home/albert/ws_moveit2/install/pilz_industrial_motion_planner:/home/albert/ws_moveit2/install/moveit_visual_tools:/home/albert/ws_moveit2/install/moveit_task_constructor_visualization:/home/albert/ws_moveit2/install/moveit_task_constructor_demo:/home/albert/ws_moveit2/install/moveit_task_constructor_capabilities:/home/albert/ws_moveit2/install/moveit_task_constructor_core:/home/albert/ws_moveit2/install/moveit_ros_control_interface:/home/albert/ws_moveit2/install/moveit_plugins:/home/albert/ws_moveit2/install/moveit_simple_controller_manager:/home/albert/ws_moveit2/install/moveit_setup_assistant:/home/albert/ws_moveit2/install/moveit_setup_srdf_plugins:/home/albert/ws_moveit2/install/moveit_setup_core_plugins:/home/albert/ws_moveit2/install/moveit_setup_controllers:/home/albert/ws_moveit2/install/moveit_setup_app_plugins:/home/albert/ws_moveit2/install/moveit_setup_framework:/home/albert/ws_moveit2/install/moveit_servo:/home/albert/ws_moveit2/install/moveit_ros:/home/albert/ws_moveit2/install/moveit_ros_visualization:/home/albert/ws_moveit2/install/moveit_hybrid_planning:/home/albert/ws_moveit2/install/moveit_ros_planning_interface:/home/albert/ws_moveit2/install/moveit_ros_benchmarks:/home/albert/ws_moveit2/install/moveit_ros_warehouse:/home/albert/ws_moveit2/install/moveit_ros_robot_interaction:/home/albert/ws_moveit2/install/moveit_ros_perception:/home/albert/ws_moveit2/install/moveit_resources_prbt_pg70_support:/home/albert/ws_moveit2/install/moveit_resources_prbt_moveit_config:/home/albert/ws_moveit2/install/moveit_ros_move_group:/home/albert/ws_moveit2/install/moveit_planners_ompl:/home/albert/ws_moveit2/install/moveit_ros_planning:/home/albert/ws_moveit2/install/moveit_ros_occupancy_map_monitor:/home/albert/ws_moveit2/install/moveit_resources_prbt_ikfast_manipulator_plugin:/home/albert/ws_moveit2/install/moveit_planners_chomp:/home/albert/ws_moveit2/install/moveit_kinematics:/home/albert/ws_moveit2/install/moveit_chomp_optimizer_adapter:/home/albert/ws_moveit2/install/chomp_motion_planner:/home/albert/ws_moveit2/install/moveit_core:/home/albert/ws_moveit2/install/srdfdom:/home/albert/ws_moveit2/install/rviz_marker_tools:/home/albert/ws_moveit2/install/rosparam_shortcuts:/home/albert/ws_moveit2/install/moveit_task_constructor_msgs:/home/albert/ws_moveit2/install/moveit_resources_prbt_support:/home/albert/ws_moveit2/install/moveit_resources:/home/albert/ws_moveit2/install/moveit_resources_pr2_description:/home/albert/ws_moveit2/install/moveit_resources_panda_moveit_config:/home/albert/ws_moveit2/install/moveit_resources_panda_description:/home/albert/ws_moveit2/install/moveit_resources_fanuc_moveit_config:/home/albert/ws_moveit2/install/moveit_resources_fanuc_description:/home/albert/ws_moveit2/install/moveit_common:/home/albert/umov_ws/install/moveitassistant:/home/albert/umov_ws/install/description:/home/albert/umov_ws/install/arduinobot_bringup:/home/albert/umov_ws/install/arduino_utils:/home/albert/umov_ws/install/arduino_remote:/home/albert/umov_ws/install/arduino_cpp_examples:/home/albert/umov_ws/install/arduino_msgs:/home/albert/umov_ws/install/arduino_moveit:/home/albert/umov_ws/install/arduino_firmware:/home/albert/umov_ws/install/arduino_controller:/home/albert/unav_ws/install/turtlebot3_fake_node:/home/albert/unav_ws/install/robot_bringup:/home/albert/unav_ws/install/nav2_robot_description:/home/albert/udem2_ws/install/robot_bringup:/home/albert/udem2_ws/install/my_robot_bringup:/home/albert/udem2_ws/install/lifecycle_cpp:/home/albert/udem2_ws/install/final_project_cpp:/home/albert/udem2_ws/install/actions_cpp:/home/albert/udem2_ws/install/robot_interfaces:/home/albert/udem2_ws/install/executors_cpp:/home/albert/udem2_ws/install/components_cpp:/home/albert/udem_ws/install/my_robot_bringup:/home/albert/udem_ws/install/my_cpp_pkg:/home/albert/udem_ws/install/my_robot_interfaces:/home/albert/udem_ws/install/my_robot_description:/home/albert/udem_ws/install/lifecycle_cpp:/home/albert/bcdc_ws/install/aggiebot_cpp:/home/albert/bcdc_ws/install/aggiebot_msgs:/home/albert/bcdc_ws/install/aggiebot_description:/home/albert/bcdc_ws/install/aggiebot_controller:/home/albert/bcdc_ws/install/aggiebot_bringup:/home/albert/bcdc_ws/install/aggiebot_arm_moveit:/home/albert/bcdc_ws/install/aggiebot_arm_description:/home/albert/bcdc_ws/install/aggiebot_arm_controller:/home/albert/bcdc_ws/install/agbot_setup_moveit:/home/albert/bcdc_ws/install/agbot_cpp:/home/albert/bcdc_ws/install/agbot_msgs:/home/albert/bcdc_ws/install/agbot_moveit:/home/albert/bcdc_ws/install/agbot_description:/home/albert/bcdc_ws/install/agbot_controller:/home/albert/bcdc_ws/install/agbot_bringup:/home/albert/bcdc_ws/install/agbot_arm_controller:/home/albert/arduinobot_ws/install/arduinobot_utils:/home/albert/arduinobot_ws/install/arduinobot_remote:/home/albert/arduinobot_ws/install/arduinobot_cpp_examples:/home/albert/arduinobot_ws/install/arduinobot_msgs:/home/albert/arduinobot_ws/install/arduinobot_moveit_setup:/home/albert/arduinobot_ws/install/arduinobot_moveit:/home/albert/arduinobot_ws/install/arduinobot_description:/home/albert/arduinobot_ws/install/arduinobot_controller:/home/albert/rad_ws/install/agbot_full_nav2:/home/albert/rad_ws/install/agbot_full_msgs:/home/albert/rad_ws/install/agbot_full_moveit_setup:/home/albert/rad_ws/install/agbot_full_moveit:/home/albert/rad_ws/install/agbot_full_description:/home/albert/rad_ws/install/agbot_full_cpp:/home/albert/rad_ws/install/agbot_full_controller:/home/albert/rad_ws/install/agbot_full_cartogropher:/home/albert/dev_ws/install/my_bot:/home/albert/ag_car_ws/install/car_nav2:/home/albert/ag_car_ws/install/car_description:/home/albert/ag_car_ws/install/car_controller:/home/albert/ag_car_ws/install/car_cartographer:/home/albert/ws_moveit2/install/moveit_configs_utils:/home/albert/ws_moveit2/install/launch_param_builder:/home/albert/umov_ws/install/arduino_py_examples:/home/albert/udem2_ws/install/actions_py:/home/albert/udem2_ws/install/lifecycle_py:/home/albert/udem2_ws/install/executors_py:/home/albert/udem2_ws/install/components_py:/home/albert/udem_ws/install/turtlesim_catcher:/home/albert/udem_ws/install/my_py_pkg:/home/albert/udem_ws/install/lifecycle_py:/home/albert/bcdc_ws/install/agbot_teleop:/home/albert/bcdc_ws/install/agbot_py:/home/albert/arduinobot_ws/install/arduinobot_py_examples:/opt/ros/humble LD_LIBRARY_PATH=/home/albert/ag_arm_ws/src/install/arm_msgs/lib:/home/albert/ws_moveit2/install/pilz_industrial_motion_planner_testutils/lib:/home/albert/ws_moveit2/install/pilz_industrial_motion_planner/lib:/home/albert/ws_moveit2/install/moveit_visual_tools/lib:/home/albert/ws_moveit2/install/moveit_task_constructor_visualization/lib:/home/albert/ws_moveit2/install/moveit_task_constructor_demo/lib:/home/albert/ws_moveit2/install/moveit_task_constructor_capabilities/lib:/home/albert/ws_moveit2/install/moveit_task_constructor_core/lib:/home/albert/ws_moveit2/install/moveit_ros_control_interface/lib:/home/albert/ws_moveit2/install/moveit_simple_controller_manager/lib:/home/albert/ws_moveit2/install/moveit_setup_assistant/lib:/home/albert/ws_moveit2/install/moveit_setup_srdf_plugins/lib:/home/albert/ws_moveit2/install/moveit_setup_core_plugins/lib:/home/albert/ws_moveit2/install/moveit_setup_controllers/lib:/home/albert/ws_moveit2/install/moveit_setup_app_plugins/lib:/home/albert/ws_moveit2/install/moveit_setup_framework/lib:/home/albert/ws_moveit2/install/moveit_servo/lib:/home/albert/ws_moveit2/install/moveit_ros_visualization/lib:/home/albert/ws_moveit2/install/moveit_hybrid_planning/lib:/home/albert/ws_moveit2/install/moveit_ros_planning_interface/lib:/home/albert/ws_moveit2/install/moveit_ros_benchmarks/lib:/home/albert/ws_moveit2/install/moveit_ros_warehouse/lib:/home/albert/ws_moveit2/install/moveit_ros_robot_interaction/lib:/home/albert/ws_moveit2/install/moveit_ros_perception/lib:/home/albert/ws_moveit2/install/moveit_ros_move_group/lib:/home/albert/ws_moveit2/install/moveit_planners_ompl/lib:/home/albert/ws_moveit2/install/moveit_ros_planning/lib:/home/albert/ws_moveit2/install/moveit_ros_occupancy_map_monitor/lib:/home/albert/ws_moveit2/install/moveit_resources_prbt_ikfast_manipulator_plugin/lib:/home/albert/ws_moveit2/install/moveit_planners_chomp/lib:/home/albert/ws_moveit2/install/moveit_kinematics/lib:/home/albert/ws_moveit2/install/moveit_chomp_optimizer_adapter/lib:/home/albert/ws_moveit2/install/chomp_motion_planner/lib:/home/albert/ws_moveit2/install/moveit_core/lib:/home/albert/ws_moveit2/install/srdfdom/lib:/home/albert/ws_moveit2/install/rviz_marker_tools/lib:/home/albert/ws_moveit2/install/rosparam_shortcuts/lib:/home/albert/ws_moveit2/install/moveit_task_constructor_msgs/lib:/home/albert/umov_ws/install/arduino_remote/lib:/home/albert/umov_ws/install/arduino_cpp_examples/lib:/home/albert/umov_ws/install/arduino_msgs/lib:/home/albert/umov_ws/install/arduino_controller/lib:/home/albert/udem2_ws/install/final_project_cpp/lib:/home/albert/udem2_ws/install/robot_interfaces/lib:/home/albert/udem2_ws/install/components_cpp/lib:/home/albert/udem_ws/install/my_robot_interfaces/lib:/home/albert/bcdc_ws/install/aggiebot_msgs/lib:/home/albert/bcdc_ws/install/agbot_msgs/lib:/home/albert/arduinobot_ws/install/arduinobot_remote/lib:/home/albert/arduinobot_ws/install/arduinobot_cpp_examples/lib:/home/albert/arduinobot_ws/install/arduinobot_msgs/lib:/usr/lib/x86_64-linux-gnu/gazebo-11/plugins:/opt/ros/humble/opt/rviz_ogre_vendor/lib:/opt/ros/humble/lib/x86_64-linux-gnu:/opt/ros/humble/lib:/usr/share/gazebo/../../lib/x86_64-linux-gnu/gazebo-11/plugins PYTHONPATH=/home/albert/ag_arm_ws/src/install/arm_msgs/local/lib/python3.10/dist-packages:${PYTHONPATH} /home/albert/.local/bin/cmake --install /home/albert/ag_arm_ws/src/build/arm_cpp
[1.694s] Level 1:colcon.colcon_core.environment:create_environment_scripts_only(arm_cpp)
[1.695s] Level 1:colcon.colcon_core.environment:checking '/home/albert/ag_arm_ws/src/install/arm_cpp' for CMake module files
[1.696s] DEBUG:colcon.colcon_core.event_handler.log_command:Invoked command in '/home/albert/ag_arm_ws/src/build/arm_cpp' returned '0': AMENT_PREFIX_PATH=/home/albert/ag_arm_ws/src/install/arm_msgs:${AMENT_PREFIX_PATH} CMAKE_PREFIX_PATH=/home/albert/ag_arm_ws/src/install/arm_msgs:/home/albert/umov_ws/install/arduino_bringup:/home/albert/ag_arm_ws/install/arm_setup_moveit:/home/albert/ag_arm_ws/install/arm_moveit:/home/albert/ag_arm_ws/install/arm_description:/home/albert/ag_arm_ws/install/arm_cpp:/home/albert/ag_arm_ws/install/arm_controller:/home/albert/ws_moveit2/install/pilz_industrial_motion_planner_testutils:/home/albert/ws_moveit2/install/moveit_runtime:/home/albert/ws_moveit2/install/moveit2_tutorials:/home/albert/ws_moveit2/install/moveit:/home/albert/ws_moveit2/install/moveit_planners:/home/albert/ws_moveit2/install/pilz_industrial_motion_planner:/home/albert/ws_moveit2/install/moveit_visual_tools:/home/albert/ws_moveit2/install/moveit_task_constructor_visualization:/home/albert/ws_moveit2/install/moveit_task_constructor_demo:/home/albert/ws_moveit2/install/moveit_task_constructor_capabilities:/home/albert/ws_moveit2/install/moveit_task_constructor_core:/home/albert/ws_moveit2/install/moveit_ros_control_interface:/home/albert/ws_moveit2/install/moveit_plugins:/home/albert/ws_moveit2/install/moveit_simple_controller_manager:/home/albert/ws_moveit2/install/moveit_setup_assistant:/home/albert/ws_moveit2/install/moveit_setup_srdf_plugins:/home/albert/ws_moveit2/install/moveit_setup_core_plugins:/home/albert/ws_moveit2/install/moveit_setup_controllers:/home/albert/ws_moveit2/install/moveit_setup_app_plugins:/home/albert/ws_moveit2/install/moveit_setup_framework:/home/albert/ws_moveit2/install/moveit_servo:/home/albert/ws_moveit2/install/moveit_ros:/home/albert/ws_moveit2/install/moveit_ros_visualization:/home/albert/ws_moveit2/install/moveit_hybrid_planning:/home/albert/ws_moveit2/install/moveit_ros_planning_interface:/home/albert/ws_moveit2/install/moveit_ros_benchmarks:/home/albert/ws_moveit2/install/moveit_ros_warehouse:/home/albert/ws_moveit2/install/moveit_ros_robot_interaction:/home/albert/ws_moveit2/install/moveit_ros_perception:/home/albert/ws_moveit2/install/moveit_resources_prbt_pg70_support:/home/albert/ws_moveit2/install/moveit_resources_prbt_moveit_config:/home/albert/ws_moveit2/install/moveit_ros_move_group:/home/albert/ws_moveit2/install/moveit_planners_ompl:/home/albert/ws_moveit2/install/moveit_ros_planning:/home/albert/ws_moveit2/install/moveit_ros_occupancy_map_monitor:/home/albert/ws_moveit2/install/moveit_resources_prbt_ikfast_manipulator_plugin:/home/albert/ws_moveit2/install/moveit_planners_chomp:/home/albert/ws_moveit2/install/moveit_kinematics:/home/albert/ws_moveit2/install/moveit_chomp_optimizer_adapter:/home/albert/ws_moveit2/install/chomp_motion_planner:/home/albert/ws_moveit2/install/moveit_core:/home/albert/ws_moveit2/install/srdfdom:/home/albert/ws_moveit2/install/rviz_marker_tools:/home/albert/ws_moveit2/install/rosparam_shortcuts:/home/albert/ws_moveit2/install/moveit_task_constructor_msgs:/home/albert/ws_moveit2/install/moveit_resources_prbt_support:/home/albert/ws_moveit2/install/moveit_resources:/home/albert/ws_moveit2/install/moveit_resources_pr2_description:/home/albert/ws_moveit2/install/moveit_resources_panda_moveit_config:/home/albert/ws_moveit2/install/moveit_resources_panda_description:/home/albert/ws_moveit2/install/moveit_resources_fanuc_moveit_config:/home/albert/ws_moveit2/install/moveit_resources_fanuc_description:/home/albert/ws_moveit2/install/moveit_common:/home/albert/umov_ws/install/moveitassistant:/home/albert/umov_ws/install/description:/home/albert/umov_ws/install/arduinobot_bringup:/home/albert/umov_ws/install/arduino_utils:/home/albert/umov_ws/install/arduino_remote:/home/albert/umov_ws/install/arduino_cpp_examples:/home/albert/umov_ws/install/arduino_msgs:/home/albert/umov_ws/install/arduino_moveit:/home/albert/umov_ws/install/arduino_firmware:/home/albert/umov_ws/install/arduino_controller:/home/albert/unav_ws/install/turtlebot3_fake_node:/home/albert/unav_ws/install/robot_bringup:/home/albert/unav_ws/install/nav2_robot_description:/home/albert/udem2_ws/install/robot_bringup:/home/albert/udem2_ws/install/my_robot_bringup:/home/albert/udem2_ws/install/lifecycle_cpp:/home/albert/udem2_ws/install/final_project_cpp:/home/albert/udem2_ws/install/actions_cpp:/home/albert/udem2_ws/install/robot_interfaces:/home/albert/udem2_ws/install/executors_cpp:/home/albert/udem2_ws/install/components_cpp:/home/albert/udem_ws/install/my_robot_bringup:/home/albert/udem_ws/install/my_cpp_pkg:/home/albert/udem_ws/install/my_robot_interfaces:/home/albert/udem_ws/install/my_robot_description:/home/albert/udem_ws/install/lifecycle_cpp:/home/albert/bcdc_ws/install/aggiebot_cpp:/home/albert/bcdc_ws/install/aggiebot_msgs:/home/albert/bcdc_ws/install/aggiebot_description:/home/albert/bcdc_ws/install/aggiebot_controller:/home/albert/bcdc_ws/install/aggiebot_bringup:/home/albert/bcdc_ws/install/aggiebot_arm_moveit:/home/albert/bcdc_ws/install/aggiebot_arm_description:/home/albert/bcdc_ws/install/aggiebot_arm_controller:/home/albert/bcdc_ws/install/agbot_setup_moveit:/home/albert/bcdc_ws/install/agbot_cpp:/home/albert/bcdc_ws/install/agbot_msgs:/home/albert/bcdc_ws/install/agbot_moveit:/home/albert/bcdc_ws/install/agbot_description:/home/albert/bcdc_ws/install/agbot_controller:/home/albert/bcdc_ws/install/agbot_bringup:/home/albert/bcdc_ws/install/agbot_arm_controller:/home/albert/arduinobot_ws/install/arduinobot_utils:/home/albert/arduinobot_ws/install/arduinobot_remote:/home/albert/arduinobot_ws/install/arduinobot_cpp_examples:/home/albert/arduinobot_ws/install/arduinobot_msgs:/home/albert/arduinobot_ws/install/arduinobot_moveit_setup:/home/albert/arduinobot_ws/install/arduinobot_moveit:/home/albert/arduinobot_ws/install/arduinobot_description:/home/albert/arduinobot_ws/install/arduinobot_controller:/home/albert/rad_ws/install/agbot_full_nav2:/home/albert/rad_ws/install/agbot_full_msgs:/home/albert/rad_ws/install/agbot_full_moveit_setup:/home/albert/rad_ws/install/agbot_full_moveit:/home/albert/rad_ws/install/agbot_full_description:/home/albert/rad_ws/install/agbot_full_cpp:/home/albert/rad_ws/install/agbot_full_controller:/home/albert/rad_ws/install/agbot_full_cartogropher:/home/albert/dev_ws/install/my_bot:/home/albert/ag_car_ws/install/car_nav2:/home/albert/ag_car_ws/install/car_description:/home/albert/ag_car_ws/install/car_controller:/home/albert/ag_car_ws/install/car_cartographer:/home/albert/ws_moveit2/install/moveit_configs_utils:/home/albert/ws_moveit2/install/launch_param_builder:/home/albert/umov_ws/install/arduino_py_examples:/home/albert/udem2_ws/install/actions_py:/home/albert/udem2_ws/install/lifecycle_py:/home/albert/udem2_ws/install/executors_py:/home/albert/udem2_ws/install/components_py:/home/albert/udem_ws/install/turtlesim_catcher:/home/albert/udem_ws/install/my_py_pkg:/home/albert/udem_ws/install/lifecycle_py:/home/albert/bcdc_ws/install/agbot_teleop:/home/albert/bcdc_ws/install/agbot_py:/home/albert/arduinobot_ws/install/arduinobot_py_examples:/opt/ros/humble LD_LIBRARY_PATH=/home/albert/ag_arm_ws/src/install/arm_msgs/lib:/home/albert/ws_moveit2/install/pilz_industrial_motion_planner_testutils/lib:/home/albert/ws_moveit2/install/pilz_industrial_motion_planner/lib:/home/albert/ws_moveit2/install/moveit_visual_tools/lib:/home/albert/ws_moveit2/install/moveit_task_constructor_visualization/lib:/home/albert/ws_moveit2/install/moveit_task_constructor_demo/lib:/home/albert/ws_moveit2/install/moveit_task_constructor_capabilities/lib:/home/albert/ws_moveit2/install/moveit_task_constructor_core/lib:/home/albert/ws_moveit2/install/moveit_ros_control_interface/lib:/home/albert/ws_moveit2/install/moveit_simple_controller_manager/lib:/home/albert/ws_moveit2/install/moveit_setup_assistant/lib:/home/albert/ws_moveit2/install/moveit_setup_srdf_plugins/lib:/home/albert/ws_moveit2/install/moveit_setup_core_plugins/lib:/home/albert/ws_moveit2/install/moveit_setup_controllers/lib:/home/albert/ws_moveit2/install/moveit_setup_app_plugins/lib:/home/albert/ws_moveit2/install/moveit_setup_framework/lib:/home/albert/ws_moveit2/install/moveit_servo/lib:/home/albert/ws_moveit2/install/moveit_ros_visualization/lib:/home/albert/ws_moveit2/install/moveit_hybrid_planning/lib:/home/albert/ws_moveit2/install/moveit_ros_planning_interface/lib:/home/albert/ws_moveit2/install/moveit_ros_benchmarks/lib:/home/albert/ws_moveit2/install/moveit_ros_warehouse/lib:/home/albert/ws_moveit2/install/moveit_ros_robot_interaction/lib:/home/albert/ws_moveit2/install/moveit_ros_perception/lib:/home/albert/ws_moveit2/install/moveit_ros_move_group/lib:/home/albert/ws_moveit2/install/moveit_planners_ompl/lib:/home/albert/ws_moveit2/install/moveit_ros_planning/lib:/home/albert/ws_moveit2/install/moveit_ros_occupancy_map_monitor/lib:/home/albert/ws_moveit2/install/moveit_resources_prbt_ikfast_manipulator_plugin/lib:/home/albert/ws_moveit2/install/moveit_planners_chomp/lib:/home/albert/ws_moveit2/install/moveit_kinematics/lib:/home/albert/ws_moveit2/install/moveit_chomp_optimizer_adapter/lib:/home/albert/ws_moveit2/install/chomp_motion_planner/lib:/home/albert/ws_moveit2/install/moveit_core/lib:/home/albert/ws_moveit2/install/srdfdom/lib:/home/albert/ws_moveit2/install/rviz_marker_tools/lib:/home/albert/ws_moveit2/install/rosparam_shortcuts/lib:/home/albert/ws_moveit2/install/moveit_task_constructor_msgs/lib:/home/albert/umov_ws/install/arduino_remote/lib:/home/albert/umov_ws/install/arduino_cpp_examples/lib:/home/albert/umov_ws/install/arduino_msgs/lib:/home/albert/umov_ws/install/arduino_controller/lib:/home/albert/udem2_ws/install/final_project_cpp/lib:/home/albert/udem2_ws/install/robot_interfaces/lib:/home/albert/udem2_ws/install/components_cpp/lib:/home/albert/udem_ws/install/my_robot_interfaces/lib:/home/albert/bcdc_ws/install/aggiebot_msgs/lib:/home/albert/bcdc_ws/install/agbot_msgs/lib:/home/albert/arduinobot_ws/install/arduinobot_remote/lib:/home/albert/arduinobot_ws/install/arduinobot_cpp_examples/lib:/home/albert/arduinobot_ws/install/arduinobot_msgs/lib:/usr/lib/x86_64-linux-gnu/gazebo-11/plugins:/opt/ros/humble/opt/rviz_ogre_vendor/lib:/opt/ros/humble/lib/x86_64-linux-gnu:/opt/ros/humble/lib:/usr/share/gazebo/../../lib/x86_64-linux-gnu/gazebo-11/plugins PYTHONPATH=/home/albert/ag_arm_ws/src/install/arm_msgs/local/lib/python3.10/dist-packages:${PYTHONPATH} /home/albert/.local/bin/cmake --install /home/albert/ag_arm_ws/src/build/arm_cpp
[1.696s] Level 1:colcon.colcon_core.environment:checking '/home/albert/ag_arm_ws/src/install/arm_cpp' for CMake config files
[1.697s] Level 1:colcon.colcon_core.shell:create_environment_hook('arm_cpp', 'cmake_prefix_path')
[1.697s] INFO:colcon.colcon_core.shell:Creating environment hook '/home/albert/ag_arm_ws/src/install/arm_cpp/share/arm_cpp/hook/cmake_prefix_path.ps1'
[1.697s] INFO:colcon.colcon_core.shell:Creating environment descriptor '/home/albert/ag_arm_ws/src/install/arm_cpp/share/arm_cpp/hook/cmake_prefix_path.dsv'
[1.698s] INFO:colcon.colcon_core.shell:Creating environment hook '/home/albert/ag_arm_ws/src/install/arm_cpp/share/arm_cpp/hook/cmake_prefix_path.sh'
[1.699s] Level 1:colcon.colcon_core.environment:checking '/home/albert/ag_arm_ws/src/install/arm_cpp/lib'
[1.699s] Level 1:colcon.colcon_core.environment:checking '/home/albert/ag_arm_ws/src/install/arm_cpp/bin'
[1.699s] Level 1:colcon.colcon_core.environment:checking '/home/albert/ag_arm_ws/src/install/arm_cpp/lib/pkgconfig/arm_cpp.pc'
[1.699s] Level 1:colcon.colcon_core.environment:checking '/home/albert/ag_arm_ws/src/install/arm_cpp/lib/python3.10/site-packages'
[1.700s] Level 1:colcon.colcon_core.environment:checking '/home/albert/ag_arm_ws/src/install/arm_cpp/bin'
[1.700s] INFO:colcon.colcon_core.shell:Creating package script '/home/albert/ag_arm_ws/src/install/arm_cpp/share/arm_cpp/package.ps1'
[1.701s] INFO:colcon.colcon_core.shell:Creating package descriptor '/home/albert/ag_arm_ws/src/install/arm_cpp/share/arm_cpp/package.dsv'
[1.701s] INFO:colcon.colcon_core.shell:Creating package script '/home/albert/ag_arm_ws/src/install/arm_cpp/share/arm_cpp/package.sh'
[1.702s] INFO:colcon.colcon_core.shell:Creating package script '/home/albert/ag_arm_ws/src/install/arm_cpp/share/arm_cpp/package.bash'
[1.702s] INFO:colcon.colcon_core.shell:Creating package script '/home/albert/ag_arm_ws/src/install/arm_cpp/share/arm_cpp/package.zsh'
[1.703s] Level 1:colcon.colcon_core.environment:create_file_with_runtime_dependencies(/home/albert/ag_arm_ws/src/install/arm_cpp/share/colcon-core/packages/arm_cpp)
[1.703s] Level 1:colcon.colcon_core.environment:create_environment_scripts_only(arm_cpp)
[1.704s] Level 1:colcon.colcon_core.environment:checking '/home/albert/ag_arm_ws/src/install/arm_cpp' for CMake module files
[1.705s] Level 1:colcon.colcon_core.environment:checking '/home/albert/ag_arm_ws/src/install/arm_cpp' for CMake config files
[1.705s] Level 1:colcon.colcon_core.shell:create_environment_hook('arm_cpp', 'cmake_prefix_path')
[1.705s] INFO:colcon.colcon_core.shell:Creating environment hook '/home/albert/ag_arm_ws/src/install/arm_cpp/share/arm_cpp/hook/cmake_prefix_path.ps1'
[1.706s] INFO:colcon.colcon_core.shell:Creating environment descriptor '/home/albert/ag_arm_ws/src/install/arm_cpp/share/arm_cpp/hook/cmake_prefix_path.dsv'
[1.706s] INFO:colcon.colcon_core.shell:Creating environment hook '/home/albert/ag_arm_ws/src/install/arm_cpp/share/arm_cpp/hook/cmake_prefix_path.sh'
[1.707s] Level 1:colcon.colcon_core.environment:checking '/home/albert/ag_arm_ws/src/install/arm_cpp/lib'
[1.707s] Level 1:colcon.colcon_core.environment:checking '/home/albert/ag_arm_ws/src/install/arm_cpp/bin'
[1.707s] Level 1:colcon.colcon_core.environment:checking '/home/albert/ag_arm_ws/src/install/arm_cpp/lib/pkgconfig/arm_cpp.pc'
[1.708s] Level 1:colcon.colcon_core.environment:checking '/home/albert/ag_arm_ws/src/install/arm_cpp/lib/python3.10/site-packages'
[1.708s] Level 1:colcon.colcon_core.environment:checking '/home/albert/ag_arm_ws/src/install/arm_cpp/bin'
[1.708s] INFO:colcon.colcon_core.shell:Creating package script '/home/albert/ag_arm_ws/src/install/arm_cpp/share/arm_cpp/package.ps1'
[1.710s] INFO:colcon.colcon_core.shell:Creating package descriptor '/home/albert/ag_arm_ws/src/install/arm_cpp/share/arm_cpp/package.dsv'
[1.710s] INFO:colcon.colcon_core.shell:Creating package script '/home/albert/ag_arm_ws/src/install/arm_cpp/share/arm_cpp/package.sh'
[1.711s] INFO:colcon.colcon_core.shell:Creating package script '/home/albert/ag_arm_ws/src/install/arm_cpp/share/arm_cpp/package.bash'
[1.712s] INFO:colcon.colcon_core.shell:Creating package script '/home/albert/ag_arm_ws/src/install/arm_cpp/share/arm_cpp/package.zsh'
[1.712s] Level 1:colcon.colcon_core.environment:create_file_with_runtime_dependencies(/home/albert/ag_arm_ws/src/install/arm_cpp/share/colcon-core/packages/arm_cpp)
[1.946s] DEBUG:colcon.colcon_core.event_handler.log_command:Invoking command in '/home/albert/ag_arm_ws/src/arm_py': PYTHONPATH=/home/albert/ag_arm_ws/src/build/arm_py/prefix_override:/usr/lib/python3/dist-packages/colcon_core/task/python/colcon_distutils_commands:/home/albert/ag_arm_ws/src/install/arm_py/lib/python3.10/site-packages:${PYTHONPATH} /usr/bin/python3 -W ignore:setup.py install is deprecated -W ignore:easy_install command is deprecated setup.py egg_info --egg-base ../build/arm_py build --build-base /home/albert/ag_arm_ws/src/build/arm_py/build install --record /home/albert/ag_arm_ws/src/build/arm_py/install.log --single-version-externally-managed install_data
[2.440s] Level 1:colcon.colcon_core.environment:checking '/home/albert/ag_arm_ws/src/install/arm_py' for CMake module files
[2.442s] DEBUG:colcon.colcon_core.event_handler.log_command:Invoked command in '/home/albert/ag_arm_ws/src/arm_py' returned '0': PYTHONPATH=/home/albert/ag_arm_ws/src/build/arm_py/prefix_override:/usr/lib/python3/dist-packages/colcon_core/task/python/colcon_distutils_commands:/home/albert/ag_arm_ws/src/install/arm_py/lib/python3.10/site-packages:${PYTHONPATH} /usr/bin/python3 -W ignore:setup.py install is deprecated -W ignore:easy_install command is deprecated setup.py egg_info --egg-base ../build/arm_py build --build-base /home/albert/ag_arm_ws/src/build/arm_py/build install --record /home/albert/ag_arm_ws/src/build/arm_py/install.log --single-version-externally-managed install_data
[2.442s] Level 1:colcon.colcon_core.environment:checking '/home/albert/ag_arm_ws/src/install/arm_py' for CMake config files
[2.443s] Level 1:colcon.colcon_core.environment:checking '/home/albert/ag_arm_ws/src/install/arm_py/lib'
[2.443s] Level 1:colcon.colcon_core.environment:checking '/home/albert/ag_arm_ws/src/install/arm_py/bin'
[2.443s] Level 1:colcon.colcon_core.environment:checking '/home/albert/ag_arm_ws/src/install/arm_py/lib/pkgconfig/arm_py.pc'
[2.443s] Level 1:colcon.colcon_core.environment:checking '/home/albert/ag_arm_ws/src/install/arm_py/lib/python3.10/site-packages'
[2.443s] Level 1:colcon.colcon_core.shell:create_environment_hook('arm_py', 'pythonpath')
[2.443s] INFO:colcon.colcon_core.shell:Creating environment hook '/home/albert/ag_arm_ws/src/install/arm_py/share/arm_py/hook/pythonpath.ps1'
[2.444s] INFO:colcon.colcon_core.shell:Creating environment descriptor '/home/albert/ag_arm_ws/src/install/arm_py/share/arm_py/hook/pythonpath.dsv'
[2.444s] INFO:colcon.colcon_core.shell:Creating environment hook '/home/albert/ag_arm_ws/src/install/arm_py/share/arm_py/hook/pythonpath.sh'
[2.445s] Level 1:colcon.colcon_core.environment:checking '/home/albert/ag_arm_ws/src/install/arm_py/bin'
[2.445s] Level 1:colcon.colcon_core.environment:create_environment_scripts_only(arm_py)
[2.445s] INFO:colcon.colcon_core.shell:Creating package script '/home/albert/ag_arm_ws/src/install/arm_py/share/arm_py/package.ps1'
[2.446s] INFO:colcon.colcon_core.shell:Creating package descriptor '/home/albert/ag_arm_ws/src/install/arm_py/share/arm_py/package.dsv'
[2.446s] INFO:colcon.colcon_core.shell:Creating package script '/home/albert/ag_arm_ws/src/install/arm_py/share/arm_py/package.sh'
[2.447s] INFO:colcon.colcon_core.shell:Creating package script '/home/albert/ag_arm_ws/src/install/arm_py/share/arm_py/package.bash'
[2.447s] INFO:colcon.colcon_core.shell:Creating package script '/home/albert/ag_arm_ws/src/install/arm_py/share/arm_py/package.zsh'
[2.447s] Level 1:colcon.colcon_core.environment:create_file_with_runtime_dependencies(/home/albert/ag_arm_ws/src/install/arm_py/share/colcon-core/packages/arm_py)
[9.152s] DEBUG:colcon.colcon_core.event_handler.log_command:Invoked command in '/home/albert/ag_arm_ws/src/build/arm_remote' returned '2': AMENT_PREFIX_PATH=/home/albert/ag_arm_ws/src/install/arm_msgs:/home/albert/ag_arm_ws/src/install/arm_moveit:${AMENT_PREFIX_PATH} CMAKE_PREFIX_PATH=/home/albert/ag_arm_ws/src/install/arm_msgs:/home/albert/ag_arm_ws/src/install/arm_moveit:/home/albert/umov_ws/install/arduino_bringup:/home/albert/ag_arm_ws/install/arm_setup_moveit:/home/albert/ag_arm_ws/install/arm_moveit:/home/albert/ag_arm_ws/install/arm_description:/home/albert/ag_arm_ws/install/arm_cpp:/home/albert/ag_arm_ws/install/arm_controller:/home/albert/ws_moveit2/install/pilz_industrial_motion_planner_testutils:/home/albert/ws_moveit2/install/moveit_runtime:/home/albert/ws_moveit2/install/moveit2_tutorials:/home/albert/ws_moveit2/install/moveit:/home/albert/ws_moveit2/install/moveit_planners:/home/albert/ws_moveit2/install/pilz_industrial_motion_planner:/home/albert/ws_moveit2/install/moveit_visual_tools:/home/albert/ws_moveit2/install/moveit_task_constructor_visualization:/home/albert/ws_moveit2/install/moveit_task_constructor_demo:/home/albert/ws_moveit2/install/moveit_task_constructor_capabilities:/home/albert/ws_moveit2/install/moveit_task_constructor_core:/home/albert/ws_moveit2/install/moveit_ros_control_interface:/home/albert/ws_moveit2/install/moveit_plugins:/home/albert/ws_moveit2/install/moveit_simple_controller_manager:/home/albert/ws_moveit2/install/moveit_setup_assistant:/home/albert/ws_moveit2/install/moveit_setup_srdf_plugins:/home/albert/ws_moveit2/install/moveit_setup_core_plugins:/home/albert/ws_moveit2/install/moveit_setup_controllers:/home/albert/ws_moveit2/install/moveit_setup_app_plugins:/home/albert/ws_moveit2/install/moveit_setup_framework:/home/albert/ws_moveit2/install/moveit_servo:/home/albert/ws_moveit2/install/moveit_ros:/home/albert/ws_moveit2/install/moveit_ros_visualization:/home/albert/ws_moveit2/install/moveit_hybrid_planning:/home/albert/ws_moveit2/install/moveit_ros_planning_interface:/home/albert/ws_moveit2/install/moveit_ros_benchmarks:/home/albert/ws_moveit2/install/moveit_ros_warehouse:/home/albert/ws_moveit2/install/moveit_ros_robot_interaction:/home/albert/ws_moveit2/install/moveit_ros_perception:/home/albert/ws_moveit2/install/moveit_resources_prbt_pg70_support:/home/albert/ws_moveit2/install/moveit_resources_prbt_moveit_config:/home/albert/ws_moveit2/install/moveit_ros_move_group:/home/albert/ws_moveit2/install/moveit_planners_ompl:/home/albert/ws_moveit2/install/moveit_ros_planning:/home/albert/ws_moveit2/install/moveit_ros_occupancy_map_monitor:/home/albert/ws_moveit2/install/moveit_resources_prbt_ikfast_manipulator_plugin:/home/albert/ws_moveit2/install/moveit_planners_chomp:/home/albert/ws_moveit2/install/moveit_kinematics:/home/albert/ws_moveit2/install/moveit_chomp_optimizer_adapter:/home/albert/ws_moveit2/install/chomp_motion_planner:/home/albert/ws_moveit2/install/moveit_core:/home/albert/ws_moveit2/install/srdfdom:/home/albert/ws_moveit2/install/rviz_marker_tools:/home/albert/ws_moveit2/install/rosparam_shortcuts:/home/albert/ws_moveit2/install/moveit_task_constructor_msgs:/home/albert/ws_moveit2/install/moveit_resources_prbt_support:/home/albert/ws_moveit2/install/moveit_resources:/home/albert/ws_moveit2/install/moveit_resources_pr2_description:/home/albert/ws_moveit2/install/moveit_resources_panda_moveit_config:/home/albert/ws_moveit2/install/moveit_resources_panda_description:/home/albert/ws_moveit2/install/moveit_resources_fanuc_moveit_config:/home/albert/ws_moveit2/install/moveit_resources_fanuc_description:/home/albert/ws_moveit2/install/moveit_common:/home/albert/umov_ws/install/moveitassistant:/home/albert/umov_ws/install/description:/home/albert/umov_ws/install/arduinobot_bringup:/home/albert/umov_ws/install/arduino_utils:/home/albert/umov_ws/install/arduino_remote:/home/albert/umov_ws/install/arduino_cpp_examples:/home/albert/umov_ws/install/arduino_msgs:/home/albert/umov_ws/install/arduino_moveit:/home/albert/umov_ws/install/arduino_firmware:/home/albert/umov_ws/install/arduino_controller:/home/albert/unav_ws/install/turtlebot3_fake_node:/home/albert/unav_ws/install/robot_bringup:/home/albert/unav_ws/install/nav2_robot_description:/home/albert/udem2_ws/install/robot_bringup:/home/albert/udem2_ws/install/my_robot_bringup:/home/albert/udem2_ws/install/lifecycle_cpp:/home/albert/udem2_ws/install/final_project_cpp:/home/albert/udem2_ws/install/actions_cpp:/home/albert/udem2_ws/install/robot_interfaces:/home/albert/udem2_ws/install/executors_cpp:/home/albert/udem2_ws/install/components_cpp:/home/albert/udem_ws/install/my_robot_bringup:/home/albert/udem_ws/install/my_cpp_pkg:/home/albert/udem_ws/install/my_robot_interfaces:/home/albert/udem_ws/install/my_robot_description:/home/albert/udem_ws/install/lifecycle_cpp:/home/albert/bcdc_ws/install/aggiebot_cpp:/home/albert/bcdc_ws/install/aggiebot_msgs:/home/albert/bcdc_ws/install/aggiebot_description:/home/albert/bcdc_ws/install/aggiebot_controller:/home/albert/bcdc_ws/install/aggiebot_bringup:/home/albert/bcdc_ws/install/aggiebot_arm_moveit:/home/albert/bcdc_ws/install/aggiebot_arm_description:/home/albert/bcdc_ws/install/aggiebot_arm_controller:/home/albert/bcdc_ws/install/agbot_setup_moveit:/home/albert/bcdc_ws/install/agbot_cpp:/home/albert/bcdc_ws/install/agbot_msgs:/home/albert/bcdc_ws/install/agbot_moveit:/home/albert/bcdc_ws/install/agbot_description:/home/albert/bcdc_ws/install/agbot_controller:/home/albert/bcdc_ws/install/agbot_bringup:/home/albert/bcdc_ws/install/agbot_arm_controller:/home/albert/arduinobot_ws/install/arduinobot_utils:/home/albert/arduinobot_ws/install/arduinobot_remote:/home/albert/arduinobot_ws/install/arduinobot_cpp_examples:/home/albert/arduinobot_ws/install/arduinobot_msgs:/home/albert/arduinobot_ws/install/arduinobot_moveit_setup:/home/albert/arduinobot_ws/install/arduinobot_moveit:/home/albert/arduinobot_ws/install/arduinobot_description:/home/albert/arduinobot_ws/install/arduinobot_controller:/home/albert/rad_ws/install/agbot_full_nav2:/home/albert/rad_ws/install/agbot_full_msgs:/home/albert/rad_ws/install/agbot_full_moveit_setup:/home/albert/rad_ws/install/agbot_full_moveit:/home/albert/rad_ws/install/agbot_full_description:/home/albert/rad_ws/install/agbot_full_cpp:/home/albert/rad_ws/install/agbot_full_controller:/home/albert/rad_ws/install/agbot_full_cartogropher:/home/albert/dev_ws/install/my_bot:/home/albert/ag_car_ws/install/car_nav2:/home/albert/ag_car_ws/install/car_description:/home/albert/ag_car_ws/install/car_controller:/home/albert/ag_car_ws/install/car_cartographer:/home/albert/ws_moveit2/install/moveit_configs_utils:/home/albert/ws_moveit2/install/launch_param_builder:/home/albert/umov_ws/install/arduino_py_examples:/home/albert/udem2_ws/install/actions_py:/home/albert/udem2_ws/install/lifecycle_py:/home/albert/udem2_ws/install/executors_py:/home/albert/udem2_ws/install/components_py:/home/albert/udem_ws/install/turtlesim_catcher:/home/albert/udem_ws/install/my_py_pkg:/home/albert/udem_ws/install/lifecycle_py:/home/albert/bcdc_ws/install/agbot_teleop:/home/albert/bcdc_ws/install/agbot_py:/home/albert/arduinobot_ws/install/arduinobot_py_examples:/opt/ros/humble LD_LIBRARY_PATH=/home/albert/ag_arm_ws/src/install/arm_msgs/lib:/home/albert/ws_moveit2/install/pilz_industrial_motion_planner_testutils/lib:/home/albert/ws_moveit2/install/pilz_industrial_motion_planner/lib:/home/albert/ws_moveit2/install/moveit_visual_tools/lib:/home/albert/ws_moveit2/install/moveit_task_constructor_visualization/lib:/home/albert/ws_moveit2/install/moveit_task_constructor_demo/lib:/home/albert/ws_moveit2/install/moveit_task_constructor_capabilities/lib:/home/albert/ws_moveit2/install/moveit_task_constructor_core/lib:/home/albert/ws_moveit2/install/moveit_ros_control_interface/lib:/home/albert/ws_moveit2/install/moveit_simple_controller_manager/lib:/home/albert/ws_moveit2/install/moveit_setup_assistant/lib:/home/albert/ws_moveit2/install/moveit_setup_srdf_plugins/lib:/home/albert/ws_moveit2/install/moveit_setup_core_plugins/lib:/home/albert/ws_moveit2/install/moveit_setup_controllers/lib:/home/albert/ws_moveit2/install/moveit_setup_app_plugins/lib:/home/albert/ws_moveit2/install/moveit_setup_framework/lib:/home/albert/ws_moveit2/install/moveit_servo/lib:/home/albert/ws_moveit2/install/moveit_ros_visualization/lib:/home/albert/ws_moveit2/install/moveit_hybrid_planning/lib:/home/albert/ws_moveit2/install/moveit_ros_planning_interface/lib:/home/albert/ws_moveit2/install/moveit_ros_benchmarks/lib:/home/albert/ws_moveit2/install/moveit_ros_warehouse/lib:/home/albert/ws_moveit2/install/moveit_ros_robot_interaction/lib:/home/albert/ws_moveit2/install/moveit_ros_perception/lib:/home/albert/ws_moveit2/install/moveit_ros_move_group/lib:/home/albert/ws_moveit2/install/moveit_planners_ompl/lib:/home/albert/ws_moveit2/install/moveit_ros_planning/lib:/home/albert/ws_moveit2/install/moveit_ros_occupancy_map_monitor/lib:/home/albert/ws_moveit2/install/moveit_resources_prbt_ikfast_manipulator_plugin/lib:/home/albert/ws_moveit2/install/moveit_planners_chomp/lib:/home/albert/ws_moveit2/install/moveit_kinematics/lib:/home/albert/ws_moveit2/install/moveit_chomp_optimizer_adapter/lib:/home/albert/ws_moveit2/install/chomp_motion_planner/lib:/home/albert/ws_moveit2/install/moveit_core/lib:/home/albert/ws_moveit2/install/srdfdom/lib:/home/albert/ws_moveit2/install/rviz_marker_tools/lib:/home/albert/ws_moveit2/install/rosparam_shortcuts/lib:/home/albert/ws_moveit2/install/moveit_task_constructor_msgs/lib:/home/albert/umov_ws/install/arduino_remote/lib:/home/albert/umov_ws/install/arduino_cpp_examples/lib:/home/albert/umov_ws/install/arduino_msgs/lib:/home/albert/umov_ws/install/arduino_controller/lib:/home/albert/udem2_ws/install/final_project_cpp/lib:/home/albert/udem2_ws/install/robot_interfaces/lib:/home/albert/udem2_ws/install/components_cpp/lib:/home/albert/udem_ws/install/my_robot_interfaces/lib:/home/albert/bcdc_ws/install/aggiebot_msgs/lib:/home/albert/bcdc_ws/install/agbot_msgs/lib:/home/albert/arduinobot_ws/install/arduinobot_remote/lib:/home/albert/arduinobot_ws/install/arduinobot_cpp_examples/lib:/home/albert/arduinobot_ws/install/arduinobot_msgs/lib:/usr/lib/x86_64-linux-gnu/gazebo-11/plugins:/opt/ros/humble/opt/rviz_ogre_vendor/lib:/opt/ros/humble/lib/x86_64-linux-gnu:/opt/ros/humble/lib:/usr/share/gazebo/../../lib/x86_64-linux-gnu/gazebo-11/plugins PYTHONPATH=/home/albert/ag_arm_ws/src/install/arm_msgs/local/lib/python3.10/dist-packages:${PYTHONPATH} /home/albert/.local/bin/cmake --build /home/albert/ag_arm_ws/src/build/arm_remote -- -j8 -l8
[9.152s] Level 1:colcon.colcon_core.environment:create_environment_scripts_only(arm_remote)
[9.153s] Level 1:colcon.colcon_core.environment:checking '/home/albert/ag_arm_ws/src/install/arm_remote' for CMake module files
[9.153s] Level 1:colcon.colcon_core.environment:checking '/home/albert/ag_arm_ws/src/install/arm_remote' for CMake config files
[9.153s] Level 1:colcon.colcon_core.shell:create_environment_hook('arm_remote', 'cmake_prefix_path')
[9.154s] INFO:colcon.colcon_core.shell:Creating environment hook '/home/albert/ag_arm_ws/src/install/arm_remote/share/arm_remote/hook/cmake_prefix_path.ps1'
[9.154s] INFO:colcon.colcon_core.shell:Creating environment descriptor '/home/albert/ag_arm_ws/src/install/arm_remote/share/arm_remote/hook/cmake_prefix_path.dsv'
[9.154s] INFO:colcon.colcon_core.shell:Creating environment hook '/home/albert/ag_arm_ws/src/install/arm_remote/share/arm_remote/hook/cmake_prefix_path.sh'
[9.155s] Level 1:colcon.colcon_core.environment:checking '/home/albert/ag_arm_ws/src/install/arm_remote/lib'
[9.155s] Level 1:colcon.colcon_core.shell:create_environment_hook('arm_remote', 'ld_library_path_lib')
[9.155s] INFO:colcon.colcon_core.shell:Creating environment hook '/home/albert/ag_arm_ws/src/install/arm_remote/share/arm_remote/hook/ld_library_path_lib.ps1'
[9.156s] INFO:colcon.colcon_core.shell:Creating environment descriptor '/home/albert/ag_arm_ws/src/install/arm_remote/share/arm_remote/hook/ld_library_path_lib.dsv'
[9.156s] INFO:colcon.colcon_core.shell:Creating environment hook '/home/albert/ag_arm_ws/src/install/arm_remote/share/arm_remote/hook/ld_library_path_lib.sh'
[9.156s] Level 1:colcon.colcon_core.environment:checking '/home/albert/ag_arm_ws/src/install/arm_remote/bin'
[9.156s] Level 1:colcon.colcon_core.environment:checking '/home/albert/ag_arm_ws/src/install/arm_remote/lib/pkgconfig/arm_remote.pc'
[9.157s] Level 1:colcon.colcon_core.environment:checking '/home/albert/ag_arm_ws/src/install/arm_remote/lib/python3.10/site-packages'
[9.157s] Level 1:colcon.colcon_core.environment:checking '/home/albert/ag_arm_ws/src/install/arm_remote/bin'
[9.157s] INFO:colcon.colcon_core.shell:Creating package script '/home/albert/ag_arm_ws/src/install/arm_remote/share/arm_remote/package.ps1'
[9.158s] INFO:colcon.colcon_core.shell:Creating package descriptor '/home/albert/ag_arm_ws/src/install/arm_remote/share/arm_remote/package.dsv'
[9.158s] INFO:colcon.colcon_core.shell:Creating package script '/home/albert/ag_arm_ws/src/install/arm_remote/share/arm_remote/package.sh'
[9.159s] INFO:colcon.colcon_core.shell:Creating package script '/home/albert/ag_arm_ws/src/install/arm_remote/share/arm_remote/package.bash'
[9.159s] INFO:colcon.colcon_core.shell:Creating package script '/home/albert/ag_arm_ws/src/install/arm_remote/share/arm_remote/package.zsh'
[9.159s] Level 1:colcon.colcon_core.environment:create_file_with_runtime_dependencies(/home/albert/ag_arm_ws/src/install/arm_remote/share/colcon-core/packages/arm_remote)
[9.170s] DEBUG:colcon.colcon_parallel_executor.executor.parallel:closing loop
[9.170s] DEBUG:colcon.colcon_parallel_executor.executor.parallel:loop closed
[9.170s] DEBUG:colcon.colcon_parallel_executor.executor.parallel:run_until_complete finished with '2'
[9.171s] DEBUG:colcon.colcon_core.event_reactor:joining thread
[9.177s] INFO:colcon.colcon_core.plugin_system:Skipping extension 'colcon_notification.desktop_notification.terminal_notifier': Not used on non-Darwin systems
[9.177s] INFO:colcon.colcon_core.plugin_system:Skipping extension 'colcon_notification.desktop_notification.win32': Not used on non-Windows systems
[9.177s] INFO:colcon.colcon_notification.desktop_notification:Sending desktop notification using 'notify2'
[9.187s] DEBUG:colcon.colcon_core.event_reactor:joined thread
[9.187s] INFO:colcon.colcon_core.shell:Creating prefix script '/home/albert/ag_arm_ws/src/install/local_setup.ps1'
[9.188s] INFO:colcon.colcon_core.shell:Creating prefix util module '/home/albert/ag_arm_ws/src/install/_local_setup_util_ps1.py'
[9.189s] INFO:colcon.colcon_core.shell:Creating prefix chain script '/home/albert/ag_arm_ws/src/install/setup.ps1'
[9.196s] INFO:colcon.colcon_core.shell:Creating prefix script '/home/albert/ag_arm_ws/src/install/local_setup.sh'
[9.196s] INFO:colcon.colcon_core.shell:Creating prefix util module '/home/albert/ag_arm_ws/src/install/_local_setup_util_sh.py'
[9.197s] INFO:colcon.colcon_core.shell:Creating prefix chain script '/home/albert/ag_arm_ws/src/install/setup.sh'
[9.203s] INFO:colcon.colcon_core.shell:Creating prefix script '/home/albert/ag_arm_ws/src/install/local_setup.bash'
[9.204s] INFO:colcon.colcon_core.shell:Creating prefix chain script '/home/albert/ag_arm_ws/src/install/setup.bash'
[9.211s] INFO:colcon.colcon_core.shell:Creating prefix script '/home/albert/ag_arm_ws/src/install/local_setup.zsh'
[9.212s] INFO:colcon.colcon_core.shell:Creating prefix chain script '/home/albert/ag_arm_ws/src/install/setup.zsh'
