[0.216s] DEBUG:colcon:Command line arguments: ['/usr/bin/colcon', 'build']
[0.216s] DEBUG:colcon:Parsed command line arguments: Namespace(log_base=None, log_level=None, verb_name='build', build_base='build', install_base='install', merge_install=False, symlink_install=False, test_result_base=None, continue_on_error=False, executor='parallel', parallel_workers=8, event_handlers=None, ignore_user_meta=False, metas=['./colcon.meta'], base_paths=['.'], packages_ignore=None, packages_ignore_regex=None, paths=None, packages_up_to=None, packages_up_to_regex=None, packages_above=None, packages_above_and_dependencies=None, packages_above_depth=None, packages_select_by_dep=None, packages_skip_by_dep=None, packages_skip_up_to=None, packages_select_build_failed=False, packages_skip_build_finished=False, packages_select_test_failures=False, packages_skip_test_passed=False, packages_select=None, packages_skip=None, packages_select_regex=None, packages_skip_regex=None, packages_start=None, packages_end=None, allow_overriding=[], cmake_args=None, cmake_target=None, cmake_target_skip_unavailable=False, cmake_clean_cache=False, cmake_clean_first=False, cmake_force_configure=False, ament_cmake_args=None, catkin_cmake_args=None, catkin_skip_building_tests=False, mixin_files=None, mixin=None, verb_parser=<colcon_mixin.mixin.mixin_argument.MixinArgumentDecorator object at 0x77d94f35bbb0>, verb_extension=<colcon_core.verb.build.BuildVerb object at 0x77d94f4a4af0>, main=<bound method BuildVerb.main of <colcon_core.verb.build.BuildVerb object at 0x77d94f4a4af0>>, mixin_verb=('build',))
[0.635s] Level 1:colcon.colcon_core.package_discovery:discover_packages(colcon_meta) check parameters
[0.635s] Level 1:colcon.colcon_core.package_discovery:discover_packages(recursive) check parameters
[0.635s] Level 1:colcon.colcon_core.package_discovery:discover_packages(ignore) check parameters
[0.635s] Level 1:colcon.colcon_core.package_discovery:discover_packages(path) check parameters
[0.635s] Level 1:colcon.colcon_core.package_discovery:discover_packages(colcon_meta) discover
[0.635s] Level 1:colcon.colcon_core.package_discovery:discover_packages(recursive) discover
[0.636s] INFO:colcon.colcon_core.package_discovery:Crawling recursively for packages in '/home/albert/ag_arm_ws'
[0.636s] Level 1:colcon.colcon_core.package_identification:_identify(.) by extensions ['ignore', 'ignore_ament_install']
[0.636s] Level 1:colcon.colcon_core.package_identification:_identify(.) by extension 'ignore'
[0.636s] Level 1:colcon.colcon_core.package_identification:_identify(.) by extension 'ignore_ament_install'
[0.636s] Level 1:colcon.colcon_core.package_identification:_identify(.) by extensions ['colcon_pkg']
[0.636s] Level 1:colcon.colcon_core.package_identification:_identify(.) by extension 'colcon_pkg'
[0.636s] Level 1:colcon.colcon_core.package_identification:_identify(.) by extensions ['colcon_meta']
[0.636s] Level 1:colcon.colcon_core.package_identification:_identify(.) by extension 'colcon_meta'
[0.636s] Level 1:colcon.colcon_core.package_identification:_identify(.) by extensions ['ros']
[0.636s] Level 1:colcon.colcon_core.package_identification:_identify(.) by extension 'ros'
[0.666s] Level 1:colcon.colcon_core.package_identification:_identify(.) by extensions ['cmake', 'python']
[0.667s] Level 1:colcon.colcon_core.package_identification:_identify(.) by extension 'cmake'
[0.667s] Level 1:colcon.colcon_core.package_identification:_identify(.) by extension 'python'
[0.667s] Level 1:colcon.colcon_core.package_identification:_identify(.) by extensions ['python_setup_py']
[0.667s] Level 1:colcon.colcon_core.package_identification:_identify(.) by extension 'python_setup_py'
[0.667s] Level 1:colcon.colcon_core.package_identification:_identify(build) by extensions ['ignore', 'ignore_ament_install']
[0.667s] Level 1:colcon.colcon_core.package_identification:_identify(build) by extension 'ignore'
[0.667s] Level 1:colcon.colcon_core.package_identification:_identify(build) ignored
[0.667s] Level 1:colcon.colcon_core.package_identification:_identify(install) by extensions ['ignore', 'ignore_ament_install']
[0.668s] Level 1:colcon.colcon_core.package_identification:_identify(install) by extension 'ignore'
[0.668s] Level 1:colcon.colcon_core.package_identification:_identify(install) ignored
[0.668s] Level 1:colcon.colcon_core.package_identification:_identify(log) by extensions ['ignore', 'ignore_ament_install']
[0.668s] Level 1:colcon.colcon_core.package_identification:_identify(log) by extension 'ignore'
[0.668s] Level 1:colcon.colcon_core.package_identification:_identify(log) ignored
[0.668s] Level 1:colcon.colcon_core.package_identification:_identify(src) by extensions ['ignore', 'ignore_ament_install']
[0.668s] Level 1:colcon.colcon_core.package_identification:_identify(src) by extension 'ignore'
[0.669s] Level 1:colcon.colcon_core.package_identification:_identify(src) by extension 'ignore_ament_install'
[0.669s] Level 1:colcon.colcon_core.package_identification:_identify(src) by extensions ['colcon_pkg']
[0.669s] Level 1:colcon.colcon_core.package_identification:_identify(src) by extension 'colcon_pkg'
[0.669s] Level 1:colcon.colcon_core.package_identification:_identify(src) by extensions ['colcon_meta']
[0.669s] Level 1:colcon.colcon_core.package_identification:_identify(src) by extension 'colcon_meta'
[0.669s] Level 1:colcon.colcon_core.package_identification:_identify(src) by extensions ['ros']
[0.669s] Level 1:colcon.colcon_core.package_identification:_identify(src) by extension 'ros'
[0.669s] Level 1:colcon.colcon_core.package_identification:_identify(src) by extensions ['cmake', 'python']
[0.669s] Level 1:colcon.colcon_core.package_identification:_identify(src) by extension 'cmake'
[0.669s] Level 1:colcon.colcon_core.package_identification:_identify(src) by extension 'python'
[0.669s] Level 1:colcon.colcon_core.package_identification:_identify(src) by extensions ['python_setup_py']
[0.669s] Level 1:colcon.colcon_core.package_identification:_identify(src) by extension 'python_setup_py'
[0.669s] Level 1:colcon.colcon_core.package_identification:_identify(src/arm_bringup) by extensions ['ignore', 'ignore_ament_install']
[0.669s] Level 1:colcon.colcon_core.package_identification:_identify(src/arm_bringup) by extension 'ignore'
[0.670s] Level 1:colcon.colcon_core.package_identification:_identify(src/arm_bringup) by extension 'ignore_ament_install'
[0.670s] Level 1:colcon.colcon_core.package_identification:_identify(src/arm_bringup) by extensions ['colcon_pkg']
[0.670s] Level 1:colcon.colcon_core.package_identification:_identify(src/arm_bringup) by extension 'colcon_pkg'
[0.670s] Level 1:colcon.colcon_core.package_identification:_identify(src/arm_bringup) by extensions ['colcon_meta']
[0.670s] Level 1:colcon.colcon_core.package_identification:_identify(src/arm_bringup) by extension 'colcon_meta'
[0.670s] Level 1:colcon.colcon_core.package_identification:_identify(src/arm_bringup) by extensions ['ros']
[0.670s] Level 1:colcon.colcon_core.package_identification:_identify(src/arm_bringup) by extension 'ros'
[0.674s] DEBUG:colcon.colcon_core.package_identification:Package 'src/arm_bringup' with type 'ros.ament_cmake' and name 'arm_bringup'
[0.674s] Level 1:colcon.colcon_core.package_identification:_identify(src/arm_controller) by extensions ['ignore', 'ignore_ament_install']
[0.674s] Level 1:colcon.colcon_core.package_identification:_identify(src/arm_controller) by extension 'ignore'
[0.674s] Level 1:colcon.colcon_core.package_identification:_identify(src/arm_controller) by extension 'ignore_ament_install'
[0.674s] Level 1:colcon.colcon_core.package_identification:_identify(src/arm_controller) by extensions ['colcon_pkg']
[0.674s] Level 1:colcon.colcon_core.package_identification:_identify(src/arm_controller) by extension 'colcon_pkg'
[0.674s] Level 1:colcon.colcon_core.package_identification:_identify(src/arm_controller) by extensions ['colcon_meta']
[0.674s] Level 1:colcon.colcon_core.package_identification:_identify(src/arm_controller) by extension 'colcon_meta'
[0.674s] Level 1:colcon.colcon_core.package_identification:_identify(src/arm_controller) by extensions ['ros']
[0.674s] Level 1:colcon.colcon_core.package_identification:_identify(src/arm_controller) by extension 'ros'
[0.676s] DEBUG:colcon.colcon_core.package_identification:Package 'src/arm_controller' with type 'ros.ament_cmake' and name 'arm_controller'
[0.676s] Level 1:colcon.colcon_core.package_identification:_identify(src/arm_cpp) by extensions ['ignore', 'ignore_ament_install']
[0.676s] Level 1:colcon.colcon_core.package_identification:_identify(src/arm_cpp) by extension 'ignore'
[0.676s] Level 1:colcon.colcon_core.package_identification:_identify(src/arm_cpp) by extension 'ignore_ament_install'
[0.677s] Level 1:colcon.colcon_core.package_identification:_identify(src/arm_cpp) by extensions ['colcon_pkg']
[0.677s] Level 1:colcon.colcon_core.package_identification:_identify(src/arm_cpp) by extension 'colcon_pkg'
[0.677s] Level 1:colcon.colcon_core.package_identification:_identify(src/arm_cpp) by extensions ['colcon_meta']
[0.677s] Level 1:colcon.colcon_core.package_identification:_identify(src/arm_cpp) by extension 'colcon_meta'
[0.677s] Level 1:colcon.colcon_core.package_identification:_identify(src/arm_cpp) by extensions ['ros']
[0.677s] Level 1:colcon.colcon_core.package_identification:_identify(src/arm_cpp) by extension 'ros'
[0.679s] DEBUG:colcon.colcon_core.package_identification:Package 'src/arm_cpp' with type 'ros.ament_cmake' and name 'arm_cpp'
[0.679s] Level 1:colcon.colcon_core.package_identification:_identify(src/arm_description) by extensions ['ignore', 'ignore_ament_install']
[0.679s] Level 1:colcon.colcon_core.package_identification:_identify(src/arm_description) by extension 'ignore'
[0.679s] Level 1:colcon.colcon_core.package_identification:_identify(src/arm_description) by extension 'ignore_ament_install'
[0.680s] Level 1:colcon.colcon_core.package_identification:_identify(src/arm_description) by extensions ['colcon_pkg']
[0.680s] Level 1:colcon.colcon_core.package_identification:_identify(src/arm_description) by extension 'colcon_pkg'
[0.680s] Level 1:colcon.colcon_core.package_identification:_identify(src/arm_description) by extensions ['colcon_meta']
[0.680s] Level 1:colcon.colcon_core.package_identification:_identify(src/arm_description) by extension 'colcon_meta'
[0.680s] Level 1:colcon.colcon_core.package_identification:_identify(src/arm_description) by extensions ['ros']
[0.680s] Level 1:colcon.colcon_core.package_identification:_identify(src/arm_description) by extension 'ros'
[0.681s] DEBUG:colcon.colcon_core.package_identification:Package 'src/arm_description' with type 'ros.ament_cmake' and name 'arm_description'
[0.681s] Level 1:colcon.colcon_core.package_identification:_identify(src/arm_moveit) by extensions ['ignore', 'ignore_ament_install']
[0.681s] Level 1:colcon.colcon_core.package_identification:_identify(src/arm_moveit) by extension 'ignore'
[0.682s] Level 1:colcon.colcon_core.package_identification:_identify(src/arm_moveit) by extension 'ignore_ament_install'
[0.682s] Level 1:colcon.colcon_core.package_identification:_identify(src/arm_moveit) by extensions ['colcon_pkg']
[0.682s] Level 1:colcon.colcon_core.package_identification:_identify(src/arm_moveit) by extension 'colcon_pkg'
[0.682s] Level 1:colcon.colcon_core.package_identification:_identify(src/arm_moveit) by extensions ['colcon_meta']
[0.682s] Level 1:colcon.colcon_core.package_identification:_identify(src/arm_moveit) by extension 'colcon_meta'
[0.682s] Level 1:colcon.colcon_core.package_identification:_identify(src/arm_moveit) by extensions ['ros']
[0.682s] Level 1:colcon.colcon_core.package_identification:_identify(src/arm_moveit) by extension 'ros'
[0.683s] DEBUG:colcon.colcon_core.package_identification:Package 'src/arm_moveit' with type 'ros.ament_cmake' and name 'arm_moveit'
[0.684s] Level 1:colcon.colcon_core.package_identification:_identify(src/arm_msgs) by extensions ['ignore', 'ignore_ament_install']
[0.684s] Level 1:colcon.colcon_core.package_identification:_identify(src/arm_msgs) by extension 'ignore'
[0.684s] Level 1:colcon.colcon_core.package_identification:_identify(src/arm_msgs) by extension 'ignore_ament_install'
[0.684s] Level 1:colcon.colcon_core.package_identification:_identify(src/arm_msgs) by extensions ['colcon_pkg']
[0.684s] Level 1:colcon.colcon_core.package_identification:_identify(src/arm_msgs) by extension 'colcon_pkg'
[0.684s] Level 1:colcon.colcon_core.package_identification:_identify(src/arm_msgs) by extensions ['colcon_meta']
[0.684s] Level 1:colcon.colcon_core.package_identification:_identify(src/arm_msgs) by extension 'colcon_meta'
[0.684s] Level 1:colcon.colcon_core.package_identification:_identify(src/arm_msgs) by extensions ['ros']
[0.684s] Level 1:colcon.colcon_core.package_identification:_identify(src/arm_msgs) by extension 'ros'
[0.685s] DEBUG:colcon.colcon_core.package_identification:Package 'src/arm_msgs' with type 'ros.ament_cmake' and name 'arm_msgs'
[0.685s] Level 1:colcon.colcon_core.package_identification:_identify(src/arm_py) by extensions ['ignore', 'ignore_ament_install']
[0.685s] Level 1:colcon.colcon_core.package_identification:_identify(src/arm_py) by extension 'ignore'
[0.686s] Level 1:colcon.colcon_core.package_identification:_identify(src/arm_py) by extension 'ignore_ament_install'
[0.686s] Level 1:colcon.colcon_core.package_identification:_identify(src/arm_py) by extensions ['colcon_pkg']
[0.686s] Level 1:colcon.colcon_core.package_identification:_identify(src/arm_py) by extension 'colcon_pkg'
[0.686s] Level 1:colcon.colcon_core.package_identification:_identify(src/arm_py) by extensions ['colcon_meta']
[0.686s] Level 1:colcon.colcon_core.package_identification:_identify(src/arm_py) by extension 'colcon_meta'
[0.686s] Level 1:colcon.colcon_core.package_identification:_identify(src/arm_py) by extensions ['ros']
[0.686s] Level 1:colcon.colcon_core.package_identification:_identify(src/arm_py) by extension 'ros'
[0.687s] DEBUG:colcon.colcon_core.package_identification:Package 'src/arm_py' with type 'ros.ament_python' and name 'arm_py'
[0.687s] Level 1:colcon.colcon_core.package_identification:_identify(src/arm_remote) by extensions ['ignore', 'ignore_ament_install']
[0.687s] Level 1:colcon.colcon_core.package_identification:_identify(src/arm_remote) by extension 'ignore'
[0.687s] Level 1:colcon.colcon_core.package_identification:_identify(src/arm_remote) by extension 'ignore_ament_install'
[0.687s] Level 1:colcon.colcon_core.package_identification:_identify(src/arm_remote) by extensions ['colcon_pkg']
[0.687s] Level 1:colcon.colcon_core.package_identification:_identify(src/arm_remote) by extension 'colcon_pkg'
[0.687s] Level 1:colcon.colcon_core.package_identification:_identify(src/arm_remote) by extensions ['colcon_meta']
[0.687s] Level 1:colcon.colcon_core.package_identification:_identify(src/arm_remote) by extension 'colcon_meta'
[0.687s] Level 1:colcon.colcon_core.package_identification:_identify(src/arm_remote) by extensions ['ros']
[0.687s] Level 1:colcon.colcon_core.package_identification:_identify(src/arm_remote) by extension 'ros'
[0.691s] DEBUG:colcon.colcon_core.package_identification:Package 'src/arm_remote' with type 'ros.ament_cmake' and name 'arm_remote'
[0.691s] Level 1:colcon.colcon_core.package_identification:_identify(src/arm_setup_moveit) by extensions ['ignore', 'ignore_ament_install']
[0.691s] Level 1:colcon.colcon_core.package_identification:_identify(src/arm_setup_moveit) by extension 'ignore'
[0.691s] Level 1:colcon.colcon_core.package_identification:_identify(src/arm_setup_moveit) by extension 'ignore_ament_install'
[0.691s] Level 1:colcon.colcon_core.package_identification:_identify(src/arm_setup_moveit) by extensions ['colcon_pkg']
[0.691s] Level 1:colcon.colcon_core.package_identification:_identify(src/arm_setup_moveit) by extension 'colcon_pkg'
[0.691s] Level 1:colcon.colcon_core.package_identification:_identify(src/arm_setup_moveit) by extensions ['colcon_meta']
[0.691s] Level 1:colcon.colcon_core.package_identification:_identify(src/arm_setup_moveit) by extension 'colcon_meta'
[0.692s] Level 1:colcon.colcon_core.package_identification:_identify(src/arm_setup_moveit) by extensions ['ros']
[0.692s] Level 1:colcon.colcon_core.package_identification:_identify(src/arm_setup_moveit) by extension 'ros'
[0.693s] DEBUG:colcon.colcon_core.package_identification:Package 'src/arm_setup_moveit' with type 'ros.ament_cmake' and name 'arm_setup_moveit'
[0.693s] Level 1:colcon.colcon_core.package_identification:_identify(src/build) by extensions ['ignore', 'ignore_ament_install']
[0.693s] Level 1:colcon.colcon_core.package_identification:_identify(src/build) by extension 'ignore'
[0.693s] Level 1:colcon.colcon_core.package_identification:_identify(src/build) ignored
[0.693s] Level 1:colcon.colcon_core.package_identification:_identify(src/install) by extensions ['ignore', 'ignore_ament_install']
[0.693s] Level 1:colcon.colcon_core.package_identification:_identify(src/install) by extension 'ignore'
[0.694s] Level 1:colcon.colcon_core.package_identification:_identify(src/install) ignored
[0.694s] Level 1:colcon.colcon_core.package_identification:_identify(src/log) by extensions ['ignore', 'ignore_ament_install']
[0.694s] Level 1:colcon.colcon_core.package_identification:_identify(src/log) by extension 'ignore'
[0.694s] Level 1:colcon.colcon_core.package_identification:_identify(src/log) ignored
[0.694s] Level 1:colcon.colcon_core.package_discovery:discover_packages(recursive) using defaults
[0.694s] Level 1:colcon.colcon_core.package_discovery:discover_packages(ignore) discover
[0.694s] Level 1:colcon.colcon_core.package_discovery:discover_packages(ignore) using defaults
[0.694s] Level 1:colcon.colcon_core.package_discovery:discover_packages(path) discover
[0.694s] Level 1:colcon.colcon_core.package_discovery:discover_packages(path) using defaults
[0.735s] Level 1:colcon.colcon_core.package_discovery:discover_packages(prefix_path) check parameters
[0.735s] Level 1:colcon.colcon_core.package_discovery:discover_packages(prefix_path) discover
[0.747s] DEBUG:colcon.colcon_installed_package_information.package_discovery:Found 9 installed packages in /home/albert/ag_arm_ws/install
[0.751s] DEBUG:colcon.colcon_installed_package_information.package_discovery:Found 55 installed packages in /home/albert/ws_moveit2/install
[0.753s] DEBUG:colcon.colcon_installed_package_information.package_discovery:Found 11 installed packages in /home/albert/umov_ws/install
[0.753s] DEBUG:colcon.colcon_installed_package_information.package_discovery:Found 3 installed packages in /home/albert/unav_ws/install
[0.754s] DEBUG:colcon.colcon_installed_package_information.package_discovery:Found 12 installed packages in /home/albert/udem2_ws/install
[0.756s] DEBUG:colcon.colcon_installed_package_information.package_discovery:Found 8 installed packages in /home/albert/udem_ws/install
[0.757s] DEBUG:colcon.colcon_installed_package_information.package_discovery:Found 18 installed packages in /home/albert/bcdc_ws/install
[0.758s] DEBUG:colcon.colcon_installed_package_information.package_discovery:Found 9 installed packages in /home/albert/arduinobot_ws/install
[0.759s] DEBUG:colcon.colcon_installed_package_information.package_discovery:Found 8 installed packages in /home/albert/rad_ws/install
[0.759s] DEBUG:colcon.colcon_installed_package_information.package_discovery:Found 1 installed packages in /home/albert/dev_ws/install
[0.760s] DEBUG:colcon.colcon_installed_package_information.package_discovery:Found 4 installed packages in /home/albert/ag_car_ws/install
[0.764s] DEBUG:colcon.colcon_installed_package_information.package_discovery:Found 436 installed packages in /opt/ros/humble
[0.768s] Level 1:colcon.colcon_core.package_discovery:discover_packages(prefix_path) using defaults
[0.890s] Level 5:colcon.colcon_core.verb:set package 'arm_bringup' build argument 'cmake_args' from command line to 'None'
[0.890s] Level 5:colcon.colcon_core.verb:set package 'arm_bringup' build argument 'cmake_target' from command line to 'None'
[0.890s] Level 5:colcon.colcon_core.verb:set package 'arm_bringup' build argument 'cmake_target_skip_unavailable' from command line to 'False'
[0.890s] Level 5:colcon.colcon_core.verb:set package 'arm_bringup' build argument 'cmake_clean_cache' from command line to 'False'
[0.890s] Level 5:colcon.colcon_core.verb:set package 'arm_bringup' build argument 'cmake_clean_first' from command line to 'False'
[0.891s] Level 5:colcon.colcon_core.verb:set package 'arm_bringup' build argument 'cmake_force_configure' from command line to 'False'
[0.891s] Level 5:colcon.colcon_core.verb:set package 'arm_bringup' build argument 'ament_cmake_args' from command line to 'None'
[0.891s] Level 5:colcon.colcon_core.verb:set package 'arm_bringup' build argument 'catkin_cmake_args' from command line to 'None'
[0.891s] Level 5:colcon.colcon_core.verb:set package 'arm_bringup' build argument 'catkin_skip_building_tests' from command line to 'False'
[0.891s] DEBUG:colcon.colcon_core.verb:Building package 'arm_bringup' with the following arguments: {'ament_cmake_args': None, 'build_base': '/home/albert/ag_arm_ws/build/arm_bringup', 'catkin_cmake_args': None, 'catkin_skip_building_tests': False, 'cmake_args': None, 'cmake_clean_cache': False, 'cmake_clean_first': False, 'cmake_force_configure': False, 'cmake_target': None, 'cmake_target_skip_unavailable': False, 'install_base': '/home/albert/ag_arm_ws/install/arm_bringup', 'merge_install': False, 'path': '/home/albert/ag_arm_ws/src/arm_bringup', 'symlink_install': False, 'test_result_base': None}
[0.892s] Level 5:colcon.colcon_core.verb:set package 'arm_controller' build argument 'cmake_args' from command line to 'None'
[0.892s] Level 5:colcon.colcon_core.verb:set package 'arm_controller' build argument 'cmake_target' from command line to 'None'
[0.892s] Level 5:colcon.colcon_core.verb:set package 'arm_controller' build argument 'cmake_target_skip_unavailable' from command line to 'False'
[0.892s] Level 5:colcon.colcon_core.verb:set package 'arm_controller' build argument 'cmake_clean_cache' from command line to 'False'
[0.892s] Level 5:colcon.colcon_core.verb:set package 'arm_controller' build argument 'cmake_clean_first' from command line to 'False'
[0.892s] Level 5:colcon.colcon_core.verb:set package 'arm_controller' build argument 'cmake_force_configure' from command line to 'False'
[0.892s] Level 5:colcon.colcon_core.verb:set package 'arm_controller' build argument 'ament_cmake_args' from command line to 'None'
[0.892s] Level 5:colcon.colcon_core.verb:set package 'arm_controller' build argument 'catkin_cmake_args' from command line to 'None'
[0.892s] Level 5:colcon.colcon_core.verb:set package 'arm_controller' build argument 'catkin_skip_building_tests' from command line to 'False'
[0.892s] DEBUG:colcon.colcon_core.verb:Building package 'arm_controller' with the following arguments: {'ament_cmake_args': None, 'build_base': '/home/albert/ag_arm_ws/build/arm_controller', 'catkin_cmake_args': None, 'catkin_skip_building_tests': False, 'cmake_args': None, 'cmake_clean_cache': False, 'cmake_clean_first': False, 'cmake_force_configure': False, 'cmake_target': None, 'cmake_target_skip_unavailable': False, 'install_base': '/home/albert/ag_arm_ws/install/arm_controller', 'merge_install': False, 'path': '/home/albert/ag_arm_ws/src/arm_controller', 'symlink_install': False, 'test_result_base': None}
[0.893s] Level 5:colcon.colcon_core.verb:set package 'arm_description' build argument 'cmake_args' from command line to 'None'
[0.893s] Level 5:colcon.colcon_core.verb:set package 'arm_description' build argument 'cmake_target' from command line to 'None'
[0.893s] Level 5:colcon.colcon_core.verb:set package 'arm_description' build argument 'cmake_target_skip_unavailable' from command line to 'False'
[0.893s] Level 5:colcon.colcon_core.verb:set package 'arm_description' build argument 'cmake_clean_cache' from command line to 'False'
[0.894s] Level 5:colcon.colcon_core.verb:set package 'arm_description' build argument 'cmake_clean_first' from command line to 'False'
[0.894s] Level 5:colcon.colcon_core.verb:set package 'arm_description' build argument 'cmake_force_configure' from command line to 'False'
[0.894s] Level 5:colcon.colcon_core.verb:set package 'arm_description' build argument 'ament_cmake_args' from command line to 'None'
[0.894s] Level 5:colcon.colcon_core.verb:set package 'arm_description' build argument 'catkin_cmake_args' from command line to 'None'
[0.894s] Level 5:colcon.colcon_core.verb:set package 'arm_description' build argument 'catkin_skip_building_tests' from command line to 'False'
[0.894s] DEBUG:colcon.colcon_core.verb:Building package 'arm_description' with the following arguments: {'ament_cmake_args': None, 'build_base': '/home/albert/ag_arm_ws/build/arm_description', 'catkin_cmake_args': None, 'catkin_skip_building_tests': False, 'cmake_args': None, 'cmake_clean_cache': False, 'cmake_clean_first': False, 'cmake_force_configure': False, 'cmake_target': None, 'cmake_target_skip_unavailable': False, 'install_base': '/home/albert/ag_arm_ws/install/arm_description', 'merge_install': False, 'path': '/home/albert/ag_arm_ws/src/arm_description', 'symlink_install': False, 'test_result_base': None}
[0.895s] Level 5:colcon.colcon_core.verb:set package 'arm_moveit' build argument 'cmake_args' from command line to 'None'
[0.895s] Level 5:colcon.colcon_core.verb:set package 'arm_moveit' build argument 'cmake_target' from command line to 'None'
[0.895s] Level 5:colcon.colcon_core.verb:set package 'arm_moveit' build argument 'cmake_target_skip_unavailable' from command line to 'False'
[0.895s] Level 5:colcon.colcon_core.verb:set package 'arm_moveit' build argument 'cmake_clean_cache' from command line to 'False'
[0.895s] Level 5:colcon.colcon_core.verb:set package 'arm_moveit' build argument 'cmake_clean_first' from command line to 'False'
[0.895s] Level 5:colcon.colcon_core.verb:set package 'arm_moveit' build argument 'cmake_force_configure' from command line to 'False'
[0.895s] Level 5:colcon.colcon_core.verb:set package 'arm_moveit' build argument 'ament_cmake_args' from command line to 'None'
[0.895s] Level 5:colcon.colcon_core.verb:set package 'arm_moveit' build argument 'catkin_cmake_args' from command line to 'None'
[0.895s] Level 5:colcon.colcon_core.verb:set package 'arm_moveit' build argument 'catkin_skip_building_tests' from command line to 'False'
[0.895s] DEBUG:colcon.colcon_core.verb:Building package 'arm_moveit' with the following arguments: {'ament_cmake_args': None, 'build_base': '/home/albert/ag_arm_ws/build/arm_moveit', 'catkin_cmake_args': None, 'catkin_skip_building_tests': False, 'cmake_args': None, 'cmake_clean_cache': False, 'cmake_clean_first': False, 'cmake_force_configure': False, 'cmake_target': None, 'cmake_target_skip_unavailable': False, 'install_base': '/home/albert/ag_arm_ws/install/arm_moveit', 'merge_install': False, 'path': '/home/albert/ag_arm_ws/src/arm_moveit', 'symlink_install': False, 'test_result_base': None}
[0.895s] Level 5:colcon.colcon_core.verb:set package 'arm_msgs' build argument 'cmake_args' from command line to 'None'
[0.896s] Level 5:colcon.colcon_core.verb:set package 'arm_msgs' build argument 'cmake_target' from command line to 'None'
[0.896s] Level 5:colcon.colcon_core.verb:set package 'arm_msgs' build argument 'cmake_target_skip_unavailable' from command line to 'False'
[0.896s] Level 5:colcon.colcon_core.verb:set package 'arm_msgs' build argument 'cmake_clean_cache' from command line to 'False'
[0.896s] Level 5:colcon.colcon_core.verb:set package 'arm_msgs' build argument 'cmake_clean_first' from command line to 'False'
[0.896s] Level 5:colcon.colcon_core.verb:set package 'arm_msgs' build argument 'cmake_force_configure' from command line to 'False'
[0.896s] Level 5:colcon.colcon_core.verb:set package 'arm_msgs' build argument 'ament_cmake_args' from command line to 'None'
[0.896s] Level 5:colcon.colcon_core.verb:set package 'arm_msgs' build argument 'catkin_cmake_args' from command line to 'None'
[0.896s] Level 5:colcon.colcon_core.verb:set package 'arm_msgs' build argument 'catkin_skip_building_tests' from command line to 'False'
[0.896s] DEBUG:colcon.colcon_core.verb:Building package 'arm_msgs' with the following arguments: {'ament_cmake_args': None, 'build_base': '/home/albert/ag_arm_ws/build/arm_msgs', 'catkin_cmake_args': None, 'catkin_skip_building_tests': False, 'cmake_args': None, 'cmake_clean_cache': False, 'cmake_clean_first': False, 'cmake_force_configure': False, 'cmake_target': None, 'cmake_target_skip_unavailable': False, 'install_base': '/home/albert/ag_arm_ws/install/arm_msgs', 'merge_install': False, 'path': '/home/albert/ag_arm_ws/src/arm_msgs', 'symlink_install': False, 'test_result_base': None}
[0.897s] Level 5:colcon.colcon_core.verb:set package 'arm_py' build argument 'cmake_args' from command line to 'None'
[0.897s] Level 5:colcon.colcon_core.verb:set package 'arm_py' build argument 'cmake_target' from command line to 'None'
[0.897s] Level 5:colcon.colcon_core.verb:set package 'arm_py' build argument 'cmake_target_skip_unavailable' from command line to 'False'
[0.897s] Level 5:colcon.colcon_core.verb:set package 'arm_py' build argument 'cmake_clean_cache' from command line to 'False'
[0.897s] Level 5:colcon.colcon_core.verb:set package 'arm_py' build argument 'cmake_clean_first' from command line to 'False'
[0.897s] Level 5:colcon.colcon_core.verb:set package 'arm_py' build argument 'cmake_force_configure' from command line to 'False'
[0.897s] Level 5:colcon.colcon_core.verb:set package 'arm_py' build argument 'ament_cmake_args' from command line to 'None'
[0.897s] Level 5:colcon.colcon_core.verb:set package 'arm_py' build argument 'catkin_cmake_args' from command line to 'None'
[0.898s] Level 5:colcon.colcon_core.verb:set package 'arm_py' build argument 'catkin_skip_building_tests' from command line to 'False'
[0.898s] DEBUG:colcon.colcon_core.verb:Building package 'arm_py' with the following arguments: {'ament_cmake_args': None, 'build_base': '/home/albert/ag_arm_ws/build/arm_py', 'catkin_cmake_args': None, 'catkin_skip_building_tests': False, 'cmake_args': None, 'cmake_clean_cache': False, 'cmake_clean_first': False, 'cmake_force_configure': False, 'cmake_target': None, 'cmake_target_skip_unavailable': False, 'install_base': '/home/albert/ag_arm_ws/install/arm_py', 'merge_install': False, 'path': '/home/albert/ag_arm_ws/src/arm_py', 'symlink_install': False, 'test_result_base': None}
[0.898s] Level 5:colcon.colcon_core.verb:set package 'arm_cpp' build argument 'cmake_args' from command line to 'None'
[0.898s] Level 5:colcon.colcon_core.verb:set package 'arm_cpp' build argument 'cmake_target' from command line to 'None'
[0.898s] Level 5:colcon.colcon_core.verb:set package 'arm_cpp' build argument 'cmake_target_skip_unavailable' from command line to 'False'
[0.898s] Level 5:colcon.colcon_core.verb:set package 'arm_cpp' build argument 'cmake_clean_cache' from command line to 'False'
[0.898s] Level 5:colcon.colcon_core.verb:set package 'arm_cpp' build argument 'cmake_clean_first' from command line to 'False'
[0.898s] Level 5:colcon.colcon_core.verb:set package 'arm_cpp' build argument 'cmake_force_configure' from command line to 'False'
[0.898s] Level 5:colcon.colcon_core.verb:set package 'arm_cpp' build argument 'ament_cmake_args' from command line to 'None'
[0.898s] Level 5:colcon.colcon_core.verb:set package 'arm_cpp' build argument 'catkin_cmake_args' from command line to 'None'
[0.898s] Level 5:colcon.colcon_core.verb:set package 'arm_cpp' build argument 'catkin_skip_building_tests' from command line to 'False'
[0.898s] DEBUG:colcon.colcon_core.verb:Building package 'arm_cpp' with the following arguments: {'ament_cmake_args': None, 'build_base': '/home/albert/ag_arm_ws/build/arm_cpp', 'catkin_cmake_args': None, 'catkin_skip_building_tests': False, 'cmake_args': None, 'cmake_clean_cache': False, 'cmake_clean_first': False, 'cmake_force_configure': False, 'cmake_target': None, 'cmake_target_skip_unavailable': False, 'install_base': '/home/albert/ag_arm_ws/install/arm_cpp', 'merge_install': False, 'path': '/home/albert/ag_arm_ws/src/arm_cpp', 'symlink_install': False, 'test_result_base': None}
[0.899s] Level 5:colcon.colcon_core.verb:set package 'arm_remote' build argument 'cmake_args' from command line to 'None'
[0.899s] Level 5:colcon.colcon_core.verb:set package 'arm_remote' build argument 'cmake_target' from command line to 'None'
[0.899s] Level 5:colcon.colcon_core.verb:set package 'arm_remote' build argument 'cmake_target_skip_unavailable' from command line to 'False'
[0.899s] Level 5:colcon.colcon_core.verb:set package 'arm_remote' build argument 'cmake_clean_cache' from command line to 'False'
[0.899s] Level 5:colcon.colcon_core.verb:set package 'arm_remote' build argument 'cmake_clean_first' from command line to 'False'
[0.899s] Level 5:colcon.colcon_core.verb:set package 'arm_remote' build argument 'cmake_force_configure' from command line to 'False'
[0.899s] Level 5:colcon.colcon_core.verb:set package 'arm_remote' build argument 'ament_cmake_args' from command line to 'None'
[0.899s] Level 5:colcon.colcon_core.verb:set package 'arm_remote' build argument 'catkin_cmake_args' from command line to 'None'
[0.899s] Level 5:colcon.colcon_core.verb:set package 'arm_remote' build argument 'catkin_skip_building_tests' from command line to 'False'
[0.899s] DEBUG:colcon.colcon_core.verb:Building package 'arm_remote' with the following arguments: {'ament_cmake_args': None, 'build_base': '/home/albert/ag_arm_ws/build/arm_remote', 'catkin_cmake_args': None, 'catkin_skip_building_tests': False, 'cmake_args': None, 'cmake_clean_cache': False, 'cmake_clean_first': False, 'cmake_force_configure': False, 'cmake_target': None, 'cmake_target_skip_unavailable': False, 'install_base': '/home/albert/ag_arm_ws/install/arm_remote', 'merge_install': False, 'path': '/home/albert/ag_arm_ws/src/arm_remote', 'symlink_install': False, 'test_result_base': None}
[0.900s] Level 5:colcon.colcon_core.verb:set package 'arm_setup_moveit' build argument 'cmake_args' from command line to 'None'
[0.900s] Level 5:colcon.colcon_core.verb:set package 'arm_setup_moveit' build argument 'cmake_target' from command line to 'None'
[0.900s] Level 5:colcon.colcon_core.verb:set package 'arm_setup_moveit' build argument 'cmake_target_skip_unavailable' from command line to 'False'
[0.900s] Level 5:colcon.colcon_core.verb:set package 'arm_setup_moveit' build argument 'cmake_clean_cache' from command line to 'False'
[0.900s] Level 5:colcon.colcon_core.verb:set package 'arm_setup_moveit' build argument 'cmake_clean_first' from command line to 'False'
[0.900s] Level 5:colcon.colcon_core.verb:set package 'arm_setup_moveit' build argument 'cmake_force_configure' from command line to 'False'
[0.900s] Level 5:colcon.colcon_core.verb:set package 'arm_setup_moveit' build argument 'ament_cmake_args' from command line to 'None'
[0.900s] Level 5:colcon.colcon_core.verb:set package 'arm_setup_moveit' build argument 'catkin_cmake_args' from command line to 'None'
[0.900s] Level 5:colcon.colcon_core.verb:set package 'arm_setup_moveit' build argument 'catkin_skip_building_tests' from command line to 'False'
[0.900s] DEBUG:colcon.colcon_core.verb:Building package 'arm_setup_moveit' with the following arguments: {'ament_cmake_args': None, 'build_base': '/home/albert/ag_arm_ws/build/arm_setup_moveit', 'catkin_cmake_args': None, 'catkin_skip_building_tests': False, 'cmake_args': None, 'cmake_clean_cache': False, 'cmake_clean_first': False, 'cmake_force_configure': False, 'cmake_target': None, 'cmake_target_skip_unavailable': False, 'install_base': '/home/albert/ag_arm_ws/install/arm_setup_moveit', 'merge_install': False, 'path': '/home/albert/ag_arm_ws/src/arm_setup_moveit', 'symlink_install': False, 'test_result_base': None}
[0.901s] INFO:colcon.colcon_core.executor:Executing jobs using 'parallel' executor
[0.902s] DEBUG:colcon.colcon_parallel_executor.executor.parallel:run_until_complete
[0.903s] INFO:colcon.colcon_ros.task.ament_cmake.build:Building ROS package in '/home/albert/ag_arm_ws/src/arm_msgs' with build type 'ament_cmake'
[0.903s] INFO:colcon.colcon_cmake.task.cmake.build:Building CMake package in '/home/albert/ag_arm_ws/src/arm_msgs'
[0.908s] INFO:colcon.colcon_core.plugin_system:Skipping extension 'colcon_core.shell.bat': Not used on non-Windows systems
[0.908s] INFO:colcon.colcon_core.shell:Skip shell extension 'powershell' for command environment: Not usable outside of PowerShell
[0.908s] DEBUG:colcon.colcon_core.shell:Skip shell extension 'dsv' for command environment
[0.935s] INFO:colcon.colcon_ros.task.ament_cmake.build:Building ROS package in '/home/albert/ag_arm_ws/src/arm_description' with build type 'ament_cmake'
[0.935s] INFO:colcon.colcon_cmake.task.cmake.build:Building CMake package in '/home/albert/ag_arm_ws/src/arm_description'
[0.936s] INFO:colcon.colcon_core.shell:Skip shell extension 'powershell' for command environment: Not usable outside of PowerShell
[0.936s] DEBUG:colcon.colcon_core.shell:Skip shell extension 'dsv' for command environment
[0.960s] INFO:colcon.colcon_ros.task.ament_cmake.build:Building ROS package in '/home/albert/ag_arm_ws/src/arm_moveit' with build type 'ament_cmake'
[0.960s] INFO:colcon.colcon_cmake.task.cmake.build:Building CMake package in '/home/albert/ag_arm_ws/src/arm_moveit'
[0.961s] INFO:colcon.colcon_core.shell:Skip shell extension 'powershell' for command environment: Not usable outside of PowerShell
[0.961s] DEBUG:colcon.colcon_core.shell:Skip shell extension 'dsv' for command environment
[0.992s] INFO:colcon.colcon_ros.task.ament_cmake.build:Building ROS package in '/home/albert/ag_arm_ws/src/arm_bringup' with build type 'ament_cmake'
[0.992s] INFO:colcon.colcon_cmake.task.cmake.build:Building CMake package in '/home/albert/ag_arm_ws/src/arm_bringup'
[0.993s] INFO:colcon.colcon_core.shell:Skip shell extension 'powershell' for command environment: Not usable outside of PowerShell
[0.993s] DEBUG:colcon.colcon_core.shell:Skip shell extension 'dsv' for command environment
[1.018s] INFO:colcon.colcon_ros.task.ament_cmake.build:Building ROS package in '/home/albert/ag_arm_ws/src/arm_controller' with build type 'ament_cmake'
[1.018s] INFO:colcon.colcon_cmake.task.cmake.build:Building CMake package in '/home/albert/ag_arm_ws/src/arm_controller'
[1.019s] INFO:colcon.colcon_core.shell:Skip shell extension 'powershell' for command environment: Not usable outside of PowerShell
[1.019s] DEBUG:colcon.colcon_core.shell:Skip shell extension 'dsv' for command environment
[1.046s] INFO:colcon.colcon_ros.task.ament_python.build:Building ROS package in '/home/albert/ag_arm_ws/src/arm_py' with build type 'ament_python'
[1.046s] Level 1:colcon.colcon_core.shell:create_environment_hook('arm_py', 'ament_prefix_path')
[1.047s] INFO:colcon.colcon_core.shell:Creating environment hook '/home/albert/ag_arm_ws/install/arm_py/share/arm_py/hook/ament_prefix_path.ps1'
[1.048s] INFO:colcon.colcon_core.shell:Creating environment descriptor '/home/albert/ag_arm_ws/install/arm_py/share/arm_py/hook/ament_prefix_path.dsv'
[1.049s] INFO:colcon.colcon_core.shell:Creating environment hook '/home/albert/ag_arm_ws/install/arm_py/share/arm_py/hook/ament_prefix_path.sh'
[1.050s] INFO:colcon.colcon_core.shell:Skip shell extension 'powershell' for command environment: Not usable outside of PowerShell
[1.050s] DEBUG:colcon.colcon_core.shell:Skip shell extension 'dsv' for command environment
[1.097s] DEBUG:colcon.colcon_core.event_handler.log_command:Invoking command in '/home/albert/ag_arm_ws/build/arm_msgs': CMAKE_PREFIX_PATH=${CMAKE_PREFIX_PATH}:/home/albert/ag_arm_ws/install/arm_py:/home/albert/ws_moveit2/install/moveit_configs_utils:/home/albert/ws_moveit2/install/launch_param_builder:/home/albert/umov_ws/install/arduino_py_examples:/home/albert/udem2_ws/install/actions_py:/home/albert/udem2_ws/install/lifecycle_py:/home/albert/udem2_ws/install/executors_py:/home/albert/udem2_ws/install/components_py:/home/albert/udem_ws/install/turtlesim_catcher:/home/albert/udem_ws/install/my_py_pkg:/home/albert/udem_ws/install/lifecycle_py:/home/albert/bcdc_ws/install/agbot_teleop:/home/albert/bcdc_ws/install/agbot_py:/home/albert/arduinobot_ws/install/arduinobot_py_examples:/opt/ros/humble /home/albert/.local/bin/cmake --build /home/albert/ag_arm_ws/build/arm_msgs -- -j8 -l8
[1.112s] DEBUG:colcon.colcon_core.event_handler.log_command:Invoking command in '/home/albert/ag_arm_ws/build/arm_description': CMAKE_PREFIX_PATH=${CMAKE_PREFIX_PATH}:/home/albert/ag_arm_ws/install/arm_py:/home/albert/ws_moveit2/install/moveit_configs_utils:/home/albert/ws_moveit2/install/launch_param_builder:/home/albert/umov_ws/install/arduino_py_examples:/home/albert/udem2_ws/install/actions_py:/home/albert/udem2_ws/install/lifecycle_py:/home/albert/udem2_ws/install/executors_py:/home/albert/udem2_ws/install/components_py:/home/albert/udem_ws/install/turtlesim_catcher:/home/albert/udem_ws/install/my_py_pkg:/home/albert/udem_ws/install/lifecycle_py:/home/albert/bcdc_ws/install/agbot_teleop:/home/albert/bcdc_ws/install/agbot_py:/home/albert/arduinobot_ws/install/arduinobot_py_examples:/opt/ros/humble /home/albert/.local/bin/cmake --build /home/albert/ag_arm_ws/build/arm_description -- -j8 -l8
[1.117s] DEBUG:colcon.colcon_core.event_handler.log_command:Invoking command in '/home/albert/ag_arm_ws/build/arm_moveit': CMAKE_PREFIX_PATH=${CMAKE_PREFIX_PATH}:/home/albert/ag_arm_ws/install/arm_py:/home/albert/ws_moveit2/install/moveit_configs_utils:/home/albert/ws_moveit2/install/launch_param_builder:/home/albert/umov_ws/install/arduino_py_examples:/home/albert/udem2_ws/install/actions_py:/home/albert/udem2_ws/install/lifecycle_py:/home/albert/udem2_ws/install/executors_py:/home/albert/udem2_ws/install/components_py:/home/albert/udem_ws/install/turtlesim_catcher:/home/albert/udem_ws/install/my_py_pkg:/home/albert/udem_ws/install/lifecycle_py:/home/albert/bcdc_ws/install/agbot_teleop:/home/albert/bcdc_ws/install/agbot_py:/home/albert/arduinobot_ws/install/arduinobot_py_examples:/opt/ros/humble /home/albert/.local/bin/cmake --build /home/albert/ag_arm_ws/build/arm_moveit -- -j8 -l8
[1.127s] DEBUG:colcon.colcon_core.event_handler.log_command:Invoking command in '/home/albert/ag_arm_ws/build/arm_bringup': CMAKE_PREFIX_PATH=${CMAKE_PREFIX_PATH}:/home/albert/ag_arm_ws/install/arm_py:/home/albert/ws_moveit2/install/moveit_configs_utils:/home/albert/ws_moveit2/install/launch_param_builder:/home/albert/umov_ws/install/arduino_py_examples:/home/albert/udem2_ws/install/actions_py:/home/albert/udem2_ws/install/lifecycle_py:/home/albert/udem2_ws/install/executors_py:/home/albert/udem2_ws/install/components_py:/home/albert/udem_ws/install/turtlesim_catcher:/home/albert/udem_ws/install/my_py_pkg:/home/albert/udem_ws/install/lifecycle_py:/home/albert/bcdc_ws/install/agbot_teleop:/home/albert/bcdc_ws/install/agbot_py:/home/albert/arduinobot_ws/install/arduinobot_py_examples:/opt/ros/humble /home/albert/.local/bin/cmake --build /home/albert/ag_arm_ws/build/arm_bringup -- -j8 -l8
[1.138s] DEBUG:colcon.colcon_core.event_handler.log_command:Invoking command in '/home/albert/ag_arm_ws/build/arm_controller': CMAKE_PREFIX_PATH=${CMAKE_PREFIX_PATH}:/home/albert/ag_arm_ws/install/arm_py:/home/albert/ws_moveit2/install/moveit_configs_utils:/home/albert/ws_moveit2/install/launch_param_builder:/home/albert/umov_ws/install/arduino_py_examples:/home/albert/udem2_ws/install/actions_py:/home/albert/udem2_ws/install/lifecycle_py:/home/albert/udem2_ws/install/executors_py:/home/albert/udem2_ws/install/components_py:/home/albert/udem_ws/install/turtlesim_catcher:/home/albert/udem_ws/install/my_py_pkg:/home/albert/udem_ws/install/lifecycle_py:/home/albert/bcdc_ws/install/agbot_teleop:/home/albert/bcdc_ws/install/agbot_py:/home/albert/arduinobot_ws/install/arduinobot_py_examples:/opt/ros/humble /home/albert/.local/bin/cmake --build /home/albert/ag_arm_ws/build/arm_controller -- -j8 -l8
[1.930s] INFO:colcon.colcon_core.task.python.build:Building Python package in '/home/albert/ag_arm_ws/src/arm_py'
[1.931s] INFO:colcon.colcon_core.shell:Skip shell extension 'powershell' for command environment: Not usable outside of PowerShell
[1.931s] DEBUG:colcon.colcon_core.shell:Skip shell extension 'dsv' for command environment
[1.961s] DEBUG:colcon.colcon_core.event_handler.log_command:Invoked command in '/home/albert/ag_arm_ws/build/arm_description' returned '0': CMAKE_PREFIX_PATH=${CMAKE_PREFIX_PATH}:/home/albert/ag_arm_ws/install/arm_py:/home/albert/ws_moveit2/install/moveit_configs_utils:/home/albert/ws_moveit2/install/launch_param_builder:/home/albert/umov_ws/install/arduino_py_examples:/home/albert/udem2_ws/install/actions_py:/home/albert/udem2_ws/install/lifecycle_py:/home/albert/udem2_ws/install/executors_py:/home/albert/udem2_ws/install/components_py:/home/albert/udem_ws/install/turtlesim_catcher:/home/albert/udem_ws/install/my_py_pkg:/home/albert/udem_ws/install/lifecycle_py:/home/albert/bcdc_ws/install/agbot_teleop:/home/albert/bcdc_ws/install/agbot_py:/home/albert/arduinobot_ws/install/arduinobot_py_examples:/opt/ros/humble /home/albert/.local/bin/cmake --build /home/albert/ag_arm_ws/build/arm_description -- -j8 -l8
[1.972s] DEBUG:colcon.colcon_core.event_handler.log_command:Invoking command in '/home/albert/ag_arm_ws/build/arm_description': CMAKE_PREFIX_PATH=${CMAKE_PREFIX_PATH}:/home/albert/ag_arm_ws/install/arm_py:/home/albert/ws_moveit2/install/moveit_configs_utils:/home/albert/ws_moveit2/install/launch_param_builder:/home/albert/umov_ws/install/arduino_py_examples:/home/albert/udem2_ws/install/actions_py:/home/albert/udem2_ws/install/lifecycle_py:/home/albert/udem2_ws/install/executors_py:/home/albert/udem2_ws/install/components_py:/home/albert/udem_ws/install/turtlesim_catcher:/home/albert/udem_ws/install/my_py_pkg:/home/albert/udem_ws/install/lifecycle_py:/home/albert/bcdc_ws/install/agbot_teleop:/home/albert/bcdc_ws/install/agbot_py:/home/albert/arduinobot_ws/install/arduinobot_py_examples:/opt/ros/humble /home/albert/.local/bin/cmake --install /home/albert/ag_arm_ws/build/arm_description
[1.972s] DEBUG:colcon.colcon_core.event_handler.log_command:Invoked command in '/home/albert/ag_arm_ws/build/arm_moveit' returned '0': CMAKE_PREFIX_PATH=${CMAKE_PREFIX_PATH}:/home/albert/ag_arm_ws/install/arm_py:/home/albert/ws_moveit2/install/moveit_configs_utils:/home/albert/ws_moveit2/install/launch_param_builder:/home/albert/umov_ws/install/arduino_py_examples:/home/albert/udem2_ws/install/actions_py:/home/albert/udem2_ws/install/lifecycle_py:/home/albert/udem2_ws/install/executors_py:/home/albert/udem2_ws/install/components_py:/home/albert/udem_ws/install/turtlesim_catcher:/home/albert/udem_ws/install/my_py_pkg:/home/albert/udem_ws/install/lifecycle_py:/home/albert/bcdc_ws/install/agbot_teleop:/home/albert/bcdc_ws/install/agbot_py:/home/albert/arduinobot_ws/install/arduinobot_py_examples:/opt/ros/humble /home/albert/.local/bin/cmake --build /home/albert/ag_arm_ws/build/arm_moveit -- -j8 -l8
[1.977s] DEBUG:colcon.colcon_core.event_handler.log_command:Invoking command in '/home/albert/ag_arm_ws/build/arm_moveit': CMAKE_PREFIX_PATH=${CMAKE_PREFIX_PATH}:/home/albert/ag_arm_ws/install/arm_py:/home/albert/ws_moveit2/install/moveit_configs_utils:/home/albert/ws_moveit2/install/launch_param_builder:/home/albert/umov_ws/install/arduino_py_examples:/home/albert/udem2_ws/install/actions_py:/home/albert/udem2_ws/install/lifecycle_py:/home/albert/udem2_ws/install/executors_py:/home/albert/udem2_ws/install/components_py:/home/albert/udem_ws/install/turtlesim_catcher:/home/albert/udem_ws/install/my_py_pkg:/home/albert/udem_ws/install/lifecycle_py:/home/albert/bcdc_ws/install/agbot_teleop:/home/albert/bcdc_ws/install/agbot_py:/home/albert/arduinobot_ws/install/arduinobot_py_examples:/opt/ros/humble /home/albert/.local/bin/cmake --install /home/albert/ag_arm_ws/build/arm_moveit
[1.982s] DEBUG:colcon.colcon_core.event_handler.log_command:Invoked command in '/home/albert/ag_arm_ws/build/arm_bringup' returned '0': CMAKE_PREFIX_PATH=${CMAKE_PREFIX_PATH}:/home/albert/ag_arm_ws/install/arm_py:/home/albert/ws_moveit2/install/moveit_configs_utils:/home/albert/ws_moveit2/install/launch_param_builder:/home/albert/umov_ws/install/arduino_py_examples:/home/albert/udem2_ws/install/actions_py:/home/albert/udem2_ws/install/lifecycle_py:/home/albert/udem2_ws/install/executors_py:/home/albert/udem2_ws/install/components_py:/home/albert/udem_ws/install/turtlesim_catcher:/home/albert/udem_ws/install/my_py_pkg:/home/albert/udem_ws/install/lifecycle_py:/home/albert/bcdc_ws/install/agbot_teleop:/home/albert/bcdc_ws/install/agbot_py:/home/albert/arduinobot_ws/install/arduinobot_py_examples:/opt/ros/humble /home/albert/.local/bin/cmake --build /home/albert/ag_arm_ws/build/arm_bringup -- -j8 -l8
[1.984s] DEBUG:colcon.colcon_core.event_handler.log_command:Invoking command in '/home/albert/ag_arm_ws/build/arm_bringup': CMAKE_PREFIX_PATH=${CMAKE_PREFIX_PATH}:/home/albert/ag_arm_ws/install/arm_py:/home/albert/ws_moveit2/install/moveit_configs_utils:/home/albert/ws_moveit2/install/launch_param_builder:/home/albert/umov_ws/install/arduino_py_examples:/home/albert/udem2_ws/install/actions_py:/home/albert/udem2_ws/install/lifecycle_py:/home/albert/udem2_ws/install/executors_py:/home/albert/udem2_ws/install/components_py:/home/albert/udem_ws/install/turtlesim_catcher:/home/albert/udem_ws/install/my_py_pkg:/home/albert/udem_ws/install/lifecycle_py:/home/albert/bcdc_ws/install/agbot_teleop:/home/albert/bcdc_ws/install/agbot_py:/home/albert/arduinobot_ws/install/arduinobot_py_examples:/opt/ros/humble /home/albert/.local/bin/cmake --install /home/albert/ag_arm_ws/build/arm_bringup
[1.990s] DEBUG:colcon.colcon_core.event_handler.log_command:Invoked command in '/home/albert/ag_arm_ws/build/arm_controller' returned '0': CMAKE_PREFIX_PATH=${CMAKE_PREFIX_PATH}:/home/albert/ag_arm_ws/install/arm_py:/home/albert/ws_moveit2/install/moveit_configs_utils:/home/albert/ws_moveit2/install/launch_param_builder:/home/albert/umov_ws/install/arduino_py_examples:/home/albert/udem2_ws/install/actions_py:/home/albert/udem2_ws/install/lifecycle_py:/home/albert/udem2_ws/install/executors_py:/home/albert/udem2_ws/install/components_py:/home/albert/udem_ws/install/turtlesim_catcher:/home/albert/udem_ws/install/my_py_pkg:/home/albert/udem_ws/install/lifecycle_py:/home/albert/bcdc_ws/install/agbot_teleop:/home/albert/bcdc_ws/install/agbot_py:/home/albert/arduinobot_ws/install/arduinobot_py_examples:/opt/ros/humble /home/albert/.local/bin/cmake --build /home/albert/ag_arm_ws/build/arm_controller -- -j8 -l8
[2.006s] Level 1:colcon.colcon_core.environment:create_environment_scripts_only(arm_description)
[2.026s] DEBUG:colcon.colcon_core.event_handler.log_command:Invoking command in '/home/albert/ag_arm_ws/build/arm_controller': CMAKE_PREFIX_PATH=${CMAKE_PREFIX_PATH}:/home/albert/ag_arm_ws/install/arm_py:/home/albert/ws_moveit2/install/moveit_configs_utils:/home/albert/ws_moveit2/install/launch_param_builder:/home/albert/umov_ws/install/arduino_py_examples:/home/albert/udem2_ws/install/actions_py:/home/albert/udem2_ws/install/lifecycle_py:/home/albert/udem2_ws/install/executors_py:/home/albert/udem2_ws/install/components_py:/home/albert/udem_ws/install/turtlesim_catcher:/home/albert/udem_ws/install/my_py_pkg:/home/albert/udem_ws/install/lifecycle_py:/home/albert/bcdc_ws/install/agbot_teleop:/home/albert/bcdc_ws/install/agbot_py:/home/albert/arduinobot_ws/install/arduinobot_py_examples:/opt/ros/humble /home/albert/.local/bin/cmake --install /home/albert/ag_arm_ws/build/arm_controller
[2.034s] Level 1:colcon.colcon_core.environment:checking '/home/albert/ag_arm_ws/install/arm_description' for CMake module files
[2.035s] Level 1:colcon.colcon_core.environment:checking '/home/albert/ag_arm_ws/install/arm_description' for CMake config files
[2.036s] Level 1:colcon.colcon_core.shell:create_environment_hook('arm_description', 'cmake_prefix_path')
[2.036s] INFO:colcon.colcon_core.shell:Creating environment hook '/home/albert/ag_arm_ws/install/arm_description/share/arm_description/hook/cmake_prefix_path.ps1'
[2.040s] INFO:colcon.colcon_core.shell:Creating environment descriptor '/home/albert/ag_arm_ws/install/arm_description/share/arm_description/hook/cmake_prefix_path.dsv'
[2.039s] DEBUG:colcon.colcon_core.event_handler.log_command:Invoked command in '/home/albert/ag_arm_ws/build/arm_description' returned '0': CMAKE_PREFIX_PATH=${CMAKE_PREFIX_PATH}:/home/albert/ag_arm_ws/install/arm_py:/home/albert/ws_moveit2/install/moveit_configs_utils:/home/albert/ws_moveit2/install/launch_param_builder:/home/albert/umov_ws/install/arduino_py_examples:/home/albert/udem2_ws/install/actions_py:/home/albert/udem2_ws/install/lifecycle_py:/home/albert/udem2_ws/install/executors_py:/home/albert/udem2_ws/install/components_py:/home/albert/udem_ws/install/turtlesim_catcher:/home/albert/udem_ws/install/my_py_pkg:/home/albert/udem_ws/install/lifecycle_py:/home/albert/bcdc_ws/install/agbot_teleop:/home/albert/bcdc_ws/install/agbot_py:/home/albert/arduinobot_ws/install/arduinobot_py_examples:/opt/ros/humble /home/albert/.local/bin/cmake --install /home/albert/ag_arm_ws/build/arm_description
[2.041s] INFO:colcon.colcon_core.shell:Creating environment hook '/home/albert/ag_arm_ws/install/arm_description/share/arm_description/hook/cmake_prefix_path.sh'
[2.042s] Level 1:colcon.colcon_core.environment:checking '/home/albert/ag_arm_ws/install/arm_description/bin'
[2.042s] Level 1:colcon.colcon_core.environment:checking '/home/albert/ag_arm_ws/install/arm_description/lib/pkgconfig/arm_description.pc'
[2.043s] Level 1:colcon.colcon_core.environment:checking '/home/albert/ag_arm_ws/install/arm_description/lib/python3.10/site-packages'
[2.043s] Level 1:colcon.colcon_core.environment:checking '/home/albert/ag_arm_ws/install/arm_description/bin'
[2.044s] INFO:colcon.colcon_core.shell:Creating package script '/home/albert/ag_arm_ws/install/arm_description/share/arm_description/package.ps1'
[2.046s] INFO:colcon.colcon_core.shell:Creating package descriptor '/home/albert/ag_arm_ws/install/arm_description/share/arm_description/package.dsv'
[2.047s] INFO:colcon.colcon_core.shell:Creating package script '/home/albert/ag_arm_ws/install/arm_description/share/arm_description/package.sh'
[2.049s] INFO:colcon.colcon_core.shell:Creating package script '/home/albert/ag_arm_ws/install/arm_description/share/arm_description/package.bash'
[2.052s] INFO:colcon.colcon_core.shell:Creating package script '/home/albert/ag_arm_ws/install/arm_description/share/arm_description/package.zsh'
[2.053s] Level 1:colcon.colcon_core.environment:create_file_with_runtime_dependencies(/home/albert/ag_arm_ws/install/arm_description/share/colcon-core/packages/arm_description)
[2.055s] Level 1:colcon.colcon_core.environment:create_environment_scripts_only(arm_description)
[2.055s] Level 1:colcon.colcon_core.environment:checking '/home/albert/ag_arm_ws/install/arm_description' for CMake module files
[2.056s] Level 1:colcon.colcon_core.environment:checking '/home/albert/ag_arm_ws/install/arm_description' for CMake config files
[2.057s] Level 1:colcon.colcon_core.shell:create_environment_hook('arm_description', 'cmake_prefix_path')
[2.058s] INFO:colcon.colcon_core.shell:Creating environment hook '/home/albert/ag_arm_ws/install/arm_description/share/arm_description/hook/cmake_prefix_path.ps1'
[2.059s] INFO:colcon.colcon_core.shell:Creating environment descriptor '/home/albert/ag_arm_ws/install/arm_description/share/arm_description/hook/cmake_prefix_path.dsv'
[2.060s] INFO:colcon.colcon_core.shell:Creating environment hook '/home/albert/ag_arm_ws/install/arm_description/share/arm_description/hook/cmake_prefix_path.sh'
[2.061s] Level 1:colcon.colcon_core.environment:checking '/home/albert/ag_arm_ws/install/arm_description/bin'
[2.061s] Level 1:colcon.colcon_core.environment:checking '/home/albert/ag_arm_ws/install/arm_description/lib/pkgconfig/arm_description.pc'
[2.061s] Level 1:colcon.colcon_core.environment:checking '/home/albert/ag_arm_ws/install/arm_description/lib/python3.10/site-packages'
[2.062s] Level 1:colcon.colcon_core.environment:checking '/home/albert/ag_arm_ws/install/arm_description/bin'
[2.063s] INFO:colcon.colcon_core.shell:Creating package script '/home/albert/ag_arm_ws/install/arm_description/share/arm_description/package.ps1'
[2.064s] INFO:colcon.colcon_core.shell:Creating package descriptor '/home/albert/ag_arm_ws/install/arm_description/share/arm_description/package.dsv'
[2.066s] INFO:colcon.colcon_core.shell:Creating package script '/home/albert/ag_arm_ws/install/arm_description/share/arm_description/package.sh'
[2.067s] INFO:colcon.colcon_core.shell:Creating package script '/home/albert/ag_arm_ws/install/arm_description/share/arm_description/package.bash'
[2.068s] INFO:colcon.colcon_core.shell:Creating package script '/home/albert/ag_arm_ws/install/arm_description/share/arm_description/package.zsh'
[2.069s] Level 1:colcon.colcon_core.environment:create_file_with_runtime_dependencies(/home/albert/ag_arm_ws/install/arm_description/share/colcon-core/packages/arm_description)
[2.070s] Level 1:colcon.colcon_core.environment:create_environment_scripts_only(arm_moveit)
[2.072s] Level 1:colcon.colcon_core.environment:checking '/home/albert/ag_arm_ws/install/arm_moveit' for CMake module files
[2.073s] Level 1:colcon.colcon_core.environment:checking '/home/albert/ag_arm_ws/install/arm_moveit' for CMake config files
[2.074s] Level 1:colcon.colcon_core.shell:create_environment_hook('arm_moveit', 'cmake_prefix_path')
[2.074s] INFO:colcon.colcon_core.shell:Creating environment hook '/home/albert/ag_arm_ws/install/arm_moveit/share/arm_moveit/hook/cmake_prefix_path.ps1'
[2.075s] INFO:colcon.colcon_core.shell:Creating environment descriptor '/home/albert/ag_arm_ws/install/arm_moveit/share/arm_moveit/hook/cmake_prefix_path.dsv'
[2.076s] INFO:colcon.colcon_core.shell:Creating environment hook '/home/albert/ag_arm_ws/install/arm_moveit/share/arm_moveit/hook/cmake_prefix_path.sh'
[2.071s] DEBUG:colcon.colcon_core.event_handler.log_command:Invoked command in '/home/albert/ag_arm_ws/build/arm_moveit' returned '0': CMAKE_PREFIX_PATH=${CMAKE_PREFIX_PATH}:/home/albert/ag_arm_ws/install/arm_py:/home/albert/ws_moveit2/install/moveit_configs_utils:/home/albert/ws_moveit2/install/launch_param_builder:/home/albert/umov_ws/install/arduino_py_examples:/home/albert/udem2_ws/install/actions_py:/home/albert/udem2_ws/install/lifecycle_py:/home/albert/udem2_ws/install/executors_py:/home/albert/udem2_ws/install/components_py:/home/albert/udem_ws/install/turtlesim_catcher:/home/albert/udem_ws/install/my_py_pkg:/home/albert/udem_ws/install/lifecycle_py:/home/albert/bcdc_ws/install/agbot_teleop:/home/albert/bcdc_ws/install/agbot_py:/home/albert/arduinobot_ws/install/arduinobot_py_examples:/opt/ros/humble /home/albert/.local/bin/cmake --install /home/albert/ag_arm_ws/build/arm_moveit
[2.078s] Level 1:colcon.colcon_core.environment:checking '/home/albert/ag_arm_ws/install/arm_moveit/bin'
[2.078s] Level 1:colcon.colcon_core.environment:checking '/home/albert/ag_arm_ws/install/arm_moveit/lib/pkgconfig/arm_moveit.pc'
[2.079s] Level 1:colcon.colcon_core.environment:checking '/home/albert/ag_arm_ws/install/arm_moveit/lib/python3.10/site-packages'
[2.079s] Level 1:colcon.colcon_core.environment:checking '/home/albert/ag_arm_ws/install/arm_moveit/bin'
[2.080s] INFO:colcon.colcon_core.shell:Creating package script '/home/albert/ag_arm_ws/install/arm_moveit/share/arm_moveit/package.ps1'
[2.082s] INFO:colcon.colcon_core.shell:Creating package descriptor '/home/albert/ag_arm_ws/install/arm_moveit/share/arm_moveit/package.dsv'
[2.083s] INFO:colcon.colcon_core.shell:Creating package script '/home/albert/ag_arm_ws/install/arm_moveit/share/arm_moveit/package.sh'
[2.086s] INFO:colcon.colcon_core.shell:Creating package script '/home/albert/ag_arm_ws/install/arm_moveit/share/arm_moveit/package.bash'
[2.086s] INFO:colcon.colcon_core.shell:Creating package script '/home/albert/ag_arm_ws/install/arm_moveit/share/arm_moveit/package.zsh'
[2.087s] Level 1:colcon.colcon_core.environment:create_file_with_runtime_dependencies(/home/albert/ag_arm_ws/install/arm_moveit/share/colcon-core/packages/arm_moveit)
[2.089s] Level 1:colcon.colcon_core.environment:create_environment_scripts_only(arm_moveit)
[2.089s] Level 1:colcon.colcon_core.environment:checking '/home/albert/ag_arm_ws/install/arm_moveit' for CMake module files
[2.090s] Level 1:colcon.colcon_core.environment:checking '/home/albert/ag_arm_ws/install/arm_moveit' for CMake config files
[2.091s] Level 1:colcon.colcon_core.shell:create_environment_hook('arm_moveit', 'cmake_prefix_path')
[2.091s] INFO:colcon.colcon_core.shell:Creating environment hook '/home/albert/ag_arm_ws/install/arm_moveit/share/arm_moveit/hook/cmake_prefix_path.ps1'
[2.092s] INFO:colcon.colcon_core.shell:Creating environment descriptor '/home/albert/ag_arm_ws/install/arm_moveit/share/arm_moveit/hook/cmake_prefix_path.dsv'
[2.093s] INFO:colcon.colcon_core.shell:Creating environment hook '/home/albert/ag_arm_ws/install/arm_moveit/share/arm_moveit/hook/cmake_prefix_path.sh'
[2.094s] Level 1:colcon.colcon_core.environment:checking '/home/albert/ag_arm_ws/install/arm_moveit/bin'
[2.094s] Level 1:colcon.colcon_core.environment:checking '/home/albert/ag_arm_ws/install/arm_moveit/lib/pkgconfig/arm_moveit.pc'
[2.095s] Level 1:colcon.colcon_core.environment:checking '/home/albert/ag_arm_ws/install/arm_moveit/lib/python3.10/site-packages'
[2.096s] Level 1:colcon.colcon_core.environment:checking '/home/albert/ag_arm_ws/install/arm_moveit/bin'
[2.097s] INFO:colcon.colcon_core.shell:Creating package script '/home/albert/ag_arm_ws/install/arm_moveit/share/arm_moveit/package.ps1'
[2.099s] INFO:colcon.colcon_core.shell:Creating package descriptor '/home/albert/ag_arm_ws/install/arm_moveit/share/arm_moveit/package.dsv'
[2.100s] INFO:colcon.colcon_core.shell:Creating package script '/home/albert/ag_arm_ws/install/arm_moveit/share/arm_moveit/package.sh'
[2.101s] INFO:colcon.colcon_core.shell:Creating package script '/home/albert/ag_arm_ws/install/arm_moveit/share/arm_moveit/package.bash'
[2.102s] INFO:colcon.colcon_core.shell:Creating package script '/home/albert/ag_arm_ws/install/arm_moveit/share/arm_moveit/package.zsh'
[2.103s] Level 1:colcon.colcon_core.environment:create_file_with_runtime_dependencies(/home/albert/ag_arm_ws/install/arm_moveit/share/colcon-core/packages/arm_moveit)
[2.107s] Level 1:colcon.colcon_core.environment:create_environment_scripts_only(arm_bringup)
[2.108s] DEBUG:colcon.colcon_core.event_handler.log_command:Invoked command in '/home/albert/ag_arm_ws/build/arm_bringup' returned '0': CMAKE_PREFIX_PATH=${CMAKE_PREFIX_PATH}:/home/albert/ag_arm_ws/install/arm_py:/home/albert/ws_moveit2/install/moveit_configs_utils:/home/albert/ws_moveit2/install/launch_param_builder:/home/albert/umov_ws/install/arduino_py_examples:/home/albert/udem2_ws/install/actions_py:/home/albert/udem2_ws/install/lifecycle_py:/home/albert/udem2_ws/install/executors_py:/home/albert/udem2_ws/install/components_py:/home/albert/udem_ws/install/turtlesim_catcher:/home/albert/udem_ws/install/my_py_pkg:/home/albert/udem_ws/install/lifecycle_py:/home/albert/bcdc_ws/install/agbot_teleop:/home/albert/bcdc_ws/install/agbot_py:/home/albert/arduinobot_ws/install/arduinobot_py_examples:/opt/ros/humble /home/albert/.local/bin/cmake --install /home/albert/ag_arm_ws/build/arm_bringup
[2.108s] Level 1:colcon.colcon_core.environment:checking '/home/albert/ag_arm_ws/install/arm_bringup' for CMake module files
[2.109s] Level 1:colcon.colcon_core.environment:checking '/home/albert/ag_arm_ws/install/arm_bringup' for CMake config files
[2.110s] Level 1:colcon.colcon_core.shell:create_environment_hook('arm_bringup', 'cmake_prefix_path')
[2.110s] INFO:colcon.colcon_core.shell:Creating environment hook '/home/albert/ag_arm_ws/install/arm_bringup/share/arm_bringup/hook/cmake_prefix_path.ps1'
[2.111s] INFO:colcon.colcon_core.shell:Creating environment descriptor '/home/albert/ag_arm_ws/install/arm_bringup/share/arm_bringup/hook/cmake_prefix_path.dsv'
[2.112s] INFO:colcon.colcon_core.shell:Creating environment hook '/home/albert/ag_arm_ws/install/arm_bringup/share/arm_bringup/hook/cmake_prefix_path.sh'
[2.113s] Level 1:colcon.colcon_core.environment:checking '/home/albert/ag_arm_ws/install/arm_bringup/bin'
[2.113s] Level 1:colcon.colcon_core.environment:checking '/home/albert/ag_arm_ws/install/arm_bringup/lib/pkgconfig/arm_bringup.pc'
[2.114s] Level 1:colcon.colcon_core.environment:checking '/home/albert/ag_arm_ws/install/arm_bringup/lib/python3.10/site-packages'
[2.114s] Level 1:colcon.colcon_core.environment:checking '/home/albert/ag_arm_ws/install/arm_bringup/bin'
[2.115s] INFO:colcon.colcon_core.shell:Creating package script '/home/albert/ag_arm_ws/install/arm_bringup/share/arm_bringup/package.ps1'
[2.116s] INFO:colcon.colcon_core.shell:Creating package descriptor '/home/albert/ag_arm_ws/install/arm_bringup/share/arm_bringup/package.dsv'
[2.117s] INFO:colcon.colcon_core.shell:Creating package script '/home/albert/ag_arm_ws/install/arm_bringup/share/arm_bringup/package.sh'
[2.118s] INFO:colcon.colcon_core.shell:Creating package script '/home/albert/ag_arm_ws/install/arm_bringup/share/arm_bringup/package.bash'
[2.119s] INFO:colcon.colcon_core.shell:Creating package script '/home/albert/ag_arm_ws/install/arm_bringup/share/arm_bringup/package.zsh'
[2.120s] Level 1:colcon.colcon_core.environment:create_file_with_runtime_dependencies(/home/albert/ag_arm_ws/install/arm_bringup/share/colcon-core/packages/arm_bringup)
[2.121s] Level 1:colcon.colcon_core.environment:create_environment_scripts_only(arm_bringup)
[2.122s] Level 1:colcon.colcon_core.environment:checking '/home/albert/ag_arm_ws/install/arm_bringup' for CMake module files
[2.123s] Level 1:colcon.colcon_core.environment:checking '/home/albert/ag_arm_ws/install/arm_bringup' for CMake config files
[2.123s] Level 1:colcon.colcon_core.shell:create_environment_hook('arm_bringup', 'cmake_prefix_path')
[2.124s] INFO:colcon.colcon_core.shell:Creating environment hook '/home/albert/ag_arm_ws/install/arm_bringup/share/arm_bringup/hook/cmake_prefix_path.ps1'
[2.125s] INFO:colcon.colcon_core.shell:Creating environment descriptor '/home/albert/ag_arm_ws/install/arm_bringup/share/arm_bringup/hook/cmake_prefix_path.dsv'
[2.126s] INFO:colcon.colcon_core.shell:Creating environment hook '/home/albert/ag_arm_ws/install/arm_bringup/share/arm_bringup/hook/cmake_prefix_path.sh'
[2.127s] Level 1:colcon.colcon_core.environment:checking '/home/albert/ag_arm_ws/install/arm_bringup/bin'
[2.127s] Level 1:colcon.colcon_core.environment:checking '/home/albert/ag_arm_ws/install/arm_bringup/lib/pkgconfig/arm_bringup.pc'
[2.127s] Level 1:colcon.colcon_core.environment:checking '/home/albert/ag_arm_ws/install/arm_bringup/lib/python3.10/site-packages'
[2.128s] Level 1:colcon.colcon_core.environment:checking '/home/albert/ag_arm_ws/install/arm_bringup/bin'
[2.129s] INFO:colcon.colcon_core.shell:Creating package script '/home/albert/ag_arm_ws/install/arm_bringup/share/arm_bringup/package.ps1'
[2.130s] INFO:colcon.colcon_core.shell:Creating package descriptor '/home/albert/ag_arm_ws/install/arm_bringup/share/arm_bringup/package.dsv'
[2.131s] INFO:colcon.colcon_core.shell:Creating package script '/home/albert/ag_arm_ws/install/arm_bringup/share/arm_bringup/package.sh'
[2.132s] INFO:colcon.colcon_core.shell:Creating package script '/home/albert/ag_arm_ws/install/arm_bringup/share/arm_bringup/package.bash'
[2.133s] INFO:colcon.colcon_core.shell:Creating package script '/home/albert/ag_arm_ws/install/arm_bringup/share/arm_bringup/package.zsh'
[2.134s] Level 1:colcon.colcon_core.environment:create_file_with_runtime_dependencies(/home/albert/ag_arm_ws/install/arm_bringup/share/colcon-core/packages/arm_bringup)
[2.136s] INFO:colcon.colcon_ros.task.ament_cmake.build:Building ROS package in '/home/albert/ag_arm_ws/src/arm_setup_moveit' with build type 'ament_cmake'
[2.136s] INFO:colcon.colcon_cmake.task.cmake.build:Building CMake package in '/home/albert/ag_arm_ws/src/arm_setup_moveit'
[2.137s] INFO:colcon.colcon_core.shell:Skip shell extension 'powershell' for command environment: Not usable outside of PowerShell
[2.137s] DEBUG:colcon.colcon_core.shell:Skip shell extension 'dsv' for command environment
[2.177s] Level 1:colcon.colcon_core.environment:create_environment_scripts_only(arm_controller)
[2.178s] Level 1:colcon.colcon_core.environment:checking '/home/albert/ag_arm_ws/install/arm_controller' for CMake module files
[2.181s] DEBUG:colcon.colcon_core.event_handler.log_command:Invoked command in '/home/albert/ag_arm_ws/build/arm_controller' returned '0': CMAKE_PREFIX_PATH=${CMAKE_PREFIX_PATH}:/home/albert/ag_arm_ws/install/arm_py:/home/albert/ws_moveit2/install/moveit_configs_utils:/home/albert/ws_moveit2/install/launch_param_builder:/home/albert/umov_ws/install/arduino_py_examples:/home/albert/udem2_ws/install/actions_py:/home/albert/udem2_ws/install/lifecycle_py:/home/albert/udem2_ws/install/executors_py:/home/albert/udem2_ws/install/components_py:/home/albert/udem_ws/install/turtlesim_catcher:/home/albert/udem_ws/install/my_py_pkg:/home/albert/udem_ws/install/lifecycle_py:/home/albert/bcdc_ws/install/agbot_teleop:/home/albert/bcdc_ws/install/agbot_py:/home/albert/arduinobot_ws/install/arduinobot_py_examples:/opt/ros/humble /home/albert/.local/bin/cmake --install /home/albert/ag_arm_ws/build/arm_controller
[2.181s] Level 1:colcon.colcon_core.environment:checking '/home/albert/ag_arm_ws/install/arm_controller' for CMake config files
[2.182s] Level 1:colcon.colcon_core.shell:create_environment_hook('arm_controller', 'cmake_prefix_path')
[2.182s] INFO:colcon.colcon_core.shell:Creating environment hook '/home/albert/ag_arm_ws/install/arm_controller/share/arm_controller/hook/cmake_prefix_path.ps1'
[2.183s] INFO:colcon.colcon_core.shell:Creating environment descriptor '/home/albert/ag_arm_ws/install/arm_controller/share/arm_controller/hook/cmake_prefix_path.dsv'
[2.184s] INFO:colcon.colcon_core.shell:Creating environment hook '/home/albert/ag_arm_ws/install/arm_controller/share/arm_controller/hook/cmake_prefix_path.sh'
[2.185s] Level 1:colcon.colcon_core.environment:checking '/home/albert/ag_arm_ws/install/arm_controller/bin'
[2.185s] Level 1:colcon.colcon_core.environment:checking '/home/albert/ag_arm_ws/install/arm_controller/lib/pkgconfig/arm_controller.pc'
[2.186s] Level 1:colcon.colcon_core.environment:checking '/home/albert/ag_arm_ws/install/arm_controller/lib/python3.10/site-packages'
[2.186s] Level 1:colcon.colcon_core.environment:checking '/home/albert/ag_arm_ws/install/arm_controller/bin'
[2.186s] INFO:colcon.colcon_core.shell:Creating package script '/home/albert/ag_arm_ws/install/arm_controller/share/arm_controller/package.ps1'
[2.187s] INFO:colcon.colcon_core.shell:Creating package descriptor '/home/albert/ag_arm_ws/install/arm_controller/share/arm_controller/package.dsv'
[2.188s] INFO:colcon.colcon_core.shell:Creating package script '/home/albert/ag_arm_ws/install/arm_controller/share/arm_controller/package.sh'
[2.188s] INFO:colcon.colcon_core.shell:Creating package script '/home/albert/ag_arm_ws/install/arm_controller/share/arm_controller/package.bash'
[2.189s] INFO:colcon.colcon_core.shell:Creating package script '/home/albert/ag_arm_ws/install/arm_controller/share/arm_controller/package.zsh'
[2.189s] Level 1:colcon.colcon_core.environment:create_file_with_runtime_dependencies(/home/albert/ag_arm_ws/install/arm_controller/share/colcon-core/packages/arm_controller)
[2.190s] Level 1:colcon.colcon_core.environment:create_environment_scripts_only(arm_controller)
[2.191s] Level 1:colcon.colcon_core.environment:checking '/home/albert/ag_arm_ws/install/arm_controller' for CMake module files
[2.191s] Level 1:colcon.colcon_core.environment:checking '/home/albert/ag_arm_ws/install/arm_controller' for CMake config files
[2.192s] Level 1:colcon.colcon_core.shell:create_environment_hook('arm_controller', 'cmake_prefix_path')
[2.192s] INFO:colcon.colcon_core.shell:Creating environment hook '/home/albert/ag_arm_ws/install/arm_controller/share/arm_controller/hook/cmake_prefix_path.ps1'
[2.193s] INFO:colcon.colcon_core.shell:Creating environment descriptor '/home/albert/ag_arm_ws/install/arm_controller/share/arm_controller/hook/cmake_prefix_path.dsv'
[2.193s] INFO:colcon.colcon_core.shell:Creating environment hook '/home/albert/ag_arm_ws/install/arm_controller/share/arm_controller/hook/cmake_prefix_path.sh'
[2.194s] Level 1:colcon.colcon_core.environment:checking '/home/albert/ag_arm_ws/install/arm_controller/bin'
[2.194s] Level 1:colcon.colcon_core.environment:checking '/home/albert/ag_arm_ws/install/arm_controller/lib/pkgconfig/arm_controller.pc'
[2.195s] Level 1:colcon.colcon_core.environment:checking '/home/albert/ag_arm_ws/install/arm_controller/lib/python3.10/site-packages'
[2.195s] Level 1:colcon.colcon_core.environment:checking '/home/albert/ag_arm_ws/install/arm_controller/bin'
[2.196s] INFO:colcon.colcon_core.shell:Creating package script '/home/albert/ag_arm_ws/install/arm_controller/share/arm_controller/package.ps1'
[2.197s] INFO:colcon.colcon_core.shell:Creating package descriptor '/home/albert/ag_arm_ws/install/arm_controller/share/arm_controller/package.dsv'
[2.198s] INFO:colcon.colcon_core.shell:Creating package script '/home/albert/ag_arm_ws/install/arm_controller/share/arm_controller/package.sh'
[2.199s] INFO:colcon.colcon_core.shell:Creating package script '/home/albert/ag_arm_ws/install/arm_controller/share/arm_controller/package.bash'
[2.200s] INFO:colcon.colcon_core.shell:Creating package script '/home/albert/ag_arm_ws/install/arm_controller/share/arm_controller/package.zsh'
[2.200s] Level 1:colcon.colcon_core.environment:create_file_with_runtime_dependencies(/home/albert/ag_arm_ws/install/arm_controller/share/colcon-core/packages/arm_controller)
[2.206s] DEBUG:colcon.colcon_core.event_handler.log_command:Invoked command in '/home/albert/ag_arm_ws/build/arm_msgs' returned '0': CMAKE_PREFIX_PATH=${CMAKE_PREFIX_PATH}:/home/albert/ag_arm_ws/install/arm_py:/home/albert/ws_moveit2/install/moveit_configs_utils:/home/albert/ws_moveit2/install/launch_param_builder:/home/albert/umov_ws/install/arduino_py_examples:/home/albert/udem2_ws/install/actions_py:/home/albert/udem2_ws/install/lifecycle_py:/home/albert/udem2_ws/install/executors_py:/home/albert/udem2_ws/install/components_py:/home/albert/udem_ws/install/turtlesim_catcher:/home/albert/udem_ws/install/my_py_pkg:/home/albert/udem_ws/install/lifecycle_py:/home/albert/bcdc_ws/install/agbot_teleop:/home/albert/bcdc_ws/install/agbot_py:/home/albert/arduinobot_ws/install/arduinobot_py_examples:/opt/ros/humble /home/albert/.local/bin/cmake --build /home/albert/ag_arm_ws/build/arm_msgs -- -j8 -l8
[2.209s] DEBUG:colcon.colcon_core.event_handler.log_command:Invoking command in '/home/albert/ag_arm_ws/build/arm_msgs': CMAKE_PREFIX_PATH=${CMAKE_PREFIX_PATH}:/home/albert/ag_arm_ws/install/arm_py:/home/albert/ws_moveit2/install/moveit_configs_utils:/home/albert/ws_moveit2/install/launch_param_builder:/home/albert/umov_ws/install/arduino_py_examples:/home/albert/udem2_ws/install/actions_py:/home/albert/udem2_ws/install/lifecycle_py:/home/albert/udem2_ws/install/executors_py:/home/albert/udem2_ws/install/components_py:/home/albert/udem_ws/install/turtlesim_catcher:/home/albert/udem_ws/install/my_py_pkg:/home/albert/udem_ws/install/lifecycle_py:/home/albert/bcdc_ws/install/agbot_teleop:/home/albert/bcdc_ws/install/agbot_py:/home/albert/arduinobot_ws/install/arduinobot_py_examples:/opt/ros/humble /home/albert/.local/bin/cmake --install /home/albert/ag_arm_ws/build/arm_msgs
[2.218s] DEBUG:colcon.colcon_core.event_handler.log_command:Invoking command in '/home/albert/ag_arm_ws/build/arm_setup_moveit': CMAKE_PREFIX_PATH=/home/albert/ag_arm_ws/install/arm_description:/home/albert/ag_arm_ws/install/arm_setup_moveit:/home/albert/ag_arm_ws/install/arm_remote:/home/albert/ag_arm_ws/install/arm_cpp:/home/albert/ag_arm_ws/install/arm_msgs:/home/albert/ag_arm_ws/install/arm_moveit:/home/albert/ag_arm_ws/install/arm_controller:/home/albert/ag_arm_ws/install/arm_bringup:/home/albert/ws_moveit2/install/pilz_industrial_motion_planner_testutils:/home/albert/ws_moveit2/install/moveit_runtime:/home/albert/ws_moveit2/install/moveit2_tutorials:/home/albert/ws_moveit2/install/moveit:/home/albert/ws_moveit2/install/moveit_planners:/home/albert/ws_moveit2/install/pilz_industrial_motion_planner:/home/albert/ws_moveit2/install/moveit_visual_tools:/home/albert/ws_moveit2/install/moveit_task_constructor_visualization:/home/albert/ws_moveit2/install/moveit_task_constructor_demo:/home/albert/ws_moveit2/install/moveit_task_constructor_capabilities:/home/albert/ws_moveit2/install/moveit_task_constructor_core:/home/albert/ws_moveit2/install/moveit_ros_control_interface:/home/albert/ws_moveit2/install/moveit_plugins:/home/albert/ws_moveit2/install/moveit_simple_controller_manager:/home/albert/ws_moveit2/install/moveit_setup_assistant:/home/albert/ws_moveit2/install/moveit_setup_srdf_plugins:/home/albert/ws_moveit2/install/moveit_setup_core_plugins:/home/albert/ws_moveit2/install/moveit_setup_controllers:/home/albert/ws_moveit2/install/moveit_setup_app_plugins:/home/albert/ws_moveit2/install/moveit_setup_framework:/home/albert/ws_moveit2/install/moveit_servo:/home/albert/ws_moveit2/install/moveit_ros:/home/albert/ws_moveit2/install/moveit_ros_visualization:/home/albert/ws_moveit2/install/moveit_hybrid_planning:/home/albert/ws_moveit2/install/moveit_ros_planning_interface:/home/albert/ws_moveit2/install/moveit_ros_benchmarks:/home/albert/ws_moveit2/install/moveit_ros_warehouse:/home/albert/ws_moveit2/install/moveit_ros_robot_interaction:/home/albert/ws_moveit2/install/moveit_ros_perception:/home/albert/ws_moveit2/install/moveit_resources_prbt_pg70_support:/home/albert/ws_moveit2/install/moveit_resources_prbt_moveit_config:/home/albert/ws_moveit2/install/moveit_ros_move_group:/home/albert/ws_moveit2/install/moveit_planners_ompl:/home/albert/ws_moveit2/install/moveit_ros_planning:/home/albert/ws_moveit2/install/moveit_ros_occupancy_map_monitor:/home/albert/ws_moveit2/install/moveit_resources_prbt_ikfast_manipulator_plugin:/home/albert/ws_moveit2/install/moveit_planners_chomp:/home/albert/ws_moveit2/install/moveit_kinematics:/home/albert/ws_moveit2/install/moveit_chomp_optimizer_adapter:/home/albert/ws_moveit2/install/chomp_motion_planner:/home/albert/ws_moveit2/install/moveit_core:/home/albert/ws_moveit2/install/srdfdom:/home/albert/ws_moveit2/install/rviz_marker_tools:/home/albert/ws_moveit2/install/rosparam_shortcuts:/home/albert/ws_moveit2/install/moveit_task_constructor_msgs:/home/albert/ws_moveit2/install/moveit_resources_prbt_support:/home/albert/ws_moveit2/install/moveit_resources:/home/albert/ws_moveit2/install/moveit_resources_pr2_description:/home/albert/ws_moveit2/install/moveit_resources_panda_moveit_config:/home/albert/ws_moveit2/install/moveit_resources_panda_description:/home/albert/ws_moveit2/install/moveit_resources_fanuc_moveit_config:/home/albert/ws_moveit2/install/moveit_resources_fanuc_description:/home/albert/ws_moveit2/install/moveit_common:/home/albert/umov_ws/install/moveitassistant:/home/albert/umov_ws/install/description:/home/albert/umov_ws/install/arduino_utils:/home/albert/umov_ws/install/arduino_remote:/home/albert/umov_ws/install/arduino_cpp_examples:/home/albert/umov_ws/install/arduino_msgs:/home/albert/umov_ws/install/arduino_moveit:/home/albert/umov_ws/install/arduino_firmware:/home/albert/umov_ws/install/arduino_controller:/home/albert/umov_ws/install/arduino_bringup:/home/albert/unav_ws/install/turtlebot3_fake_node:/home/albert/unav_ws/install/robot_bringup:/home/albert/unav_ws/install/nav2_robot_description:/home/albert/udem2_ws/install/robot_bringup:/home/albert/udem2_ws/install/my_robot_bringup:/home/albert/udem2_ws/install/lifecycle_cpp:/home/albert/udem2_ws/install/final_project_cpp:/home/albert/udem2_ws/install/actions_cpp:/home/albert/udem2_ws/install/robot_interfaces:/home/albert/udem2_ws/install/executors_cpp:/home/albert/udem2_ws/install/components_cpp:/home/albert/udem_ws/install/my_robot_bringup:/home/albert/udem_ws/install/my_cpp_pkg:/home/albert/udem_ws/install/my_robot_interfaces:/home/albert/udem_ws/install/my_robot_description:/home/albert/udem_ws/install/lifecycle_cpp:/home/albert/bcdc_ws/install/aggiebot_cpp:/home/albert/bcdc_ws/install/aggiebot_msgs:/home/albert/bcdc_ws/install/aggiebot_description:/home/albert/bcdc_ws/install/aggiebot_controller:/home/albert/bcdc_ws/install/aggiebot_bringup:/home/albert/bcdc_ws/install/aggiebot_arm_moveit:/home/albert/bcdc_ws/install/aggiebot_arm_description:/home/albert/bcdc_ws/install/aggiebot_arm_controller:/home/albert/bcdc_ws/install/agbot_setup_moveit:/home/albert/bcdc_ws/install/agbot_cpp:/home/albert/bcdc_ws/install/agbot_msgs:/home/albert/bcdc_ws/install/agbot_moveit:/home/albert/bcdc_ws/install/agbot_description:/home/albert/bcdc_ws/install/agbot_controller:/home/albert/bcdc_ws/install/agbot_bringup:/home/albert/bcdc_ws/install/agbot_arm_controller:/home/albert/arduinobot_ws/install/arduinobot_utils:/home/albert/arduinobot_ws/install/arduinobot_remote:/home/albert/arduinobot_ws/install/arduinobot_cpp_examples:/home/albert/arduinobot_ws/install/arduinobot_msgs:/home/albert/arduinobot_ws/install/arduinobot_moveit_setup:/home/albert/arduinobot_ws/install/arduinobot_moveit:/home/albert/arduinobot_ws/install/arduinobot_description:/home/albert/arduinobot_ws/install/arduinobot_controller:/home/albert/rad_ws/install/agbot_full_nav2:/home/albert/rad_ws/install/agbot_full_msgs:/home/albert/rad_ws/install/agbot_full_moveit_setup:/home/albert/rad_ws/install/agbot_full_moveit:/home/albert/rad_ws/install/agbot_full_description:/home/albert/rad_ws/install/agbot_full_cpp:/home/albert/rad_ws/install/agbot_full_controller:/home/albert/rad_ws/install/agbot_full_cartogropher:/home/albert/dev_ws/install/my_bot:/home/albert/ag_car_ws/install/car_nav2:/home/albert/ag_car_ws/install/car_description:/home/albert/ag_car_ws/install/car_controller:/home/albert/ag_car_ws/install/car_cartographer:/home/albert/ag_arm_ws/install/arm_py:/home/albert/ws_moveit2/install/moveit_configs_utils:/home/albert/ws_moveit2/install/launch_param_builder:/home/albert/umov_ws/install/arduino_py_examples:/home/albert/udem2_ws/install/actions_py:/home/albert/udem2_ws/install/lifecycle_py:/home/albert/udem2_ws/install/executors_py:/home/albert/udem2_ws/install/components_py:/home/albert/udem_ws/install/turtlesim_catcher:/home/albert/udem_ws/install/my_py_pkg:/home/albert/udem_ws/install/lifecycle_py:/home/albert/bcdc_ws/install/agbot_teleop:/home/albert/bcdc_ws/install/agbot_py:/home/albert/arduinobot_ws/install/arduinobot_py_examples:/opt/ros/humble /home/albert/.local/bin/cmake --build /home/albert/ag_arm_ws/build/arm_setup_moveit -- -j8 -l8
[2.272s] DEBUG:colcon.colcon_core.event_handler.log_command:Invoked command in '/home/albert/ag_arm_ws/build/arm_setup_moveit' returned '0': CMAKE_PREFIX_PATH=/home/albert/ag_arm_ws/install/arm_description:/home/albert/ag_arm_ws/install/arm_setup_moveit:/home/albert/ag_arm_ws/install/arm_remote:/home/albert/ag_arm_ws/install/arm_cpp:/home/albert/ag_arm_ws/install/arm_msgs:/home/albert/ag_arm_ws/install/arm_moveit:/home/albert/ag_arm_ws/install/arm_controller:/home/albert/ag_arm_ws/install/arm_bringup:/home/albert/ws_moveit2/install/pilz_industrial_motion_planner_testutils:/home/albert/ws_moveit2/install/moveit_runtime:/home/albert/ws_moveit2/install/moveit2_tutorials:/home/albert/ws_moveit2/install/moveit:/home/albert/ws_moveit2/install/moveit_planners:/home/albert/ws_moveit2/install/pilz_industrial_motion_planner:/home/albert/ws_moveit2/install/moveit_visual_tools:/home/albert/ws_moveit2/install/moveit_task_constructor_visualization:/home/albert/ws_moveit2/install/moveit_task_constructor_demo:/home/albert/ws_moveit2/install/moveit_task_constructor_capabilities:/home/albert/ws_moveit2/install/moveit_task_constructor_core:/home/albert/ws_moveit2/install/moveit_ros_control_interface:/home/albert/ws_moveit2/install/moveit_plugins:/home/albert/ws_moveit2/install/moveit_simple_controller_manager:/home/albert/ws_moveit2/install/moveit_setup_assistant:/home/albert/ws_moveit2/install/moveit_setup_srdf_plugins:/home/albert/ws_moveit2/install/moveit_setup_core_plugins:/home/albert/ws_moveit2/install/moveit_setup_controllers:/home/albert/ws_moveit2/install/moveit_setup_app_plugins:/home/albert/ws_moveit2/install/moveit_setup_framework:/home/albert/ws_moveit2/install/moveit_servo:/home/albert/ws_moveit2/install/moveit_ros:/home/albert/ws_moveit2/install/moveit_ros_visualization:/home/albert/ws_moveit2/install/moveit_hybrid_planning:/home/albert/ws_moveit2/install/moveit_ros_planning_interface:/home/albert/ws_moveit2/install/moveit_ros_benchmarks:/home/albert/ws_moveit2/install/moveit_ros_warehouse:/home/albert/ws_moveit2/install/moveit_ros_robot_interaction:/home/albert/ws_moveit2/install/moveit_ros_perception:/home/albert/ws_moveit2/install/moveit_resources_prbt_pg70_support:/home/albert/ws_moveit2/install/moveit_resources_prbt_moveit_config:/home/albert/ws_moveit2/install/moveit_ros_move_group:/home/albert/ws_moveit2/install/moveit_planners_ompl:/home/albert/ws_moveit2/install/moveit_ros_planning:/home/albert/ws_moveit2/install/moveit_ros_occupancy_map_monitor:/home/albert/ws_moveit2/install/moveit_resources_prbt_ikfast_manipulator_plugin:/home/albert/ws_moveit2/install/moveit_planners_chomp:/home/albert/ws_moveit2/install/moveit_kinematics:/home/albert/ws_moveit2/install/moveit_chomp_optimizer_adapter:/home/albert/ws_moveit2/install/chomp_motion_planner:/home/albert/ws_moveit2/install/moveit_core:/home/albert/ws_moveit2/install/srdfdom:/home/albert/ws_moveit2/install/rviz_marker_tools:/home/albert/ws_moveit2/install/rosparam_shortcuts:/home/albert/ws_moveit2/install/moveit_task_constructor_msgs:/home/albert/ws_moveit2/install/moveit_resources_prbt_support:/home/albert/ws_moveit2/install/moveit_resources:/home/albert/ws_moveit2/install/moveit_resources_pr2_description:/home/albert/ws_moveit2/install/moveit_resources_panda_moveit_config:/home/albert/ws_moveit2/install/moveit_resources_panda_description:/home/albert/ws_moveit2/install/moveit_resources_fanuc_moveit_config:/home/albert/ws_moveit2/install/moveit_resources_fanuc_description:/home/albert/ws_moveit2/install/moveit_common:/home/albert/umov_ws/install/moveitassistant:/home/albert/umov_ws/install/description:/home/albert/umov_ws/install/arduino_utils:/home/albert/umov_ws/install/arduino_remote:/home/albert/umov_ws/install/arduino_cpp_examples:/home/albert/umov_ws/install/arduino_msgs:/home/albert/umov_ws/install/arduino_moveit:/home/albert/umov_ws/install/arduino_firmware:/home/albert/umov_ws/install/arduino_controller:/home/albert/umov_ws/install/arduino_bringup:/home/albert/unav_ws/install/turtlebot3_fake_node:/home/albert/unav_ws/install/robot_bringup:/home/albert/unav_ws/install/nav2_robot_description:/home/albert/udem2_ws/install/robot_bringup:/home/albert/udem2_ws/install/my_robot_bringup:/home/albert/udem2_ws/install/lifecycle_cpp:/home/albert/udem2_ws/install/final_project_cpp:/home/albert/udem2_ws/install/actions_cpp:/home/albert/udem2_ws/install/robot_interfaces:/home/albert/udem2_ws/install/executors_cpp:/home/albert/udem2_ws/install/components_cpp:/home/albert/udem_ws/install/my_robot_bringup:/home/albert/udem_ws/install/my_cpp_pkg:/home/albert/udem_ws/install/my_robot_interfaces:/home/albert/udem_ws/install/my_robot_description:/home/albert/udem_ws/install/lifecycle_cpp:/home/albert/bcdc_ws/install/aggiebot_cpp:/home/albert/bcdc_ws/install/aggiebot_msgs:/home/albert/bcdc_ws/install/aggiebot_description:/home/albert/bcdc_ws/install/aggiebot_controller:/home/albert/bcdc_ws/install/aggiebot_bringup:/home/albert/bcdc_ws/install/aggiebot_arm_moveit:/home/albert/bcdc_ws/install/aggiebot_arm_description:/home/albert/bcdc_ws/install/aggiebot_arm_controller:/home/albert/bcdc_ws/install/agbot_setup_moveit:/home/albert/bcdc_ws/install/agbot_cpp:/home/albert/bcdc_ws/install/agbot_msgs:/home/albert/bcdc_ws/install/agbot_moveit:/home/albert/bcdc_ws/install/agbot_description:/home/albert/bcdc_ws/install/agbot_controller:/home/albert/bcdc_ws/install/agbot_bringup:/home/albert/bcdc_ws/install/agbot_arm_controller:/home/albert/arduinobot_ws/install/arduinobot_utils:/home/albert/arduinobot_ws/install/arduinobot_remote:/home/albert/arduinobot_ws/install/arduinobot_cpp_examples:/home/albert/arduinobot_ws/install/arduinobot_msgs:/home/albert/arduinobot_ws/install/arduinobot_moveit_setup:/home/albert/arduinobot_ws/install/arduinobot_moveit:/home/albert/arduinobot_ws/install/arduinobot_description:/home/albert/arduinobot_ws/install/arduinobot_controller:/home/albert/rad_ws/install/agbot_full_nav2:/home/albert/rad_ws/install/agbot_full_msgs:/home/albert/rad_ws/install/agbot_full_moveit_setup:/home/albert/rad_ws/install/agbot_full_moveit:/home/albert/rad_ws/install/agbot_full_description:/home/albert/rad_ws/install/agbot_full_cpp:/home/albert/rad_ws/install/agbot_full_controller:/home/albert/rad_ws/install/agbot_full_cartogropher:/home/albert/dev_ws/install/my_bot:/home/albert/ag_car_ws/install/car_nav2:/home/albert/ag_car_ws/install/car_description:/home/albert/ag_car_ws/install/car_controller:/home/albert/ag_car_ws/install/car_cartographer:/home/albert/ag_arm_ws/install/arm_py:/home/albert/ws_moveit2/install/moveit_configs_utils:/home/albert/ws_moveit2/install/launch_param_builder:/home/albert/umov_ws/install/arduino_py_examples:/home/albert/udem2_ws/install/actions_py:/home/albert/udem2_ws/install/lifecycle_py:/home/albert/udem2_ws/install/executors_py:/home/albert/udem2_ws/install/components_py:/home/albert/udem_ws/install/turtlesim_catcher:/home/albert/udem_ws/install/my_py_pkg:/home/albert/udem_ws/install/lifecycle_py:/home/albert/bcdc_ws/install/agbot_teleop:/home/albert/bcdc_ws/install/agbot_py:/home/albert/arduinobot_ws/install/arduinobot_py_examples:/opt/ros/humble /home/albert/.local/bin/cmake --build /home/albert/ag_arm_ws/build/arm_setup_moveit -- -j8 -l8
[2.274s] DEBUG:colcon.colcon_core.event_handler.log_command:Invoking command in '/home/albert/ag_arm_ws/build/arm_setup_moveit': CMAKE_PREFIX_PATH=/home/albert/ag_arm_ws/install/arm_description:/home/albert/ag_arm_ws/install/arm_setup_moveit:/home/albert/ag_arm_ws/install/arm_remote:/home/albert/ag_arm_ws/install/arm_cpp:/home/albert/ag_arm_ws/install/arm_msgs:/home/albert/ag_arm_ws/install/arm_moveit:/home/albert/ag_arm_ws/install/arm_controller:/home/albert/ag_arm_ws/install/arm_bringup:/home/albert/ws_moveit2/install/pilz_industrial_motion_planner_testutils:/home/albert/ws_moveit2/install/moveit_runtime:/home/albert/ws_moveit2/install/moveit2_tutorials:/home/albert/ws_moveit2/install/moveit:/home/albert/ws_moveit2/install/moveit_planners:/home/albert/ws_moveit2/install/pilz_industrial_motion_planner:/home/albert/ws_moveit2/install/moveit_visual_tools:/home/albert/ws_moveit2/install/moveit_task_constructor_visualization:/home/albert/ws_moveit2/install/moveit_task_constructor_demo:/home/albert/ws_moveit2/install/moveit_task_constructor_capabilities:/home/albert/ws_moveit2/install/moveit_task_constructor_core:/home/albert/ws_moveit2/install/moveit_ros_control_interface:/home/albert/ws_moveit2/install/moveit_plugins:/home/albert/ws_moveit2/install/moveit_simple_controller_manager:/home/albert/ws_moveit2/install/moveit_setup_assistant:/home/albert/ws_moveit2/install/moveit_setup_srdf_plugins:/home/albert/ws_moveit2/install/moveit_setup_core_plugins:/home/albert/ws_moveit2/install/moveit_setup_controllers:/home/albert/ws_moveit2/install/moveit_setup_app_plugins:/home/albert/ws_moveit2/install/moveit_setup_framework:/home/albert/ws_moveit2/install/moveit_servo:/home/albert/ws_moveit2/install/moveit_ros:/home/albert/ws_moveit2/install/moveit_ros_visualization:/home/albert/ws_moveit2/install/moveit_hybrid_planning:/home/albert/ws_moveit2/install/moveit_ros_planning_interface:/home/albert/ws_moveit2/install/moveit_ros_benchmarks:/home/albert/ws_moveit2/install/moveit_ros_warehouse:/home/albert/ws_moveit2/install/moveit_ros_robot_interaction:/home/albert/ws_moveit2/install/moveit_ros_perception:/home/albert/ws_moveit2/install/moveit_resources_prbt_pg70_support:/home/albert/ws_moveit2/install/moveit_resources_prbt_moveit_config:/home/albert/ws_moveit2/install/moveit_ros_move_group:/home/albert/ws_moveit2/install/moveit_planners_ompl:/home/albert/ws_moveit2/install/moveit_ros_planning:/home/albert/ws_moveit2/install/moveit_ros_occupancy_map_monitor:/home/albert/ws_moveit2/install/moveit_resources_prbt_ikfast_manipulator_plugin:/home/albert/ws_moveit2/install/moveit_planners_chomp:/home/albert/ws_moveit2/install/moveit_kinematics:/home/albert/ws_moveit2/install/moveit_chomp_optimizer_adapter:/home/albert/ws_moveit2/install/chomp_motion_planner:/home/albert/ws_moveit2/install/moveit_core:/home/albert/ws_moveit2/install/srdfdom:/home/albert/ws_moveit2/install/rviz_marker_tools:/home/albert/ws_moveit2/install/rosparam_shortcuts:/home/albert/ws_moveit2/install/moveit_task_constructor_msgs:/home/albert/ws_moveit2/install/moveit_resources_prbt_support:/home/albert/ws_moveit2/install/moveit_resources:/home/albert/ws_moveit2/install/moveit_resources_pr2_description:/home/albert/ws_moveit2/install/moveit_resources_panda_moveit_config:/home/albert/ws_moveit2/install/moveit_resources_panda_description:/home/albert/ws_moveit2/install/moveit_resources_fanuc_moveit_config:/home/albert/ws_moveit2/install/moveit_resources_fanuc_description:/home/albert/ws_moveit2/install/moveit_common:/home/albert/umov_ws/install/moveitassistant:/home/albert/umov_ws/install/description:/home/albert/umov_ws/install/arduino_utils:/home/albert/umov_ws/install/arduino_remote:/home/albert/umov_ws/install/arduino_cpp_examples:/home/albert/umov_ws/install/arduino_msgs:/home/albert/umov_ws/install/arduino_moveit:/home/albert/umov_ws/install/arduino_firmware:/home/albert/umov_ws/install/arduino_controller:/home/albert/umov_ws/install/arduino_bringup:/home/albert/unav_ws/install/turtlebot3_fake_node:/home/albert/unav_ws/install/robot_bringup:/home/albert/unav_ws/install/nav2_robot_description:/home/albert/udem2_ws/install/robot_bringup:/home/albert/udem2_ws/install/my_robot_bringup:/home/albert/udem2_ws/install/lifecycle_cpp:/home/albert/udem2_ws/install/final_project_cpp:/home/albert/udem2_ws/install/actions_cpp:/home/albert/udem2_ws/install/robot_interfaces:/home/albert/udem2_ws/install/executors_cpp:/home/albert/udem2_ws/install/components_cpp:/home/albert/udem_ws/install/my_robot_bringup:/home/albert/udem_ws/install/my_cpp_pkg:/home/albert/udem_ws/install/my_robot_interfaces:/home/albert/udem_ws/install/my_robot_description:/home/albert/udem_ws/install/lifecycle_cpp:/home/albert/bcdc_ws/install/aggiebot_cpp:/home/albert/bcdc_ws/install/aggiebot_msgs:/home/albert/bcdc_ws/install/aggiebot_description:/home/albert/bcdc_ws/install/aggiebot_controller:/home/albert/bcdc_ws/install/aggiebot_bringup:/home/albert/bcdc_ws/install/aggiebot_arm_moveit:/home/albert/bcdc_ws/install/aggiebot_arm_description:/home/albert/bcdc_ws/install/aggiebot_arm_controller:/home/albert/bcdc_ws/install/agbot_setup_moveit:/home/albert/bcdc_ws/install/agbot_cpp:/home/albert/bcdc_ws/install/agbot_msgs:/home/albert/bcdc_ws/install/agbot_moveit:/home/albert/bcdc_ws/install/agbot_description:/home/albert/bcdc_ws/install/agbot_controller:/home/albert/bcdc_ws/install/agbot_bringup:/home/albert/bcdc_ws/install/agbot_arm_controller:/home/albert/arduinobot_ws/install/arduinobot_utils:/home/albert/arduinobot_ws/install/arduinobot_remote:/home/albert/arduinobot_ws/install/arduinobot_cpp_examples:/home/albert/arduinobot_ws/install/arduinobot_msgs:/home/albert/arduinobot_ws/install/arduinobot_moveit_setup:/home/albert/arduinobot_ws/install/arduinobot_moveit:/home/albert/arduinobot_ws/install/arduinobot_description:/home/albert/arduinobot_ws/install/arduinobot_controller:/home/albert/rad_ws/install/agbot_full_nav2:/home/albert/rad_ws/install/agbot_full_msgs:/home/albert/rad_ws/install/agbot_full_moveit_setup:/home/albert/rad_ws/install/agbot_full_moveit:/home/albert/rad_ws/install/agbot_full_description:/home/albert/rad_ws/install/agbot_full_cpp:/home/albert/rad_ws/install/agbot_full_controller:/home/albert/rad_ws/install/agbot_full_cartogropher:/home/albert/dev_ws/install/my_bot:/home/albert/ag_car_ws/install/car_nav2:/home/albert/ag_car_ws/install/car_description:/home/albert/ag_car_ws/install/car_controller:/home/albert/ag_car_ws/install/car_cartographer:/home/albert/ag_arm_ws/install/arm_py:/home/albert/ws_moveit2/install/moveit_configs_utils:/home/albert/ws_moveit2/install/launch_param_builder:/home/albert/umov_ws/install/arduino_py_examples:/home/albert/udem2_ws/install/actions_py:/home/albert/udem2_ws/install/lifecycle_py:/home/albert/udem2_ws/install/executors_py:/home/albert/udem2_ws/install/components_py:/home/albert/udem_ws/install/turtlesim_catcher:/home/albert/udem_ws/install/my_py_pkg:/home/albert/udem_ws/install/lifecycle_py:/home/albert/bcdc_ws/install/agbot_teleop:/home/albert/bcdc_ws/install/agbot_py:/home/albert/arduinobot_ws/install/arduinobot_py_examples:/opt/ros/humble /home/albert/.local/bin/cmake --install /home/albert/ag_arm_ws/build/arm_setup_moveit
[2.291s] Level 1:colcon.colcon_core.environment:create_environment_scripts_only(arm_setup_moveit)
[2.292s] Level 1:colcon.colcon_core.environment:checking '/home/albert/ag_arm_ws/install/arm_setup_moveit' for CMake module files
[2.293s] DEBUG:colcon.colcon_core.event_handler.log_command:Invoked command in '/home/albert/ag_arm_ws/build/arm_setup_moveit' returned '0': CMAKE_PREFIX_PATH=/home/albert/ag_arm_ws/install/arm_description:/home/albert/ag_arm_ws/install/arm_setup_moveit:/home/albert/ag_arm_ws/install/arm_remote:/home/albert/ag_arm_ws/install/arm_cpp:/home/albert/ag_arm_ws/install/arm_msgs:/home/albert/ag_arm_ws/install/arm_moveit:/home/albert/ag_arm_ws/install/arm_controller:/home/albert/ag_arm_ws/install/arm_bringup:/home/albert/ws_moveit2/install/pilz_industrial_motion_planner_testutils:/home/albert/ws_moveit2/install/moveit_runtime:/home/albert/ws_moveit2/install/moveit2_tutorials:/home/albert/ws_moveit2/install/moveit:/home/albert/ws_moveit2/install/moveit_planners:/home/albert/ws_moveit2/install/pilz_industrial_motion_planner:/home/albert/ws_moveit2/install/moveit_visual_tools:/home/albert/ws_moveit2/install/moveit_task_constructor_visualization:/home/albert/ws_moveit2/install/moveit_task_constructor_demo:/home/albert/ws_moveit2/install/moveit_task_constructor_capabilities:/home/albert/ws_moveit2/install/moveit_task_constructor_core:/home/albert/ws_moveit2/install/moveit_ros_control_interface:/home/albert/ws_moveit2/install/moveit_plugins:/home/albert/ws_moveit2/install/moveit_simple_controller_manager:/home/albert/ws_moveit2/install/moveit_setup_assistant:/home/albert/ws_moveit2/install/moveit_setup_srdf_plugins:/home/albert/ws_moveit2/install/moveit_setup_core_plugins:/home/albert/ws_moveit2/install/moveit_setup_controllers:/home/albert/ws_moveit2/install/moveit_setup_app_plugins:/home/albert/ws_moveit2/install/moveit_setup_framework:/home/albert/ws_moveit2/install/moveit_servo:/home/albert/ws_moveit2/install/moveit_ros:/home/albert/ws_moveit2/install/moveit_ros_visualization:/home/albert/ws_moveit2/install/moveit_hybrid_planning:/home/albert/ws_moveit2/install/moveit_ros_planning_interface:/home/albert/ws_moveit2/install/moveit_ros_benchmarks:/home/albert/ws_moveit2/install/moveit_ros_warehouse:/home/albert/ws_moveit2/install/moveit_ros_robot_interaction:/home/albert/ws_moveit2/install/moveit_ros_perception:/home/albert/ws_moveit2/install/moveit_resources_prbt_pg70_support:/home/albert/ws_moveit2/install/moveit_resources_prbt_moveit_config:/home/albert/ws_moveit2/install/moveit_ros_move_group:/home/albert/ws_moveit2/install/moveit_planners_ompl:/home/albert/ws_moveit2/install/moveit_ros_planning:/home/albert/ws_moveit2/install/moveit_ros_occupancy_map_monitor:/home/albert/ws_moveit2/install/moveit_resources_prbt_ikfast_manipulator_plugin:/home/albert/ws_moveit2/install/moveit_planners_chomp:/home/albert/ws_moveit2/install/moveit_kinematics:/home/albert/ws_moveit2/install/moveit_chomp_optimizer_adapter:/home/albert/ws_moveit2/install/chomp_motion_planner:/home/albert/ws_moveit2/install/moveit_core:/home/albert/ws_moveit2/install/srdfdom:/home/albert/ws_moveit2/install/rviz_marker_tools:/home/albert/ws_moveit2/install/rosparam_shortcuts:/home/albert/ws_moveit2/install/moveit_task_constructor_msgs:/home/albert/ws_moveit2/install/moveit_resources_prbt_support:/home/albert/ws_moveit2/install/moveit_resources:/home/albert/ws_moveit2/install/moveit_resources_pr2_description:/home/albert/ws_moveit2/install/moveit_resources_panda_moveit_config:/home/albert/ws_moveit2/install/moveit_resources_panda_description:/home/albert/ws_moveit2/install/moveit_resources_fanuc_moveit_config:/home/albert/ws_moveit2/install/moveit_resources_fanuc_description:/home/albert/ws_moveit2/install/moveit_common:/home/albert/umov_ws/install/moveitassistant:/home/albert/umov_ws/install/description:/home/albert/umov_ws/install/arduino_utils:/home/albert/umov_ws/install/arduino_remote:/home/albert/umov_ws/install/arduino_cpp_examples:/home/albert/umov_ws/install/arduino_msgs:/home/albert/umov_ws/install/arduino_moveit:/home/albert/umov_ws/install/arduino_firmware:/home/albert/umov_ws/install/arduino_controller:/home/albert/umov_ws/install/arduino_bringup:/home/albert/unav_ws/install/turtlebot3_fake_node:/home/albert/unav_ws/install/robot_bringup:/home/albert/unav_ws/install/nav2_robot_description:/home/albert/udem2_ws/install/robot_bringup:/home/albert/udem2_ws/install/my_robot_bringup:/home/albert/udem2_ws/install/lifecycle_cpp:/home/albert/udem2_ws/install/final_project_cpp:/home/albert/udem2_ws/install/actions_cpp:/home/albert/udem2_ws/install/robot_interfaces:/home/albert/udem2_ws/install/executors_cpp:/home/albert/udem2_ws/install/components_cpp:/home/albert/udem_ws/install/my_robot_bringup:/home/albert/udem_ws/install/my_cpp_pkg:/home/albert/udem_ws/install/my_robot_interfaces:/home/albert/udem_ws/install/my_robot_description:/home/albert/udem_ws/install/lifecycle_cpp:/home/albert/bcdc_ws/install/aggiebot_cpp:/home/albert/bcdc_ws/install/aggiebot_msgs:/home/albert/bcdc_ws/install/aggiebot_description:/home/albert/bcdc_ws/install/aggiebot_controller:/home/albert/bcdc_ws/install/aggiebot_bringup:/home/albert/bcdc_ws/install/aggiebot_arm_moveit:/home/albert/bcdc_ws/install/aggiebot_arm_description:/home/albert/bcdc_ws/install/aggiebot_arm_controller:/home/albert/bcdc_ws/install/agbot_setup_moveit:/home/albert/bcdc_ws/install/agbot_cpp:/home/albert/bcdc_ws/install/agbot_msgs:/home/albert/bcdc_ws/install/agbot_moveit:/home/albert/bcdc_ws/install/agbot_description:/home/albert/bcdc_ws/install/agbot_controller:/home/albert/bcdc_ws/install/agbot_bringup:/home/albert/bcdc_ws/install/agbot_arm_controller:/home/albert/arduinobot_ws/install/arduinobot_utils:/home/albert/arduinobot_ws/install/arduinobot_remote:/home/albert/arduinobot_ws/install/arduinobot_cpp_examples:/home/albert/arduinobot_ws/install/arduinobot_msgs:/home/albert/arduinobot_ws/install/arduinobot_moveit_setup:/home/albert/arduinobot_ws/install/arduinobot_moveit:/home/albert/arduinobot_ws/install/arduinobot_description:/home/albert/arduinobot_ws/install/arduinobot_controller:/home/albert/rad_ws/install/agbot_full_nav2:/home/albert/rad_ws/install/agbot_full_msgs:/home/albert/rad_ws/install/agbot_full_moveit_setup:/home/albert/rad_ws/install/agbot_full_moveit:/home/albert/rad_ws/install/agbot_full_description:/home/albert/rad_ws/install/agbot_full_cpp:/home/albert/rad_ws/install/agbot_full_controller:/home/albert/rad_ws/install/agbot_full_cartogropher:/home/albert/dev_ws/install/my_bot:/home/albert/ag_car_ws/install/car_nav2:/home/albert/ag_car_ws/install/car_description:/home/albert/ag_car_ws/install/car_controller:/home/albert/ag_car_ws/install/car_cartographer:/home/albert/ag_arm_ws/install/arm_py:/home/albert/ws_moveit2/install/moveit_configs_utils:/home/albert/ws_moveit2/install/launch_param_builder:/home/albert/umov_ws/install/arduino_py_examples:/home/albert/udem2_ws/install/actions_py:/home/albert/udem2_ws/install/lifecycle_py:/home/albert/udem2_ws/install/executors_py:/home/albert/udem2_ws/install/components_py:/home/albert/udem_ws/install/turtlesim_catcher:/home/albert/udem_ws/install/my_py_pkg:/home/albert/udem_ws/install/lifecycle_py:/home/albert/bcdc_ws/install/agbot_teleop:/home/albert/bcdc_ws/install/agbot_py:/home/albert/arduinobot_ws/install/arduinobot_py_examples:/opt/ros/humble /home/albert/.local/bin/cmake --install /home/albert/ag_arm_ws/build/arm_setup_moveit
[2.294s] Level 1:colcon.colcon_core.environment:checking '/home/albert/ag_arm_ws/install/arm_setup_moveit' for CMake config files
[2.294s] Level 1:colcon.colcon_core.shell:create_environment_hook('arm_setup_moveit', 'cmake_prefix_path')
[2.295s] INFO:colcon.colcon_core.shell:Creating environment hook '/home/albert/ag_arm_ws/install/arm_setup_moveit/share/arm_setup_moveit/hook/cmake_prefix_path.ps1'
[2.296s] INFO:colcon.colcon_core.shell:Creating environment descriptor '/home/albert/ag_arm_ws/install/arm_setup_moveit/share/arm_setup_moveit/hook/cmake_prefix_path.dsv'
[2.297s] INFO:colcon.colcon_core.shell:Creating environment hook '/home/albert/ag_arm_ws/install/arm_setup_moveit/share/arm_setup_moveit/hook/cmake_prefix_path.sh'
[2.298s] Level 1:colcon.colcon_core.environment:checking '/home/albert/ag_arm_ws/install/arm_setup_moveit/bin'
[2.299s] Level 1:colcon.colcon_core.environment:checking '/home/albert/ag_arm_ws/install/arm_setup_moveit/lib/pkgconfig/arm_setup_moveit.pc'
[2.299s] Level 1:colcon.colcon_core.environment:checking '/home/albert/ag_arm_ws/install/arm_setup_moveit/lib/python3.10/site-packages'
[2.300s] Level 1:colcon.colcon_core.environment:checking '/home/albert/ag_arm_ws/install/arm_setup_moveit/bin'
[2.301s] INFO:colcon.colcon_core.shell:Creating package script '/home/albert/ag_arm_ws/install/arm_setup_moveit/share/arm_setup_moveit/package.ps1'
[2.302s] INFO:colcon.colcon_core.shell:Creating package descriptor '/home/albert/ag_arm_ws/install/arm_setup_moveit/share/arm_setup_moveit/package.dsv'
[2.303s] INFO:colcon.colcon_core.shell:Creating package script '/home/albert/ag_arm_ws/install/arm_setup_moveit/share/arm_setup_moveit/package.sh'
[2.304s] INFO:colcon.colcon_core.shell:Creating package script '/home/albert/ag_arm_ws/install/arm_setup_moveit/share/arm_setup_moveit/package.bash'
[2.305s] INFO:colcon.colcon_core.shell:Creating package script '/home/albert/ag_arm_ws/install/arm_setup_moveit/share/arm_setup_moveit/package.zsh'
[2.305s] Level 1:colcon.colcon_core.environment:create_file_with_runtime_dependencies(/home/albert/ag_arm_ws/install/arm_setup_moveit/share/colcon-core/packages/arm_setup_moveit)
[2.307s] Level 1:colcon.colcon_core.environment:create_environment_scripts_only(arm_setup_moveit)
[2.307s] Level 1:colcon.colcon_core.environment:checking '/home/albert/ag_arm_ws/install/arm_setup_moveit' for CMake module files
[2.309s] Level 1:colcon.colcon_core.environment:checking '/home/albert/ag_arm_ws/install/arm_setup_moveit' for CMake config files
[2.310s] Level 1:colcon.colcon_core.shell:create_environment_hook('arm_setup_moveit', 'cmake_prefix_path')
[2.310s] INFO:colcon.colcon_core.shell:Creating environment hook '/home/albert/ag_arm_ws/install/arm_setup_moveit/share/arm_setup_moveit/hook/cmake_prefix_path.ps1'
[2.311s] INFO:colcon.colcon_core.shell:Creating environment descriptor '/home/albert/ag_arm_ws/install/arm_setup_moveit/share/arm_setup_moveit/hook/cmake_prefix_path.dsv'
[2.312s] INFO:colcon.colcon_core.shell:Creating environment hook '/home/albert/ag_arm_ws/install/arm_setup_moveit/share/arm_setup_moveit/hook/cmake_prefix_path.sh'
[2.313s] Level 1:colcon.colcon_core.environment:checking '/home/albert/ag_arm_ws/install/arm_setup_moveit/bin'
[2.314s] Level 1:colcon.colcon_core.environment:checking '/home/albert/ag_arm_ws/install/arm_setup_moveit/lib/pkgconfig/arm_setup_moveit.pc'
[2.314s] Level 1:colcon.colcon_core.environment:checking '/home/albert/ag_arm_ws/install/arm_setup_moveit/lib/python3.10/site-packages'
[2.315s] Level 1:colcon.colcon_core.environment:checking '/home/albert/ag_arm_ws/install/arm_setup_moveit/bin'
[2.316s] INFO:colcon.colcon_core.shell:Creating package script '/home/albert/ag_arm_ws/install/arm_setup_moveit/share/arm_setup_moveit/package.ps1'
[2.317s] INFO:colcon.colcon_core.shell:Creating package descriptor '/home/albert/ag_arm_ws/install/arm_setup_moveit/share/arm_setup_moveit/package.dsv'
[2.318s] INFO:colcon.colcon_core.shell:Creating package script '/home/albert/ag_arm_ws/install/arm_setup_moveit/share/arm_setup_moveit/package.sh'
[2.319s] INFO:colcon.colcon_core.shell:Creating package script '/home/albert/ag_arm_ws/install/arm_setup_moveit/share/arm_setup_moveit/package.bash'
[2.320s] INFO:colcon.colcon_core.shell:Creating package script '/home/albert/ag_arm_ws/install/arm_setup_moveit/share/arm_setup_moveit/package.zsh'
[2.322s] Level 1:colcon.colcon_core.environment:create_file_with_runtime_dependencies(/home/albert/ag_arm_ws/install/arm_setup_moveit/share/colcon-core/packages/arm_setup_moveit)
[2.382s] Level 1:colcon.colcon_core.environment:create_environment_scripts_only(arm_msgs)
[2.383s] Level 1:colcon.colcon_core.environment:checking '/home/albert/ag_arm_ws/install/arm_msgs' for CMake module files
[2.384s] DEBUG:colcon.colcon_core.event_handler.log_command:Invoked command in '/home/albert/ag_arm_ws/build/arm_msgs' returned '0': CMAKE_PREFIX_PATH=${CMAKE_PREFIX_PATH}:/home/albert/ag_arm_ws/install/arm_py:/home/albert/ws_moveit2/install/moveit_configs_utils:/home/albert/ws_moveit2/install/launch_param_builder:/home/albert/umov_ws/install/arduino_py_examples:/home/albert/udem2_ws/install/actions_py:/home/albert/udem2_ws/install/lifecycle_py:/home/albert/udem2_ws/install/executors_py:/home/albert/udem2_ws/install/components_py:/home/albert/udem_ws/install/turtlesim_catcher:/home/albert/udem_ws/install/my_py_pkg:/home/albert/udem_ws/install/lifecycle_py:/home/albert/bcdc_ws/install/agbot_teleop:/home/albert/bcdc_ws/install/agbot_py:/home/albert/arduinobot_ws/install/arduinobot_py_examples:/opt/ros/humble /home/albert/.local/bin/cmake --install /home/albert/ag_arm_ws/build/arm_msgs
[2.385s] Level 1:colcon.colcon_core.environment:checking '/home/albert/ag_arm_ws/install/arm_msgs' for CMake config files
[2.387s] Level 1:colcon.colcon_core.shell:create_environment_hook('arm_msgs', 'cmake_prefix_path')
[2.388s] INFO:colcon.colcon_core.shell:Creating environment hook '/home/albert/ag_arm_ws/install/arm_msgs/share/arm_msgs/hook/cmake_prefix_path.ps1'
[2.389s] INFO:colcon.colcon_core.shell:Creating environment descriptor '/home/albert/ag_arm_ws/install/arm_msgs/share/arm_msgs/hook/cmake_prefix_path.dsv'
[2.390s] INFO:colcon.colcon_core.shell:Creating environment hook '/home/albert/ag_arm_ws/install/arm_msgs/share/arm_msgs/hook/cmake_prefix_path.sh'
[2.391s] Level 1:colcon.colcon_core.environment:checking '/home/albert/ag_arm_ws/install/arm_msgs/lib'
[2.392s] Level 1:colcon.colcon_core.shell:create_environment_hook('arm_msgs', 'ld_library_path_lib')
[2.392s] INFO:colcon.colcon_core.shell:Creating environment hook '/home/albert/ag_arm_ws/install/arm_msgs/share/arm_msgs/hook/ld_library_path_lib.ps1'
[2.393s] INFO:colcon.colcon_core.shell:Creating environment descriptor '/home/albert/ag_arm_ws/install/arm_msgs/share/arm_msgs/hook/ld_library_path_lib.dsv'
[2.394s] INFO:colcon.colcon_core.shell:Creating environment hook '/home/albert/ag_arm_ws/install/arm_msgs/share/arm_msgs/hook/ld_library_path_lib.sh'
[2.395s] Level 1:colcon.colcon_core.environment:checking '/home/albert/ag_arm_ws/install/arm_msgs/bin'
[2.395s] Level 1:colcon.colcon_core.environment:checking '/home/albert/ag_arm_ws/install/arm_msgs/lib/pkgconfig/arm_msgs.pc'
[2.395s] Level 1:colcon.colcon_core.environment:checking '/home/albert/ag_arm_ws/install/arm_msgs/lib/python3.10/site-packages'
[2.396s] Level 1:colcon.colcon_core.environment:checking '/home/albert/ag_arm_ws/install/arm_msgs/bin'
[2.397s] INFO:colcon.colcon_core.shell:Creating package script '/home/albert/ag_arm_ws/install/arm_msgs/share/arm_msgs/package.ps1'
[2.398s] INFO:colcon.colcon_core.shell:Creating package descriptor '/home/albert/ag_arm_ws/install/arm_msgs/share/arm_msgs/package.dsv'
[2.399s] INFO:colcon.colcon_core.shell:Creating package script '/home/albert/ag_arm_ws/install/arm_msgs/share/arm_msgs/package.sh'
[2.400s] INFO:colcon.colcon_core.shell:Creating package script '/home/albert/ag_arm_ws/install/arm_msgs/share/arm_msgs/package.bash'
[2.401s] INFO:colcon.colcon_core.shell:Creating package script '/home/albert/ag_arm_ws/install/arm_msgs/share/arm_msgs/package.zsh'
[2.402s] Level 1:colcon.colcon_core.environment:create_file_with_runtime_dependencies(/home/albert/ag_arm_ws/install/arm_msgs/share/colcon-core/packages/arm_msgs)
[2.403s] Level 1:colcon.colcon_core.environment:create_environment_scripts_only(arm_msgs)
[2.404s] Level 1:colcon.colcon_core.environment:checking '/home/albert/ag_arm_ws/install/arm_msgs' for CMake module files
[2.405s] Level 1:colcon.colcon_core.environment:checking '/home/albert/ag_arm_ws/install/arm_msgs' for CMake config files
[2.407s] Level 1:colcon.colcon_core.shell:create_environment_hook('arm_msgs', 'cmake_prefix_path')
[2.408s] INFO:colcon.colcon_core.shell:Creating environment hook '/home/albert/ag_arm_ws/install/arm_msgs/share/arm_msgs/hook/cmake_prefix_path.ps1'
[2.409s] INFO:colcon.colcon_core.shell:Creating environment descriptor '/home/albert/ag_arm_ws/install/arm_msgs/share/arm_msgs/hook/cmake_prefix_path.dsv'
[2.409s] INFO:colcon.colcon_core.shell:Creating environment hook '/home/albert/ag_arm_ws/install/arm_msgs/share/arm_msgs/hook/cmake_prefix_path.sh'
[2.411s] Level 1:colcon.colcon_core.environment:checking '/home/albert/ag_arm_ws/install/arm_msgs/lib'
[2.411s] Level 1:colcon.colcon_core.shell:create_environment_hook('arm_msgs', 'ld_library_path_lib')
[2.411s] INFO:colcon.colcon_core.shell:Creating environment hook '/home/albert/ag_arm_ws/install/arm_msgs/share/arm_msgs/hook/ld_library_path_lib.ps1'
[2.412s] INFO:colcon.colcon_core.shell:Creating environment descriptor '/home/albert/ag_arm_ws/install/arm_msgs/share/arm_msgs/hook/ld_library_path_lib.dsv'
[2.413s] INFO:colcon.colcon_core.shell:Creating environment hook '/home/albert/ag_arm_ws/install/arm_msgs/share/arm_msgs/hook/ld_library_path_lib.sh'
[2.414s] Level 1:colcon.colcon_core.environment:checking '/home/albert/ag_arm_ws/install/arm_msgs/bin'
[2.414s] Level 1:colcon.colcon_core.environment:checking '/home/albert/ag_arm_ws/install/arm_msgs/lib/pkgconfig/arm_msgs.pc'
[2.415s] Level 1:colcon.colcon_core.environment:checking '/home/albert/ag_arm_ws/install/arm_msgs/lib/python3.10/site-packages'
[2.415s] Level 1:colcon.colcon_core.environment:checking '/home/albert/ag_arm_ws/install/arm_msgs/bin'
[2.416s] INFO:colcon.colcon_core.shell:Creating package script '/home/albert/ag_arm_ws/install/arm_msgs/share/arm_msgs/package.ps1'
[2.417s] INFO:colcon.colcon_core.shell:Creating package descriptor '/home/albert/ag_arm_ws/install/arm_msgs/share/arm_msgs/package.dsv'
[2.419s] INFO:colcon.colcon_core.shell:Creating package script '/home/albert/ag_arm_ws/install/arm_msgs/share/arm_msgs/package.sh'
[2.420s] INFO:colcon.colcon_core.shell:Creating package script '/home/albert/ag_arm_ws/install/arm_msgs/share/arm_msgs/package.bash'
[2.421s] INFO:colcon.colcon_core.shell:Creating package script '/home/albert/ag_arm_ws/install/arm_msgs/share/arm_msgs/package.zsh'
[2.422s] Level 1:colcon.colcon_core.environment:create_file_with_runtime_dependencies(/home/albert/ag_arm_ws/install/arm_msgs/share/colcon-core/packages/arm_msgs)
[2.422s] INFO:colcon.colcon_ros.task.ament_cmake.build:Building ROS package in '/home/albert/ag_arm_ws/src/arm_cpp' with build type 'ament_cmake'
[2.423s] INFO:colcon.colcon_cmake.task.cmake.build:Building CMake package in '/home/albert/ag_arm_ws/src/arm_cpp'
[2.423s] INFO:colcon.colcon_core.shell:Skip shell extension 'powershell' for command environment: Not usable outside of PowerShell
[2.424s] DEBUG:colcon.colcon_core.shell:Skip shell extension 'dsv' for command environment
[2.471s] INFO:colcon.colcon_ros.task.ament_cmake.build:Building ROS package in '/home/albert/ag_arm_ws/src/arm_remote' with build type 'ament_cmake'
[2.471s] INFO:colcon.colcon_cmake.task.cmake.build:Building CMake package in '/home/albert/ag_arm_ws/src/arm_remote'
[2.472s] INFO:colcon.colcon_core.shell:Skip shell extension 'powershell' for command environment: Not usable outside of PowerShell
[2.472s] DEBUG:colcon.colcon_core.shell:Skip shell extension 'dsv' for command environment
[2.527s] DEBUG:colcon.colcon_core.event_handler.log_command:Invoking command in '/home/albert/ag_arm_ws/build/arm_cpp': CMAKE_PREFIX_PATH=/home/albert/ag_arm_ws/install/arm_msgs:/home/albert/ag_arm_ws/install/arm_setup_moveit:/home/albert/ag_arm_ws/install/arm_remote:/home/albert/ag_arm_ws/install/arm_cpp:/home/albert/ag_arm_ws/install/arm_moveit:/home/albert/ag_arm_ws/install/arm_description:/home/albert/ag_arm_ws/install/arm_controller:/home/albert/ag_arm_ws/install/arm_bringup:/home/albert/ws_moveit2/install/pilz_industrial_motion_planner_testutils:/home/albert/ws_moveit2/install/moveit_runtime:/home/albert/ws_moveit2/install/moveit2_tutorials:/home/albert/ws_moveit2/install/moveit:/home/albert/ws_moveit2/install/moveit_planners:/home/albert/ws_moveit2/install/pilz_industrial_motion_planner:/home/albert/ws_moveit2/install/moveit_visual_tools:/home/albert/ws_moveit2/install/moveit_task_constructor_visualization:/home/albert/ws_moveit2/install/moveit_task_constructor_demo:/home/albert/ws_moveit2/install/moveit_task_constructor_capabilities:/home/albert/ws_moveit2/install/moveit_task_constructor_core:/home/albert/ws_moveit2/install/moveit_ros_control_interface:/home/albert/ws_moveit2/install/moveit_plugins:/home/albert/ws_moveit2/install/moveit_simple_controller_manager:/home/albert/ws_moveit2/install/moveit_setup_assistant:/home/albert/ws_moveit2/install/moveit_setup_srdf_plugins:/home/albert/ws_moveit2/install/moveit_setup_core_plugins:/home/albert/ws_moveit2/install/moveit_setup_controllers:/home/albert/ws_moveit2/install/moveit_setup_app_plugins:/home/albert/ws_moveit2/install/moveit_setup_framework:/home/albert/ws_moveit2/install/moveit_servo:/home/albert/ws_moveit2/install/moveit_ros:/home/albert/ws_moveit2/install/moveit_ros_visualization:/home/albert/ws_moveit2/install/moveit_hybrid_planning:/home/albert/ws_moveit2/install/moveit_ros_planning_interface:/home/albert/ws_moveit2/install/moveit_ros_benchmarks:/home/albert/ws_moveit2/install/moveit_ros_warehouse:/home/albert/ws_moveit2/install/moveit_ros_robot_interaction:/home/albert/ws_moveit2/install/moveit_ros_perception:/home/albert/ws_moveit2/install/moveit_resources_prbt_pg70_support:/home/albert/ws_moveit2/install/moveit_resources_prbt_moveit_config:/home/albert/ws_moveit2/install/moveit_ros_move_group:/home/albert/ws_moveit2/install/moveit_planners_ompl:/home/albert/ws_moveit2/install/moveit_ros_planning:/home/albert/ws_moveit2/install/moveit_ros_occupancy_map_monitor:/home/albert/ws_moveit2/install/moveit_resources_prbt_ikfast_manipulator_plugin:/home/albert/ws_moveit2/install/moveit_planners_chomp:/home/albert/ws_moveit2/install/moveit_kinematics:/home/albert/ws_moveit2/install/moveit_chomp_optimizer_adapter:/home/albert/ws_moveit2/install/chomp_motion_planner:/home/albert/ws_moveit2/install/moveit_core:/home/albert/ws_moveit2/install/srdfdom:/home/albert/ws_moveit2/install/rviz_marker_tools:/home/albert/ws_moveit2/install/rosparam_shortcuts:/home/albert/ws_moveit2/install/moveit_task_constructor_msgs:/home/albert/ws_moveit2/install/moveit_resources_prbt_support:/home/albert/ws_moveit2/install/moveit_resources:/home/albert/ws_moveit2/install/moveit_resources_pr2_description:/home/albert/ws_moveit2/install/moveit_resources_panda_moveit_config:/home/albert/ws_moveit2/install/moveit_resources_panda_description:/home/albert/ws_moveit2/install/moveit_resources_fanuc_moveit_config:/home/albert/ws_moveit2/install/moveit_resources_fanuc_description:/home/albert/ws_moveit2/install/moveit_common:/home/albert/umov_ws/install/moveitassistant:/home/albert/umov_ws/install/description:/home/albert/umov_ws/install/arduino_utils:/home/albert/umov_ws/install/arduino_remote:/home/albert/umov_ws/install/arduino_cpp_examples:/home/albert/umov_ws/install/arduino_msgs:/home/albert/umov_ws/install/arduino_moveit:/home/albert/umov_ws/install/arduino_firmware:/home/albert/umov_ws/install/arduino_controller:/home/albert/umov_ws/install/arduino_bringup:/home/albert/unav_ws/install/turtlebot3_fake_node:/home/albert/unav_ws/install/robot_bringup:/home/albert/unav_ws/install/nav2_robot_description:/home/albert/udem2_ws/install/robot_bringup:/home/albert/udem2_ws/install/my_robot_bringup:/home/albert/udem2_ws/install/lifecycle_cpp:/home/albert/udem2_ws/install/final_project_cpp:/home/albert/udem2_ws/install/actions_cpp:/home/albert/udem2_ws/install/robot_interfaces:/home/albert/udem2_ws/install/executors_cpp:/home/albert/udem2_ws/install/components_cpp:/home/albert/udem_ws/install/my_robot_bringup:/home/albert/udem_ws/install/my_cpp_pkg:/home/albert/udem_ws/install/my_robot_interfaces:/home/albert/udem_ws/install/my_robot_description:/home/albert/udem_ws/install/lifecycle_cpp:/home/albert/bcdc_ws/install/aggiebot_cpp:/home/albert/bcdc_ws/install/aggiebot_msgs:/home/albert/bcdc_ws/install/aggiebot_description:/home/albert/bcdc_ws/install/aggiebot_controller:/home/albert/bcdc_ws/install/aggiebot_bringup:/home/albert/bcdc_ws/install/aggiebot_arm_moveit:/home/albert/bcdc_ws/install/aggiebot_arm_description:/home/albert/bcdc_ws/install/aggiebot_arm_controller:/home/albert/bcdc_ws/install/agbot_setup_moveit:/home/albert/bcdc_ws/install/agbot_cpp:/home/albert/bcdc_ws/install/agbot_msgs:/home/albert/bcdc_ws/install/agbot_moveit:/home/albert/bcdc_ws/install/agbot_description:/home/albert/bcdc_ws/install/agbot_controller:/home/albert/bcdc_ws/install/agbot_bringup:/home/albert/bcdc_ws/install/agbot_arm_controller:/home/albert/arduinobot_ws/install/arduinobot_utils:/home/albert/arduinobot_ws/install/arduinobot_remote:/home/albert/arduinobot_ws/install/arduinobot_cpp_examples:/home/albert/arduinobot_ws/install/arduinobot_msgs:/home/albert/arduinobot_ws/install/arduinobot_moveit_setup:/home/albert/arduinobot_ws/install/arduinobot_moveit:/home/albert/arduinobot_ws/install/arduinobot_description:/home/albert/arduinobot_ws/install/arduinobot_controller:/home/albert/rad_ws/install/agbot_full_nav2:/home/albert/rad_ws/install/agbot_full_msgs:/home/albert/rad_ws/install/agbot_full_moveit_setup:/home/albert/rad_ws/install/agbot_full_moveit:/home/albert/rad_ws/install/agbot_full_description:/home/albert/rad_ws/install/agbot_full_cpp:/home/albert/rad_ws/install/agbot_full_controller:/home/albert/rad_ws/install/agbot_full_cartogropher:/home/albert/dev_ws/install/my_bot:/home/albert/ag_car_ws/install/car_nav2:/home/albert/ag_car_ws/install/car_description:/home/albert/ag_car_ws/install/car_controller:/home/albert/ag_car_ws/install/car_cartographer:/home/albert/ag_arm_ws/install/arm_py:/home/albert/ws_moveit2/install/moveit_configs_utils:/home/albert/ws_moveit2/install/launch_param_builder:/home/albert/umov_ws/install/arduino_py_examples:/home/albert/udem2_ws/install/actions_py:/home/albert/udem2_ws/install/lifecycle_py:/home/albert/udem2_ws/install/executors_py:/home/albert/udem2_ws/install/components_py:/home/albert/udem_ws/install/turtlesim_catcher:/home/albert/udem_ws/install/my_py_pkg:/home/albert/udem_ws/install/lifecycle_py:/home/albert/bcdc_ws/install/agbot_teleop:/home/albert/bcdc_ws/install/agbot_py:/home/albert/arduinobot_ws/install/arduinobot_py_examples:/opt/ros/humble LD_LIBRARY_PATH=/home/albert/ag_arm_ws/install/arm_msgs/lib:/home/albert/ag_arm_ws/install/arm_remote/lib:/home/albert/ws_moveit2/install/pilz_industrial_motion_planner_testutils/lib:/home/albert/ws_moveit2/install/pilz_industrial_motion_planner/lib:/home/albert/ws_moveit2/install/moveit_visual_tools/lib:/home/albert/ws_moveit2/install/moveit_task_constructor_visualization/lib:/home/albert/ws_moveit2/install/moveit_task_constructor_demo/lib:/home/albert/ws_moveit2/install/moveit_task_constructor_capabilities/lib:/home/albert/ws_moveit2/install/moveit_task_constructor_core/lib:/home/albert/ws_moveit2/install/moveit_ros_control_interface/lib:/home/albert/ws_moveit2/install/moveit_simple_controller_manager/lib:/home/albert/ws_moveit2/install/moveit_setup_assistant/lib:/home/albert/ws_moveit2/install/moveit_setup_srdf_plugins/lib:/home/albert/ws_moveit2/install/moveit_setup_core_plugins/lib:/home/albert/ws_moveit2/install/moveit_setup_controllers/lib:/home/albert/ws_moveit2/install/moveit_setup_app_plugins/lib:/home/albert/ws_moveit2/install/moveit_setup_framework/lib:/home/albert/ws_moveit2/install/moveit_servo/lib:/home/albert/ws_moveit2/install/moveit_ros_visualization/lib:/home/albert/ws_moveit2/install/moveit_hybrid_planning/lib:/home/albert/ws_moveit2/install/moveit_ros_planning_interface/lib:/home/albert/ws_moveit2/install/moveit_ros_benchmarks/lib:/home/albert/ws_moveit2/install/moveit_ros_warehouse/lib:/home/albert/ws_moveit2/install/moveit_ros_robot_interaction/lib:/home/albert/ws_moveit2/install/moveit_ros_perception/lib:/home/albert/ws_moveit2/install/moveit_ros_move_group/lib:/home/albert/ws_moveit2/install/moveit_planners_ompl/lib:/home/albert/ws_moveit2/install/moveit_ros_planning/lib:/home/albert/ws_moveit2/install/moveit_ros_occupancy_map_monitor/lib:/home/albert/ws_moveit2/install/moveit_resources_prbt_ikfast_manipulator_plugin/lib:/home/albert/ws_moveit2/install/moveit_planners_chomp/lib:/home/albert/ws_moveit2/install/moveit_kinematics/lib:/home/albert/ws_moveit2/install/moveit_chomp_optimizer_adapter/lib:/home/albert/ws_moveit2/install/chomp_motion_planner/lib:/home/albert/ws_moveit2/install/moveit_core/lib:/home/albert/ws_moveit2/install/srdfdom/lib:/home/albert/ws_moveit2/install/rviz_marker_tools/lib:/home/albert/ws_moveit2/install/rosparam_shortcuts/lib:/home/albert/ws_moveit2/install/moveit_task_constructor_msgs/lib:/home/albert/umov_ws/install/arduino_remote/lib:/home/albert/umov_ws/install/arduino_cpp_examples/lib:/home/albert/umov_ws/install/arduino_msgs/lib:/home/albert/umov_ws/install/arduino_controller/lib:/home/albert/udem2_ws/install/final_project_cpp/lib:/home/albert/udem2_ws/install/robot_interfaces/lib:/home/albert/udem2_ws/install/components_cpp/lib:/home/albert/udem_ws/install/my_robot_interfaces/lib:/home/albert/bcdc_ws/install/aggiebot_msgs/lib:/home/albert/bcdc_ws/install/agbot_msgs/lib:/home/albert/arduinobot_ws/install/arduinobot_remote/lib:/home/albert/arduinobot_ws/install/arduinobot_cpp_examples/lib:/home/albert/arduinobot_ws/install/arduinobot_msgs/lib:/usr/lib/x86_64-linux-gnu/gazebo-11/plugins:/opt/ros/humble/opt/rviz_ogre_vendor/lib:/opt/ros/humble/lib/x86_64-linux-gnu:/opt/ros/humble/lib:/usr/share/gazebo/../../lib/x86_64-linux-gnu/gazebo-11/plugins /home/albert/.local/bin/cmake --build /home/albert/ag_arm_ws/build/arm_cpp -- -j8 -l8
[2.551s] DEBUG:colcon.colcon_core.event_handler.log_command:Invoking command in '/home/albert/ag_arm_ws/build/arm_remote': CMAKE_PREFIX_PATH=/home/albert/ag_arm_ws/install/arm_msgs:/home/albert/ag_arm_ws/install/arm_moveit:/home/albert/ag_arm_ws/install/arm_setup_moveit:/home/albert/ag_arm_ws/install/arm_remote:/home/albert/ag_arm_ws/install/arm_cpp:/home/albert/ag_arm_ws/install/arm_description:/home/albert/ag_arm_ws/install/arm_controller:/home/albert/ag_arm_ws/install/arm_bringup:/home/albert/ws_moveit2/install/pilz_industrial_motion_planner_testutils:/home/albert/ws_moveit2/install/moveit_runtime:/home/albert/ws_moveit2/install/moveit2_tutorials:/home/albert/ws_moveit2/install/moveit:/home/albert/ws_moveit2/install/moveit_planners:/home/albert/ws_moveit2/install/pilz_industrial_motion_planner:/home/albert/ws_moveit2/install/moveit_visual_tools:/home/albert/ws_moveit2/install/moveit_task_constructor_visualization:/home/albert/ws_moveit2/install/moveit_task_constructor_demo:/home/albert/ws_moveit2/install/moveit_task_constructor_capabilities:/home/albert/ws_moveit2/install/moveit_task_constructor_core:/home/albert/ws_moveit2/install/moveit_ros_control_interface:/home/albert/ws_moveit2/install/moveit_plugins:/home/albert/ws_moveit2/install/moveit_simple_controller_manager:/home/albert/ws_moveit2/install/moveit_setup_assistant:/home/albert/ws_moveit2/install/moveit_setup_srdf_plugins:/home/albert/ws_moveit2/install/moveit_setup_core_plugins:/home/albert/ws_moveit2/install/moveit_setup_controllers:/home/albert/ws_moveit2/install/moveit_setup_app_plugins:/home/albert/ws_moveit2/install/moveit_setup_framework:/home/albert/ws_moveit2/install/moveit_servo:/home/albert/ws_moveit2/install/moveit_ros:/home/albert/ws_moveit2/install/moveit_ros_visualization:/home/albert/ws_moveit2/install/moveit_hybrid_planning:/home/albert/ws_moveit2/install/moveit_ros_planning_interface:/home/albert/ws_moveit2/install/moveit_ros_benchmarks:/home/albert/ws_moveit2/install/moveit_ros_warehouse:/home/albert/ws_moveit2/install/moveit_ros_robot_interaction:/home/albert/ws_moveit2/install/moveit_ros_perception:/home/albert/ws_moveit2/install/moveit_resources_prbt_pg70_support:/home/albert/ws_moveit2/install/moveit_resources_prbt_moveit_config:/home/albert/ws_moveit2/install/moveit_ros_move_group:/home/albert/ws_moveit2/install/moveit_planners_ompl:/home/albert/ws_moveit2/install/moveit_ros_planning:/home/albert/ws_moveit2/install/moveit_ros_occupancy_map_monitor:/home/albert/ws_moveit2/install/moveit_resources_prbt_ikfast_manipulator_plugin:/home/albert/ws_moveit2/install/moveit_planners_chomp:/home/albert/ws_moveit2/install/moveit_kinematics:/home/albert/ws_moveit2/install/moveit_chomp_optimizer_adapter:/home/albert/ws_moveit2/install/chomp_motion_planner:/home/albert/ws_moveit2/install/moveit_core:/home/albert/ws_moveit2/install/srdfdom:/home/albert/ws_moveit2/install/rviz_marker_tools:/home/albert/ws_moveit2/install/rosparam_shortcuts:/home/albert/ws_moveit2/install/moveit_task_constructor_msgs:/home/albert/ws_moveit2/install/moveit_resources_prbt_support:/home/albert/ws_moveit2/install/moveit_resources:/home/albert/ws_moveit2/install/moveit_resources_pr2_description:/home/albert/ws_moveit2/install/moveit_resources_panda_moveit_config:/home/albert/ws_moveit2/install/moveit_resources_panda_description:/home/albert/ws_moveit2/install/moveit_resources_fanuc_moveit_config:/home/albert/ws_moveit2/install/moveit_resources_fanuc_description:/home/albert/ws_moveit2/install/moveit_common:/home/albert/umov_ws/install/moveitassistant:/home/albert/umov_ws/install/description:/home/albert/umov_ws/install/arduino_utils:/home/albert/umov_ws/install/arduino_remote:/home/albert/umov_ws/install/arduino_cpp_examples:/home/albert/umov_ws/install/arduino_msgs:/home/albert/umov_ws/install/arduino_moveit:/home/albert/umov_ws/install/arduino_firmware:/home/albert/umov_ws/install/arduino_controller:/home/albert/umov_ws/install/arduino_bringup:/home/albert/unav_ws/install/turtlebot3_fake_node:/home/albert/unav_ws/install/robot_bringup:/home/albert/unav_ws/install/nav2_robot_description:/home/albert/udem2_ws/install/robot_bringup:/home/albert/udem2_ws/install/my_robot_bringup:/home/albert/udem2_ws/install/lifecycle_cpp:/home/albert/udem2_ws/install/final_project_cpp:/home/albert/udem2_ws/install/actions_cpp:/home/albert/udem2_ws/install/robot_interfaces:/home/albert/udem2_ws/install/executors_cpp:/home/albert/udem2_ws/install/components_cpp:/home/albert/udem_ws/install/my_robot_bringup:/home/albert/udem_ws/install/my_cpp_pkg:/home/albert/udem_ws/install/my_robot_interfaces:/home/albert/udem_ws/install/my_robot_description:/home/albert/udem_ws/install/lifecycle_cpp:/home/albert/bcdc_ws/install/aggiebot_cpp:/home/albert/bcdc_ws/install/aggiebot_msgs:/home/albert/bcdc_ws/install/aggiebot_description:/home/albert/bcdc_ws/install/aggiebot_controller:/home/albert/bcdc_ws/install/aggiebot_bringup:/home/albert/bcdc_ws/install/aggiebot_arm_moveit:/home/albert/bcdc_ws/install/aggiebot_arm_description:/home/albert/bcdc_ws/install/aggiebot_arm_controller:/home/albert/bcdc_ws/install/agbot_setup_moveit:/home/albert/bcdc_ws/install/agbot_cpp:/home/albert/bcdc_ws/install/agbot_msgs:/home/albert/bcdc_ws/install/agbot_moveit:/home/albert/bcdc_ws/install/agbot_description:/home/albert/bcdc_ws/install/agbot_controller:/home/albert/bcdc_ws/install/agbot_bringup:/home/albert/bcdc_ws/install/agbot_arm_controller:/home/albert/arduinobot_ws/install/arduinobot_utils:/home/albert/arduinobot_ws/install/arduinobot_remote:/home/albert/arduinobot_ws/install/arduinobot_cpp_examples:/home/albert/arduinobot_ws/install/arduinobot_msgs:/home/albert/arduinobot_ws/install/arduinobot_moveit_setup:/home/albert/arduinobot_ws/install/arduinobot_moveit:/home/albert/arduinobot_ws/install/arduinobot_description:/home/albert/arduinobot_ws/install/arduinobot_controller:/home/albert/rad_ws/install/agbot_full_nav2:/home/albert/rad_ws/install/agbot_full_msgs:/home/albert/rad_ws/install/agbot_full_moveit_setup:/home/albert/rad_ws/install/agbot_full_moveit:/home/albert/rad_ws/install/agbot_full_description:/home/albert/rad_ws/install/agbot_full_cpp:/home/albert/rad_ws/install/agbot_full_controller:/home/albert/rad_ws/install/agbot_full_cartogropher:/home/albert/dev_ws/install/my_bot:/home/albert/ag_car_ws/install/car_nav2:/home/albert/ag_car_ws/install/car_description:/home/albert/ag_car_ws/install/car_controller:/home/albert/ag_car_ws/install/car_cartographer:/home/albert/ag_arm_ws/install/arm_py:/home/albert/ws_moveit2/install/moveit_configs_utils:/home/albert/ws_moveit2/install/launch_param_builder:/home/albert/umov_ws/install/arduino_py_examples:/home/albert/udem2_ws/install/actions_py:/home/albert/udem2_ws/install/lifecycle_py:/home/albert/udem2_ws/install/executors_py:/home/albert/udem2_ws/install/components_py:/home/albert/udem_ws/install/turtlesim_catcher:/home/albert/udem_ws/install/my_py_pkg:/home/albert/udem_ws/install/lifecycle_py:/home/albert/bcdc_ws/install/agbot_teleop:/home/albert/bcdc_ws/install/agbot_py:/home/albert/arduinobot_ws/install/arduinobot_py_examples:/opt/ros/humble LD_LIBRARY_PATH=/home/albert/ag_arm_ws/install/arm_msgs/lib:/home/albert/ag_arm_ws/install/arm_remote/lib:/home/albert/ws_moveit2/install/pilz_industrial_motion_planner_testutils/lib:/home/albert/ws_moveit2/install/pilz_industrial_motion_planner/lib:/home/albert/ws_moveit2/install/moveit_visual_tools/lib:/home/albert/ws_moveit2/install/moveit_task_constructor_visualization/lib:/home/albert/ws_moveit2/install/moveit_task_constructor_demo/lib:/home/albert/ws_moveit2/install/moveit_task_constructor_capabilities/lib:/home/albert/ws_moveit2/install/moveit_task_constructor_core/lib:/home/albert/ws_moveit2/install/moveit_ros_control_interface/lib:/home/albert/ws_moveit2/install/moveit_simple_controller_manager/lib:/home/albert/ws_moveit2/install/moveit_setup_assistant/lib:/home/albert/ws_moveit2/install/moveit_setup_srdf_plugins/lib:/home/albert/ws_moveit2/install/moveit_setup_core_plugins/lib:/home/albert/ws_moveit2/install/moveit_setup_controllers/lib:/home/albert/ws_moveit2/install/moveit_setup_app_plugins/lib:/home/albert/ws_moveit2/install/moveit_setup_framework/lib:/home/albert/ws_moveit2/install/moveit_servo/lib:/home/albert/ws_moveit2/install/moveit_ros_visualization/lib:/home/albert/ws_moveit2/install/moveit_hybrid_planning/lib:/home/albert/ws_moveit2/install/moveit_ros_planning_interface/lib:/home/albert/ws_moveit2/install/moveit_ros_benchmarks/lib:/home/albert/ws_moveit2/install/moveit_ros_warehouse/lib:/home/albert/ws_moveit2/install/moveit_ros_robot_interaction/lib:/home/albert/ws_moveit2/install/moveit_ros_perception/lib:/home/albert/ws_moveit2/install/moveit_ros_move_group/lib:/home/albert/ws_moveit2/install/moveit_planners_ompl/lib:/home/albert/ws_moveit2/install/moveit_ros_planning/lib:/home/albert/ws_moveit2/install/moveit_ros_occupancy_map_monitor/lib:/home/albert/ws_moveit2/install/moveit_resources_prbt_ikfast_manipulator_plugin/lib:/home/albert/ws_moveit2/install/moveit_planners_chomp/lib:/home/albert/ws_moveit2/install/moveit_kinematics/lib:/home/albert/ws_moveit2/install/moveit_chomp_optimizer_adapter/lib:/home/albert/ws_moveit2/install/chomp_motion_planner/lib:/home/albert/ws_moveit2/install/moveit_core/lib:/home/albert/ws_moveit2/install/srdfdom/lib:/home/albert/ws_moveit2/install/rviz_marker_tools/lib:/home/albert/ws_moveit2/install/rosparam_shortcuts/lib:/home/albert/ws_moveit2/install/moveit_task_constructor_msgs/lib:/home/albert/umov_ws/install/arduino_remote/lib:/home/albert/umov_ws/install/arduino_cpp_examples/lib:/home/albert/umov_ws/install/arduino_msgs/lib:/home/albert/umov_ws/install/arduino_controller/lib:/home/albert/udem2_ws/install/final_project_cpp/lib:/home/albert/udem2_ws/install/robot_interfaces/lib:/home/albert/udem2_ws/install/components_cpp/lib:/home/albert/udem_ws/install/my_robot_interfaces/lib:/home/albert/bcdc_ws/install/aggiebot_msgs/lib:/home/albert/bcdc_ws/install/agbot_msgs/lib:/home/albert/arduinobot_ws/install/arduinobot_remote/lib:/home/albert/arduinobot_ws/install/arduinobot_cpp_examples/lib:/home/albert/arduinobot_ws/install/arduinobot_msgs/lib:/usr/lib/x86_64-linux-gnu/gazebo-11/plugins:/opt/ros/humble/opt/rviz_ogre_vendor/lib:/opt/ros/humble/lib/x86_64-linux-gnu:/opt/ros/humble/lib:/usr/share/gazebo/../../lib/x86_64-linux-gnu/gazebo-11/plugins /home/albert/.local/bin/cmake --build /home/albert/ag_arm_ws/build/arm_remote -- -j8 -l8
[2.684s] DEBUG:colcon.colcon_core.event_handler.log_command:Invoked command in '/home/albert/ag_arm_ws/build/arm_cpp' returned '0': CMAKE_PREFIX_PATH=/home/albert/ag_arm_ws/install/arm_msgs:/home/albert/ag_arm_ws/install/arm_setup_moveit:/home/albert/ag_arm_ws/install/arm_remote:/home/albert/ag_arm_ws/install/arm_cpp:/home/albert/ag_arm_ws/install/arm_moveit:/home/albert/ag_arm_ws/install/arm_description:/home/albert/ag_arm_ws/install/arm_controller:/home/albert/ag_arm_ws/install/arm_bringup:/home/albert/ws_moveit2/install/pilz_industrial_motion_planner_testutils:/home/albert/ws_moveit2/install/moveit_runtime:/home/albert/ws_moveit2/install/moveit2_tutorials:/home/albert/ws_moveit2/install/moveit:/home/albert/ws_moveit2/install/moveit_planners:/home/albert/ws_moveit2/install/pilz_industrial_motion_planner:/home/albert/ws_moveit2/install/moveit_visual_tools:/home/albert/ws_moveit2/install/moveit_task_constructor_visualization:/home/albert/ws_moveit2/install/moveit_task_constructor_demo:/home/albert/ws_moveit2/install/moveit_task_constructor_capabilities:/home/albert/ws_moveit2/install/moveit_task_constructor_core:/home/albert/ws_moveit2/install/moveit_ros_control_interface:/home/albert/ws_moveit2/install/moveit_plugins:/home/albert/ws_moveit2/install/moveit_simple_controller_manager:/home/albert/ws_moveit2/install/moveit_setup_assistant:/home/albert/ws_moveit2/install/moveit_setup_srdf_plugins:/home/albert/ws_moveit2/install/moveit_setup_core_plugins:/home/albert/ws_moveit2/install/moveit_setup_controllers:/home/albert/ws_moveit2/install/moveit_setup_app_plugins:/home/albert/ws_moveit2/install/moveit_setup_framework:/home/albert/ws_moveit2/install/moveit_servo:/home/albert/ws_moveit2/install/moveit_ros:/home/albert/ws_moveit2/install/moveit_ros_visualization:/home/albert/ws_moveit2/install/moveit_hybrid_planning:/home/albert/ws_moveit2/install/moveit_ros_planning_interface:/home/albert/ws_moveit2/install/moveit_ros_benchmarks:/home/albert/ws_moveit2/install/moveit_ros_warehouse:/home/albert/ws_moveit2/install/moveit_ros_robot_interaction:/home/albert/ws_moveit2/install/moveit_ros_perception:/home/albert/ws_moveit2/install/moveit_resources_prbt_pg70_support:/home/albert/ws_moveit2/install/moveit_resources_prbt_moveit_config:/home/albert/ws_moveit2/install/moveit_ros_move_group:/home/albert/ws_moveit2/install/moveit_planners_ompl:/home/albert/ws_moveit2/install/moveit_ros_planning:/home/albert/ws_moveit2/install/moveit_ros_occupancy_map_monitor:/home/albert/ws_moveit2/install/moveit_resources_prbt_ikfast_manipulator_plugin:/home/albert/ws_moveit2/install/moveit_planners_chomp:/home/albert/ws_moveit2/install/moveit_kinematics:/home/albert/ws_moveit2/install/moveit_chomp_optimizer_adapter:/home/albert/ws_moveit2/install/chomp_motion_planner:/home/albert/ws_moveit2/install/moveit_core:/home/albert/ws_moveit2/install/srdfdom:/home/albert/ws_moveit2/install/rviz_marker_tools:/home/albert/ws_moveit2/install/rosparam_shortcuts:/home/albert/ws_moveit2/install/moveit_task_constructor_msgs:/home/albert/ws_moveit2/install/moveit_resources_prbt_support:/home/albert/ws_moveit2/install/moveit_resources:/home/albert/ws_moveit2/install/moveit_resources_pr2_description:/home/albert/ws_moveit2/install/moveit_resources_panda_moveit_config:/home/albert/ws_moveit2/install/moveit_resources_panda_description:/home/albert/ws_moveit2/install/moveit_resources_fanuc_moveit_config:/home/albert/ws_moveit2/install/moveit_resources_fanuc_description:/home/albert/ws_moveit2/install/moveit_common:/home/albert/umov_ws/install/moveitassistant:/home/albert/umov_ws/install/description:/home/albert/umov_ws/install/arduino_utils:/home/albert/umov_ws/install/arduino_remote:/home/albert/umov_ws/install/arduino_cpp_examples:/home/albert/umov_ws/install/arduino_msgs:/home/albert/umov_ws/install/arduino_moveit:/home/albert/umov_ws/install/arduino_firmware:/home/albert/umov_ws/install/arduino_controller:/home/albert/umov_ws/install/arduino_bringup:/home/albert/unav_ws/install/turtlebot3_fake_node:/home/albert/unav_ws/install/robot_bringup:/home/albert/unav_ws/install/nav2_robot_description:/home/albert/udem2_ws/install/robot_bringup:/home/albert/udem2_ws/install/my_robot_bringup:/home/albert/udem2_ws/install/lifecycle_cpp:/home/albert/udem2_ws/install/final_project_cpp:/home/albert/udem2_ws/install/actions_cpp:/home/albert/udem2_ws/install/robot_interfaces:/home/albert/udem2_ws/install/executors_cpp:/home/albert/udem2_ws/install/components_cpp:/home/albert/udem_ws/install/my_robot_bringup:/home/albert/udem_ws/install/my_cpp_pkg:/home/albert/udem_ws/install/my_robot_interfaces:/home/albert/udem_ws/install/my_robot_description:/home/albert/udem_ws/install/lifecycle_cpp:/home/albert/bcdc_ws/install/aggiebot_cpp:/home/albert/bcdc_ws/install/aggiebot_msgs:/home/albert/bcdc_ws/install/aggiebot_description:/home/albert/bcdc_ws/install/aggiebot_controller:/home/albert/bcdc_ws/install/aggiebot_bringup:/home/albert/bcdc_ws/install/aggiebot_arm_moveit:/home/albert/bcdc_ws/install/aggiebot_arm_description:/home/albert/bcdc_ws/install/aggiebot_arm_controller:/home/albert/bcdc_ws/install/agbot_setup_moveit:/home/albert/bcdc_ws/install/agbot_cpp:/home/albert/bcdc_ws/install/agbot_msgs:/home/albert/bcdc_ws/install/agbot_moveit:/home/albert/bcdc_ws/install/agbot_description:/home/albert/bcdc_ws/install/agbot_controller:/home/albert/bcdc_ws/install/agbot_bringup:/home/albert/bcdc_ws/install/agbot_arm_controller:/home/albert/arduinobot_ws/install/arduinobot_utils:/home/albert/arduinobot_ws/install/arduinobot_remote:/home/albert/arduinobot_ws/install/arduinobot_cpp_examples:/home/albert/arduinobot_ws/install/arduinobot_msgs:/home/albert/arduinobot_ws/install/arduinobot_moveit_setup:/home/albert/arduinobot_ws/install/arduinobot_moveit:/home/albert/arduinobot_ws/install/arduinobot_description:/home/albert/arduinobot_ws/install/arduinobot_controller:/home/albert/rad_ws/install/agbot_full_nav2:/home/albert/rad_ws/install/agbot_full_msgs:/home/albert/rad_ws/install/agbot_full_moveit_setup:/home/albert/rad_ws/install/agbot_full_moveit:/home/albert/rad_ws/install/agbot_full_description:/home/albert/rad_ws/install/agbot_full_cpp:/home/albert/rad_ws/install/agbot_full_controller:/home/albert/rad_ws/install/agbot_full_cartogropher:/home/albert/dev_ws/install/my_bot:/home/albert/ag_car_ws/install/car_nav2:/home/albert/ag_car_ws/install/car_description:/home/albert/ag_car_ws/install/car_controller:/home/albert/ag_car_ws/install/car_cartographer:/home/albert/ag_arm_ws/install/arm_py:/home/albert/ws_moveit2/install/moveit_configs_utils:/home/albert/ws_moveit2/install/launch_param_builder:/home/albert/umov_ws/install/arduino_py_examples:/home/albert/udem2_ws/install/actions_py:/home/albert/udem2_ws/install/lifecycle_py:/home/albert/udem2_ws/install/executors_py:/home/albert/udem2_ws/install/components_py:/home/albert/udem_ws/install/turtlesim_catcher:/home/albert/udem_ws/install/my_py_pkg:/home/albert/udem_ws/install/lifecycle_py:/home/albert/bcdc_ws/install/agbot_teleop:/home/albert/bcdc_ws/install/agbot_py:/home/albert/arduinobot_ws/install/arduinobot_py_examples:/opt/ros/humble LD_LIBRARY_PATH=/home/albert/ag_arm_ws/install/arm_msgs/lib:/home/albert/ag_arm_ws/install/arm_remote/lib:/home/albert/ws_moveit2/install/pilz_industrial_motion_planner_testutils/lib:/home/albert/ws_moveit2/install/pilz_industrial_motion_planner/lib:/home/albert/ws_moveit2/install/moveit_visual_tools/lib:/home/albert/ws_moveit2/install/moveit_task_constructor_visualization/lib:/home/albert/ws_moveit2/install/moveit_task_constructor_demo/lib:/home/albert/ws_moveit2/install/moveit_task_constructor_capabilities/lib:/home/albert/ws_moveit2/install/moveit_task_constructor_core/lib:/home/albert/ws_moveit2/install/moveit_ros_control_interface/lib:/home/albert/ws_moveit2/install/moveit_simple_controller_manager/lib:/home/albert/ws_moveit2/install/moveit_setup_assistant/lib:/home/albert/ws_moveit2/install/moveit_setup_srdf_plugins/lib:/home/albert/ws_moveit2/install/moveit_setup_core_plugins/lib:/home/albert/ws_moveit2/install/moveit_setup_controllers/lib:/home/albert/ws_moveit2/install/moveit_setup_app_plugins/lib:/home/albert/ws_moveit2/install/moveit_setup_framework/lib:/home/albert/ws_moveit2/install/moveit_servo/lib:/home/albert/ws_moveit2/install/moveit_ros_visualization/lib:/home/albert/ws_moveit2/install/moveit_hybrid_planning/lib:/home/albert/ws_moveit2/install/moveit_ros_planning_interface/lib:/home/albert/ws_moveit2/install/moveit_ros_benchmarks/lib:/home/albert/ws_moveit2/install/moveit_ros_warehouse/lib:/home/albert/ws_moveit2/install/moveit_ros_robot_interaction/lib:/home/albert/ws_moveit2/install/moveit_ros_perception/lib:/home/albert/ws_moveit2/install/moveit_ros_move_group/lib:/home/albert/ws_moveit2/install/moveit_planners_ompl/lib:/home/albert/ws_moveit2/install/moveit_ros_planning/lib:/home/albert/ws_moveit2/install/moveit_ros_occupancy_map_monitor/lib:/home/albert/ws_moveit2/install/moveit_resources_prbt_ikfast_manipulator_plugin/lib:/home/albert/ws_moveit2/install/moveit_planners_chomp/lib:/home/albert/ws_moveit2/install/moveit_kinematics/lib:/home/albert/ws_moveit2/install/moveit_chomp_optimizer_adapter/lib:/home/albert/ws_moveit2/install/chomp_motion_planner/lib:/home/albert/ws_moveit2/install/moveit_core/lib:/home/albert/ws_moveit2/install/srdfdom/lib:/home/albert/ws_moveit2/install/rviz_marker_tools/lib:/home/albert/ws_moveit2/install/rosparam_shortcuts/lib:/home/albert/ws_moveit2/install/moveit_task_constructor_msgs/lib:/home/albert/umov_ws/install/arduino_remote/lib:/home/albert/umov_ws/install/arduino_cpp_examples/lib:/home/albert/umov_ws/install/arduino_msgs/lib:/home/albert/umov_ws/install/arduino_controller/lib:/home/albert/udem2_ws/install/final_project_cpp/lib:/home/albert/udem2_ws/install/robot_interfaces/lib:/home/albert/udem2_ws/install/components_cpp/lib:/home/albert/udem_ws/install/my_robot_interfaces/lib:/home/albert/bcdc_ws/install/aggiebot_msgs/lib:/home/albert/bcdc_ws/install/agbot_msgs/lib:/home/albert/arduinobot_ws/install/arduinobot_remote/lib:/home/albert/arduinobot_ws/install/arduinobot_cpp_examples/lib:/home/albert/arduinobot_ws/install/arduinobot_msgs/lib:/usr/lib/x86_64-linux-gnu/gazebo-11/plugins:/opt/ros/humble/opt/rviz_ogre_vendor/lib:/opt/ros/humble/lib/x86_64-linux-gnu:/opt/ros/humble/lib:/usr/share/gazebo/../../lib/x86_64-linux-gnu/gazebo-11/plugins /home/albert/.local/bin/cmake --build /home/albert/ag_arm_ws/build/arm_cpp -- -j8 -l8
[2.692s] DEBUG:colcon.colcon_core.event_handler.log_command:Invoking command in '/home/albert/ag_arm_ws/build/arm_cpp': CMAKE_PREFIX_PATH=/home/albert/ag_arm_ws/install/arm_msgs:/home/albert/ag_arm_ws/install/arm_setup_moveit:/home/albert/ag_arm_ws/install/arm_remote:/home/albert/ag_arm_ws/install/arm_cpp:/home/albert/ag_arm_ws/install/arm_moveit:/home/albert/ag_arm_ws/install/arm_description:/home/albert/ag_arm_ws/install/arm_controller:/home/albert/ag_arm_ws/install/arm_bringup:/home/albert/ws_moveit2/install/pilz_industrial_motion_planner_testutils:/home/albert/ws_moveit2/install/moveit_runtime:/home/albert/ws_moveit2/install/moveit2_tutorials:/home/albert/ws_moveit2/install/moveit:/home/albert/ws_moveit2/install/moveit_planners:/home/albert/ws_moveit2/install/pilz_industrial_motion_planner:/home/albert/ws_moveit2/install/moveit_visual_tools:/home/albert/ws_moveit2/install/moveit_task_constructor_visualization:/home/albert/ws_moveit2/install/moveit_task_constructor_demo:/home/albert/ws_moveit2/install/moveit_task_constructor_capabilities:/home/albert/ws_moveit2/install/moveit_task_constructor_core:/home/albert/ws_moveit2/install/moveit_ros_control_interface:/home/albert/ws_moveit2/install/moveit_plugins:/home/albert/ws_moveit2/install/moveit_simple_controller_manager:/home/albert/ws_moveit2/install/moveit_setup_assistant:/home/albert/ws_moveit2/install/moveit_setup_srdf_plugins:/home/albert/ws_moveit2/install/moveit_setup_core_plugins:/home/albert/ws_moveit2/install/moveit_setup_controllers:/home/albert/ws_moveit2/install/moveit_setup_app_plugins:/home/albert/ws_moveit2/install/moveit_setup_framework:/home/albert/ws_moveit2/install/moveit_servo:/home/albert/ws_moveit2/install/moveit_ros:/home/albert/ws_moveit2/install/moveit_ros_visualization:/home/albert/ws_moveit2/install/moveit_hybrid_planning:/home/albert/ws_moveit2/install/moveit_ros_planning_interface:/home/albert/ws_moveit2/install/moveit_ros_benchmarks:/home/albert/ws_moveit2/install/moveit_ros_warehouse:/home/albert/ws_moveit2/install/moveit_ros_robot_interaction:/home/albert/ws_moveit2/install/moveit_ros_perception:/home/albert/ws_moveit2/install/moveit_resources_prbt_pg70_support:/home/albert/ws_moveit2/install/moveit_resources_prbt_moveit_config:/home/albert/ws_moveit2/install/moveit_ros_move_group:/home/albert/ws_moveit2/install/moveit_planners_ompl:/home/albert/ws_moveit2/install/moveit_ros_planning:/home/albert/ws_moveit2/install/moveit_ros_occupancy_map_monitor:/home/albert/ws_moveit2/install/moveit_resources_prbt_ikfast_manipulator_plugin:/home/albert/ws_moveit2/install/moveit_planners_chomp:/home/albert/ws_moveit2/install/moveit_kinematics:/home/albert/ws_moveit2/install/moveit_chomp_optimizer_adapter:/home/albert/ws_moveit2/install/chomp_motion_planner:/home/albert/ws_moveit2/install/moveit_core:/home/albert/ws_moveit2/install/srdfdom:/home/albert/ws_moveit2/install/rviz_marker_tools:/home/albert/ws_moveit2/install/rosparam_shortcuts:/home/albert/ws_moveit2/install/moveit_task_constructor_msgs:/home/albert/ws_moveit2/install/moveit_resources_prbt_support:/home/albert/ws_moveit2/install/moveit_resources:/home/albert/ws_moveit2/install/moveit_resources_pr2_description:/home/albert/ws_moveit2/install/moveit_resources_panda_moveit_config:/home/albert/ws_moveit2/install/moveit_resources_panda_description:/home/albert/ws_moveit2/install/moveit_resources_fanuc_moveit_config:/home/albert/ws_moveit2/install/moveit_resources_fanuc_description:/home/albert/ws_moveit2/install/moveit_common:/home/albert/umov_ws/install/moveitassistant:/home/albert/umov_ws/install/description:/home/albert/umov_ws/install/arduino_utils:/home/albert/umov_ws/install/arduino_remote:/home/albert/umov_ws/install/arduino_cpp_examples:/home/albert/umov_ws/install/arduino_msgs:/home/albert/umov_ws/install/arduino_moveit:/home/albert/umov_ws/install/arduino_firmware:/home/albert/umov_ws/install/arduino_controller:/home/albert/umov_ws/install/arduino_bringup:/home/albert/unav_ws/install/turtlebot3_fake_node:/home/albert/unav_ws/install/robot_bringup:/home/albert/unav_ws/install/nav2_robot_description:/home/albert/udem2_ws/install/robot_bringup:/home/albert/udem2_ws/install/my_robot_bringup:/home/albert/udem2_ws/install/lifecycle_cpp:/home/albert/udem2_ws/install/final_project_cpp:/home/albert/udem2_ws/install/actions_cpp:/home/albert/udem2_ws/install/robot_interfaces:/home/albert/udem2_ws/install/executors_cpp:/home/albert/udem2_ws/install/components_cpp:/home/albert/udem_ws/install/my_robot_bringup:/home/albert/udem_ws/install/my_cpp_pkg:/home/albert/udem_ws/install/my_robot_interfaces:/home/albert/udem_ws/install/my_robot_description:/home/albert/udem_ws/install/lifecycle_cpp:/home/albert/bcdc_ws/install/aggiebot_cpp:/home/albert/bcdc_ws/install/aggiebot_msgs:/home/albert/bcdc_ws/install/aggiebot_description:/home/albert/bcdc_ws/install/aggiebot_controller:/home/albert/bcdc_ws/install/aggiebot_bringup:/home/albert/bcdc_ws/install/aggiebot_arm_moveit:/home/albert/bcdc_ws/install/aggiebot_arm_description:/home/albert/bcdc_ws/install/aggiebot_arm_controller:/home/albert/bcdc_ws/install/agbot_setup_moveit:/home/albert/bcdc_ws/install/agbot_cpp:/home/albert/bcdc_ws/install/agbot_msgs:/home/albert/bcdc_ws/install/agbot_moveit:/home/albert/bcdc_ws/install/agbot_description:/home/albert/bcdc_ws/install/agbot_controller:/home/albert/bcdc_ws/install/agbot_bringup:/home/albert/bcdc_ws/install/agbot_arm_controller:/home/albert/arduinobot_ws/install/arduinobot_utils:/home/albert/arduinobot_ws/install/arduinobot_remote:/home/albert/arduinobot_ws/install/arduinobot_cpp_examples:/home/albert/arduinobot_ws/install/arduinobot_msgs:/home/albert/arduinobot_ws/install/arduinobot_moveit_setup:/home/albert/arduinobot_ws/install/arduinobot_moveit:/home/albert/arduinobot_ws/install/arduinobot_description:/home/albert/arduinobot_ws/install/arduinobot_controller:/home/albert/rad_ws/install/agbot_full_nav2:/home/albert/rad_ws/install/agbot_full_msgs:/home/albert/rad_ws/install/agbot_full_moveit_setup:/home/albert/rad_ws/install/agbot_full_moveit:/home/albert/rad_ws/install/agbot_full_description:/home/albert/rad_ws/install/agbot_full_cpp:/home/albert/rad_ws/install/agbot_full_controller:/home/albert/rad_ws/install/agbot_full_cartogropher:/home/albert/dev_ws/install/my_bot:/home/albert/ag_car_ws/install/car_nav2:/home/albert/ag_car_ws/install/car_description:/home/albert/ag_car_ws/install/car_controller:/home/albert/ag_car_ws/install/car_cartographer:/home/albert/ag_arm_ws/install/arm_py:/home/albert/ws_moveit2/install/moveit_configs_utils:/home/albert/ws_moveit2/install/launch_param_builder:/home/albert/umov_ws/install/arduino_py_examples:/home/albert/udem2_ws/install/actions_py:/home/albert/udem2_ws/install/lifecycle_py:/home/albert/udem2_ws/install/executors_py:/home/albert/udem2_ws/install/components_py:/home/albert/udem_ws/install/turtlesim_catcher:/home/albert/udem_ws/install/my_py_pkg:/home/albert/udem_ws/install/lifecycle_py:/home/albert/bcdc_ws/install/agbot_teleop:/home/albert/bcdc_ws/install/agbot_py:/home/albert/arduinobot_ws/install/arduinobot_py_examples:/opt/ros/humble LD_LIBRARY_PATH=/home/albert/ag_arm_ws/install/arm_msgs/lib:/home/albert/ag_arm_ws/install/arm_remote/lib:/home/albert/ws_moveit2/install/pilz_industrial_motion_planner_testutils/lib:/home/albert/ws_moveit2/install/pilz_industrial_motion_planner/lib:/home/albert/ws_moveit2/install/moveit_visual_tools/lib:/home/albert/ws_moveit2/install/moveit_task_constructor_visualization/lib:/home/albert/ws_moveit2/install/moveit_task_constructor_demo/lib:/home/albert/ws_moveit2/install/moveit_task_constructor_capabilities/lib:/home/albert/ws_moveit2/install/moveit_task_constructor_core/lib:/home/albert/ws_moveit2/install/moveit_ros_control_interface/lib:/home/albert/ws_moveit2/install/moveit_simple_controller_manager/lib:/home/albert/ws_moveit2/install/moveit_setup_assistant/lib:/home/albert/ws_moveit2/install/moveit_setup_srdf_plugins/lib:/home/albert/ws_moveit2/install/moveit_setup_core_plugins/lib:/home/albert/ws_moveit2/install/moveit_setup_controllers/lib:/home/albert/ws_moveit2/install/moveit_setup_app_plugins/lib:/home/albert/ws_moveit2/install/moveit_setup_framework/lib:/home/albert/ws_moveit2/install/moveit_servo/lib:/home/albert/ws_moveit2/install/moveit_ros_visualization/lib:/home/albert/ws_moveit2/install/moveit_hybrid_planning/lib:/home/albert/ws_moveit2/install/moveit_ros_planning_interface/lib:/home/albert/ws_moveit2/install/moveit_ros_benchmarks/lib:/home/albert/ws_moveit2/install/moveit_ros_warehouse/lib:/home/albert/ws_moveit2/install/moveit_ros_robot_interaction/lib:/home/albert/ws_moveit2/install/moveit_ros_perception/lib:/home/albert/ws_moveit2/install/moveit_ros_move_group/lib:/home/albert/ws_moveit2/install/moveit_planners_ompl/lib:/home/albert/ws_moveit2/install/moveit_ros_planning/lib:/home/albert/ws_moveit2/install/moveit_ros_occupancy_map_monitor/lib:/home/albert/ws_moveit2/install/moveit_resources_prbt_ikfast_manipulator_plugin/lib:/home/albert/ws_moveit2/install/moveit_planners_chomp/lib:/home/albert/ws_moveit2/install/moveit_kinematics/lib:/home/albert/ws_moveit2/install/moveit_chomp_optimizer_adapter/lib:/home/albert/ws_moveit2/install/chomp_motion_planner/lib:/home/albert/ws_moveit2/install/moveit_core/lib:/home/albert/ws_moveit2/install/srdfdom/lib:/home/albert/ws_moveit2/install/rviz_marker_tools/lib:/home/albert/ws_moveit2/install/rosparam_shortcuts/lib:/home/albert/ws_moveit2/install/moveit_task_constructor_msgs/lib:/home/albert/umov_ws/install/arduino_remote/lib:/home/albert/umov_ws/install/arduino_cpp_examples/lib:/home/albert/umov_ws/install/arduino_msgs/lib:/home/albert/umov_ws/install/arduino_controller/lib:/home/albert/udem2_ws/install/final_project_cpp/lib:/home/albert/udem2_ws/install/robot_interfaces/lib:/home/albert/udem2_ws/install/components_cpp/lib:/home/albert/udem_ws/install/my_robot_interfaces/lib:/home/albert/bcdc_ws/install/aggiebot_msgs/lib:/home/albert/bcdc_ws/install/agbot_msgs/lib:/home/albert/arduinobot_ws/install/arduinobot_remote/lib:/home/albert/arduinobot_ws/install/arduinobot_cpp_examples/lib:/home/albert/arduinobot_ws/install/arduinobot_msgs/lib:/usr/lib/x86_64-linux-gnu/gazebo-11/plugins:/opt/ros/humble/opt/rviz_ogre_vendor/lib:/opt/ros/humble/lib/x86_64-linux-gnu:/opt/ros/humble/lib:/usr/share/gazebo/../../lib/x86_64-linux-gnu/gazebo-11/plugins /home/albert/.local/bin/cmake --install /home/albert/ag_arm_ws/build/arm_cpp
[2.705s] Level 1:colcon.colcon_core.environment:create_environment_scripts_only(arm_cpp)
[2.706s] Level 1:colcon.colcon_core.environment:checking '/home/albert/ag_arm_ws/install/arm_cpp' for CMake module files
[2.710s] Level 1:colcon.colcon_core.environment:checking '/home/albert/ag_arm_ws/install/arm_cpp' for CMake config files
[2.710s] DEBUG:colcon.colcon_core.event_handler.log_command:Invoked command in '/home/albert/ag_arm_ws/build/arm_cpp' returned '0': CMAKE_PREFIX_PATH=/home/albert/ag_arm_ws/install/arm_msgs:/home/albert/ag_arm_ws/install/arm_setup_moveit:/home/albert/ag_arm_ws/install/arm_remote:/home/albert/ag_arm_ws/install/arm_cpp:/home/albert/ag_arm_ws/install/arm_moveit:/home/albert/ag_arm_ws/install/arm_description:/home/albert/ag_arm_ws/install/arm_controller:/home/albert/ag_arm_ws/install/arm_bringup:/home/albert/ws_moveit2/install/pilz_industrial_motion_planner_testutils:/home/albert/ws_moveit2/install/moveit_runtime:/home/albert/ws_moveit2/install/moveit2_tutorials:/home/albert/ws_moveit2/install/moveit:/home/albert/ws_moveit2/install/moveit_planners:/home/albert/ws_moveit2/install/pilz_industrial_motion_planner:/home/albert/ws_moveit2/install/moveit_visual_tools:/home/albert/ws_moveit2/install/moveit_task_constructor_visualization:/home/albert/ws_moveit2/install/moveit_task_constructor_demo:/home/albert/ws_moveit2/install/moveit_task_constructor_capabilities:/home/albert/ws_moveit2/install/moveit_task_constructor_core:/home/albert/ws_moveit2/install/moveit_ros_control_interface:/home/albert/ws_moveit2/install/moveit_plugins:/home/albert/ws_moveit2/install/moveit_simple_controller_manager:/home/albert/ws_moveit2/install/moveit_setup_assistant:/home/albert/ws_moveit2/install/moveit_setup_srdf_plugins:/home/albert/ws_moveit2/install/moveit_setup_core_plugins:/home/albert/ws_moveit2/install/moveit_setup_controllers:/home/albert/ws_moveit2/install/moveit_setup_app_plugins:/home/albert/ws_moveit2/install/moveit_setup_framework:/home/albert/ws_moveit2/install/moveit_servo:/home/albert/ws_moveit2/install/moveit_ros:/home/albert/ws_moveit2/install/moveit_ros_visualization:/home/albert/ws_moveit2/install/moveit_hybrid_planning:/home/albert/ws_moveit2/install/moveit_ros_planning_interface:/home/albert/ws_moveit2/install/moveit_ros_benchmarks:/home/albert/ws_moveit2/install/moveit_ros_warehouse:/home/albert/ws_moveit2/install/moveit_ros_robot_interaction:/home/albert/ws_moveit2/install/moveit_ros_perception:/home/albert/ws_moveit2/install/moveit_resources_prbt_pg70_support:/home/albert/ws_moveit2/install/moveit_resources_prbt_moveit_config:/home/albert/ws_moveit2/install/moveit_ros_move_group:/home/albert/ws_moveit2/install/moveit_planners_ompl:/home/albert/ws_moveit2/install/moveit_ros_planning:/home/albert/ws_moveit2/install/moveit_ros_occupancy_map_monitor:/home/albert/ws_moveit2/install/moveit_resources_prbt_ikfast_manipulator_plugin:/home/albert/ws_moveit2/install/moveit_planners_chomp:/home/albert/ws_moveit2/install/moveit_kinematics:/home/albert/ws_moveit2/install/moveit_chomp_optimizer_adapter:/home/albert/ws_moveit2/install/chomp_motion_planner:/home/albert/ws_moveit2/install/moveit_core:/home/albert/ws_moveit2/install/srdfdom:/home/albert/ws_moveit2/install/rviz_marker_tools:/home/albert/ws_moveit2/install/rosparam_shortcuts:/home/albert/ws_moveit2/install/moveit_task_constructor_msgs:/home/albert/ws_moveit2/install/moveit_resources_prbt_support:/home/albert/ws_moveit2/install/moveit_resources:/home/albert/ws_moveit2/install/moveit_resources_pr2_description:/home/albert/ws_moveit2/install/moveit_resources_panda_moveit_config:/home/albert/ws_moveit2/install/moveit_resources_panda_description:/home/albert/ws_moveit2/install/moveit_resources_fanuc_moveit_config:/home/albert/ws_moveit2/install/moveit_resources_fanuc_description:/home/albert/ws_moveit2/install/moveit_common:/home/albert/umov_ws/install/moveitassistant:/home/albert/umov_ws/install/description:/home/albert/umov_ws/install/arduino_utils:/home/albert/umov_ws/install/arduino_remote:/home/albert/umov_ws/install/arduino_cpp_examples:/home/albert/umov_ws/install/arduino_msgs:/home/albert/umov_ws/install/arduino_moveit:/home/albert/umov_ws/install/arduino_firmware:/home/albert/umov_ws/install/arduino_controller:/home/albert/umov_ws/install/arduino_bringup:/home/albert/unav_ws/install/turtlebot3_fake_node:/home/albert/unav_ws/install/robot_bringup:/home/albert/unav_ws/install/nav2_robot_description:/home/albert/udem2_ws/install/robot_bringup:/home/albert/udem2_ws/install/my_robot_bringup:/home/albert/udem2_ws/install/lifecycle_cpp:/home/albert/udem2_ws/install/final_project_cpp:/home/albert/udem2_ws/install/actions_cpp:/home/albert/udem2_ws/install/robot_interfaces:/home/albert/udem2_ws/install/executors_cpp:/home/albert/udem2_ws/install/components_cpp:/home/albert/udem_ws/install/my_robot_bringup:/home/albert/udem_ws/install/my_cpp_pkg:/home/albert/udem_ws/install/my_robot_interfaces:/home/albert/udem_ws/install/my_robot_description:/home/albert/udem_ws/install/lifecycle_cpp:/home/albert/bcdc_ws/install/aggiebot_cpp:/home/albert/bcdc_ws/install/aggiebot_msgs:/home/albert/bcdc_ws/install/aggiebot_description:/home/albert/bcdc_ws/install/aggiebot_controller:/home/albert/bcdc_ws/install/aggiebot_bringup:/home/albert/bcdc_ws/install/aggiebot_arm_moveit:/home/albert/bcdc_ws/install/aggiebot_arm_description:/home/albert/bcdc_ws/install/aggiebot_arm_controller:/home/albert/bcdc_ws/install/agbot_setup_moveit:/home/albert/bcdc_ws/install/agbot_cpp:/home/albert/bcdc_ws/install/agbot_msgs:/home/albert/bcdc_ws/install/agbot_moveit:/home/albert/bcdc_ws/install/agbot_description:/home/albert/bcdc_ws/install/agbot_controller:/home/albert/bcdc_ws/install/agbot_bringup:/home/albert/bcdc_ws/install/agbot_arm_controller:/home/albert/arduinobot_ws/install/arduinobot_utils:/home/albert/arduinobot_ws/install/arduinobot_remote:/home/albert/arduinobot_ws/install/arduinobot_cpp_examples:/home/albert/arduinobot_ws/install/arduinobot_msgs:/home/albert/arduinobot_ws/install/arduinobot_moveit_setup:/home/albert/arduinobot_ws/install/arduinobot_moveit:/home/albert/arduinobot_ws/install/arduinobot_description:/home/albert/arduinobot_ws/install/arduinobot_controller:/home/albert/rad_ws/install/agbot_full_nav2:/home/albert/rad_ws/install/agbot_full_msgs:/home/albert/rad_ws/install/agbot_full_moveit_setup:/home/albert/rad_ws/install/agbot_full_moveit:/home/albert/rad_ws/install/agbot_full_description:/home/albert/rad_ws/install/agbot_full_cpp:/home/albert/rad_ws/install/agbot_full_controller:/home/albert/rad_ws/install/agbot_full_cartogropher:/home/albert/dev_ws/install/my_bot:/home/albert/ag_car_ws/install/car_nav2:/home/albert/ag_car_ws/install/car_description:/home/albert/ag_car_ws/install/car_controller:/home/albert/ag_car_ws/install/car_cartographer:/home/albert/ag_arm_ws/install/arm_py:/home/albert/ws_moveit2/install/moveit_configs_utils:/home/albert/ws_moveit2/install/launch_param_builder:/home/albert/umov_ws/install/arduino_py_examples:/home/albert/udem2_ws/install/actions_py:/home/albert/udem2_ws/install/lifecycle_py:/home/albert/udem2_ws/install/executors_py:/home/albert/udem2_ws/install/components_py:/home/albert/udem_ws/install/turtlesim_catcher:/home/albert/udem_ws/install/my_py_pkg:/home/albert/udem_ws/install/lifecycle_py:/home/albert/bcdc_ws/install/agbot_teleop:/home/albert/bcdc_ws/install/agbot_py:/home/albert/arduinobot_ws/install/arduinobot_py_examples:/opt/ros/humble LD_LIBRARY_PATH=/home/albert/ag_arm_ws/install/arm_msgs/lib:/home/albert/ag_arm_ws/install/arm_remote/lib:/home/albert/ws_moveit2/install/pilz_industrial_motion_planner_testutils/lib:/home/albert/ws_moveit2/install/pilz_industrial_motion_planner/lib:/home/albert/ws_moveit2/install/moveit_visual_tools/lib:/home/albert/ws_moveit2/install/moveit_task_constructor_visualization/lib:/home/albert/ws_moveit2/install/moveit_task_constructor_demo/lib:/home/albert/ws_moveit2/install/moveit_task_constructor_capabilities/lib:/home/albert/ws_moveit2/install/moveit_task_constructor_core/lib:/home/albert/ws_moveit2/install/moveit_ros_control_interface/lib:/home/albert/ws_moveit2/install/moveit_simple_controller_manager/lib:/home/albert/ws_moveit2/install/moveit_setup_assistant/lib:/home/albert/ws_moveit2/install/moveit_setup_srdf_plugins/lib:/home/albert/ws_moveit2/install/moveit_setup_core_plugins/lib:/home/albert/ws_moveit2/install/moveit_setup_controllers/lib:/home/albert/ws_moveit2/install/moveit_setup_app_plugins/lib:/home/albert/ws_moveit2/install/moveit_setup_framework/lib:/home/albert/ws_moveit2/install/moveit_servo/lib:/home/albert/ws_moveit2/install/moveit_ros_visualization/lib:/home/albert/ws_moveit2/install/moveit_hybrid_planning/lib:/home/albert/ws_moveit2/install/moveit_ros_planning_interface/lib:/home/albert/ws_moveit2/install/moveit_ros_benchmarks/lib:/home/albert/ws_moveit2/install/moveit_ros_warehouse/lib:/home/albert/ws_moveit2/install/moveit_ros_robot_interaction/lib:/home/albert/ws_moveit2/install/moveit_ros_perception/lib:/home/albert/ws_moveit2/install/moveit_ros_move_group/lib:/home/albert/ws_moveit2/install/moveit_planners_ompl/lib:/home/albert/ws_moveit2/install/moveit_ros_planning/lib:/home/albert/ws_moveit2/install/moveit_ros_occupancy_map_monitor/lib:/home/albert/ws_moveit2/install/moveit_resources_prbt_ikfast_manipulator_plugin/lib:/home/albert/ws_moveit2/install/moveit_planners_chomp/lib:/home/albert/ws_moveit2/install/moveit_kinematics/lib:/home/albert/ws_moveit2/install/moveit_chomp_optimizer_adapter/lib:/home/albert/ws_moveit2/install/chomp_motion_planner/lib:/home/albert/ws_moveit2/install/moveit_core/lib:/home/albert/ws_moveit2/install/srdfdom/lib:/home/albert/ws_moveit2/install/rviz_marker_tools/lib:/home/albert/ws_moveit2/install/rosparam_shortcuts/lib:/home/albert/ws_moveit2/install/moveit_task_constructor_msgs/lib:/home/albert/umov_ws/install/arduino_remote/lib:/home/albert/umov_ws/install/arduino_cpp_examples/lib:/home/albert/umov_ws/install/arduino_msgs/lib:/home/albert/umov_ws/install/arduino_controller/lib:/home/albert/udem2_ws/install/final_project_cpp/lib:/home/albert/udem2_ws/install/robot_interfaces/lib:/home/albert/udem2_ws/install/components_cpp/lib:/home/albert/udem_ws/install/my_robot_interfaces/lib:/home/albert/bcdc_ws/install/aggiebot_msgs/lib:/home/albert/bcdc_ws/install/agbot_msgs/lib:/home/albert/arduinobot_ws/install/arduinobot_remote/lib:/home/albert/arduinobot_ws/install/arduinobot_cpp_examples/lib:/home/albert/arduinobot_ws/install/arduinobot_msgs/lib:/usr/lib/x86_64-linux-gnu/gazebo-11/plugins:/opt/ros/humble/opt/rviz_ogre_vendor/lib:/opt/ros/humble/lib/x86_64-linux-gnu:/opt/ros/humble/lib:/usr/share/gazebo/../../lib/x86_64-linux-gnu/gazebo-11/plugins /home/albert/.local/bin/cmake --install /home/albert/ag_arm_ws/build/arm_cpp
[2.711s] Level 1:colcon.colcon_core.shell:create_environment_hook('arm_cpp', 'cmake_prefix_path')
[2.711s] INFO:colcon.colcon_core.shell:Creating environment hook '/home/albert/ag_arm_ws/install/arm_cpp/share/arm_cpp/hook/cmake_prefix_path.ps1'
[2.712s] INFO:colcon.colcon_core.shell:Creating environment descriptor '/home/albert/ag_arm_ws/install/arm_cpp/share/arm_cpp/hook/cmake_prefix_path.dsv'
[2.713s] INFO:colcon.colcon_core.shell:Creating environment hook '/home/albert/ag_arm_ws/install/arm_cpp/share/arm_cpp/hook/cmake_prefix_path.sh'
[2.716s] Level 1:colcon.colcon_core.environment:checking '/home/albert/ag_arm_ws/install/arm_cpp/lib'
[2.716s] Level 1:colcon.colcon_core.environment:checking '/home/albert/ag_arm_ws/install/arm_cpp/bin'
[2.716s] Level 1:colcon.colcon_core.environment:checking '/home/albert/ag_arm_ws/install/arm_cpp/lib/pkgconfig/arm_cpp.pc'
[2.717s] Level 1:colcon.colcon_core.environment:checking '/home/albert/ag_arm_ws/install/arm_cpp/lib/python3.10/site-packages'
[2.718s] Level 1:colcon.colcon_core.environment:checking '/home/albert/ag_arm_ws/install/arm_cpp/bin'
[2.719s] INFO:colcon.colcon_core.shell:Creating package script '/home/albert/ag_arm_ws/install/arm_cpp/share/arm_cpp/package.ps1'
[2.720s] INFO:colcon.colcon_core.shell:Creating package descriptor '/home/albert/ag_arm_ws/install/arm_cpp/share/arm_cpp/package.dsv'
[2.721s] INFO:colcon.colcon_core.shell:Creating package script '/home/albert/ag_arm_ws/install/arm_cpp/share/arm_cpp/package.sh'
[2.722s] INFO:colcon.colcon_core.shell:Creating package script '/home/albert/ag_arm_ws/install/arm_cpp/share/arm_cpp/package.bash'
[2.723s] INFO:colcon.colcon_core.shell:Creating package script '/home/albert/ag_arm_ws/install/arm_cpp/share/arm_cpp/package.zsh'
[2.724s] Level 1:colcon.colcon_core.environment:create_file_with_runtime_dependencies(/home/albert/ag_arm_ws/install/arm_cpp/share/colcon-core/packages/arm_cpp)
[2.725s] Level 1:colcon.colcon_core.environment:create_environment_scripts_only(arm_cpp)
[2.726s] Level 1:colcon.colcon_core.environment:checking '/home/albert/ag_arm_ws/install/arm_cpp' for CMake module files
[2.727s] Level 1:colcon.colcon_core.environment:checking '/home/albert/ag_arm_ws/install/arm_cpp' for CMake config files
[2.728s] Level 1:colcon.colcon_core.shell:create_environment_hook('arm_cpp', 'cmake_prefix_path')
[2.728s] INFO:colcon.colcon_core.shell:Creating environment hook '/home/albert/ag_arm_ws/install/arm_cpp/share/arm_cpp/hook/cmake_prefix_path.ps1'
[2.729s] INFO:colcon.colcon_core.shell:Creating environment descriptor '/home/albert/ag_arm_ws/install/arm_cpp/share/arm_cpp/hook/cmake_prefix_path.dsv'
[2.730s] INFO:colcon.colcon_core.shell:Creating environment hook '/home/albert/ag_arm_ws/install/arm_cpp/share/arm_cpp/hook/cmake_prefix_path.sh'
[2.732s] Level 1:colcon.colcon_core.environment:checking '/home/albert/ag_arm_ws/install/arm_cpp/lib'
[2.732s] Level 1:colcon.colcon_core.environment:checking '/home/albert/ag_arm_ws/install/arm_cpp/bin'
[2.732s] Level 1:colcon.colcon_core.environment:checking '/home/albert/ag_arm_ws/install/arm_cpp/lib/pkgconfig/arm_cpp.pc'
[2.733s] Level 1:colcon.colcon_core.environment:checking '/home/albert/ag_arm_ws/install/arm_cpp/lib/python3.10/site-packages'
[2.733s] Level 1:colcon.colcon_core.environment:checking '/home/albert/ag_arm_ws/install/arm_cpp/bin'
[2.734s] INFO:colcon.colcon_core.shell:Creating package script '/home/albert/ag_arm_ws/install/arm_cpp/share/arm_cpp/package.ps1'
[2.735s] INFO:colcon.colcon_core.shell:Creating package descriptor '/home/albert/ag_arm_ws/install/arm_cpp/share/arm_cpp/package.dsv'
[2.737s] INFO:colcon.colcon_core.shell:Creating package script '/home/albert/ag_arm_ws/install/arm_cpp/share/arm_cpp/package.sh'
[2.738s] INFO:colcon.colcon_core.shell:Creating package script '/home/albert/ag_arm_ws/install/arm_cpp/share/arm_cpp/package.bash'
[2.739s] INFO:colcon.colcon_core.shell:Creating package script '/home/albert/ag_arm_ws/install/arm_cpp/share/arm_cpp/package.zsh'
[2.740s] Level 1:colcon.colcon_core.environment:create_file_with_runtime_dependencies(/home/albert/ag_arm_ws/install/arm_cpp/share/colcon-core/packages/arm_cpp)
[3.164s] DEBUG:colcon.colcon_core.event_handler.log_command:Invoking command in '/home/albert/ag_arm_ws/src/arm_py': PYTHONPATH=/home/albert/ag_arm_ws/build/arm_py/prefix_override:/usr/lib/python3/dist-packages/colcon_core/task/python/colcon_distutils_commands:/home/albert/ag_arm_ws/install/arm_py/lib/python3.10/site-packages:${PYTHONPATH} /usr/bin/python3 -W ignore:setup.py install is deprecated -W ignore:easy_install command is deprecated setup.py egg_info --egg-base ../../build/arm_py build --build-base /home/albert/ag_arm_ws/build/arm_py/build install --record /home/albert/ag_arm_ws/build/arm_py/install.log --single-version-externally-managed install_data
[3.431s] DEBUG:colcon.colcon_core.event_handler.log_command:Invoked command in '/home/albert/ag_arm_ws/build/arm_remote' returned '0': CMAKE_PREFIX_PATH=/home/albert/ag_arm_ws/install/arm_msgs:/home/albert/ag_arm_ws/install/arm_moveit:/home/albert/ag_arm_ws/install/arm_setup_moveit:/home/albert/ag_arm_ws/install/arm_remote:/home/albert/ag_arm_ws/install/arm_cpp:/home/albert/ag_arm_ws/install/arm_description:/home/albert/ag_arm_ws/install/arm_controller:/home/albert/ag_arm_ws/install/arm_bringup:/home/albert/ws_moveit2/install/pilz_industrial_motion_planner_testutils:/home/albert/ws_moveit2/install/moveit_runtime:/home/albert/ws_moveit2/install/moveit2_tutorials:/home/albert/ws_moveit2/install/moveit:/home/albert/ws_moveit2/install/moveit_planners:/home/albert/ws_moveit2/install/pilz_industrial_motion_planner:/home/albert/ws_moveit2/install/moveit_visual_tools:/home/albert/ws_moveit2/install/moveit_task_constructor_visualization:/home/albert/ws_moveit2/install/moveit_task_constructor_demo:/home/albert/ws_moveit2/install/moveit_task_constructor_capabilities:/home/albert/ws_moveit2/install/moveit_task_constructor_core:/home/albert/ws_moveit2/install/moveit_ros_control_interface:/home/albert/ws_moveit2/install/moveit_plugins:/home/albert/ws_moveit2/install/moveit_simple_controller_manager:/home/albert/ws_moveit2/install/moveit_setup_assistant:/home/albert/ws_moveit2/install/moveit_setup_srdf_plugins:/home/albert/ws_moveit2/install/moveit_setup_core_plugins:/home/albert/ws_moveit2/install/moveit_setup_controllers:/home/albert/ws_moveit2/install/moveit_setup_app_plugins:/home/albert/ws_moveit2/install/moveit_setup_framework:/home/albert/ws_moveit2/install/moveit_servo:/home/albert/ws_moveit2/install/moveit_ros:/home/albert/ws_moveit2/install/moveit_ros_visualization:/home/albert/ws_moveit2/install/moveit_hybrid_planning:/home/albert/ws_moveit2/install/moveit_ros_planning_interface:/home/albert/ws_moveit2/install/moveit_ros_benchmarks:/home/albert/ws_moveit2/install/moveit_ros_warehouse:/home/albert/ws_moveit2/install/moveit_ros_robot_interaction:/home/albert/ws_moveit2/install/moveit_ros_perception:/home/albert/ws_moveit2/install/moveit_resources_prbt_pg70_support:/home/albert/ws_moveit2/install/moveit_resources_prbt_moveit_config:/home/albert/ws_moveit2/install/moveit_ros_move_group:/home/albert/ws_moveit2/install/moveit_planners_ompl:/home/albert/ws_moveit2/install/moveit_ros_planning:/home/albert/ws_moveit2/install/moveit_ros_occupancy_map_monitor:/home/albert/ws_moveit2/install/moveit_resources_prbt_ikfast_manipulator_plugin:/home/albert/ws_moveit2/install/moveit_planners_chomp:/home/albert/ws_moveit2/install/moveit_kinematics:/home/albert/ws_moveit2/install/moveit_chomp_optimizer_adapter:/home/albert/ws_moveit2/install/chomp_motion_planner:/home/albert/ws_moveit2/install/moveit_core:/home/albert/ws_moveit2/install/srdfdom:/home/albert/ws_moveit2/install/rviz_marker_tools:/home/albert/ws_moveit2/install/rosparam_shortcuts:/home/albert/ws_moveit2/install/moveit_task_constructor_msgs:/home/albert/ws_moveit2/install/moveit_resources_prbt_support:/home/albert/ws_moveit2/install/moveit_resources:/home/albert/ws_moveit2/install/moveit_resources_pr2_description:/home/albert/ws_moveit2/install/moveit_resources_panda_moveit_config:/home/albert/ws_moveit2/install/moveit_resources_panda_description:/home/albert/ws_moveit2/install/moveit_resources_fanuc_moveit_config:/home/albert/ws_moveit2/install/moveit_resources_fanuc_description:/home/albert/ws_moveit2/install/moveit_common:/home/albert/umov_ws/install/moveitassistant:/home/albert/umov_ws/install/description:/home/albert/umov_ws/install/arduino_utils:/home/albert/umov_ws/install/arduino_remote:/home/albert/umov_ws/install/arduino_cpp_examples:/home/albert/umov_ws/install/arduino_msgs:/home/albert/umov_ws/install/arduino_moveit:/home/albert/umov_ws/install/arduino_firmware:/home/albert/umov_ws/install/arduino_controller:/home/albert/umov_ws/install/arduino_bringup:/home/albert/unav_ws/install/turtlebot3_fake_node:/home/albert/unav_ws/install/robot_bringup:/home/albert/unav_ws/install/nav2_robot_description:/home/albert/udem2_ws/install/robot_bringup:/home/albert/udem2_ws/install/my_robot_bringup:/home/albert/udem2_ws/install/lifecycle_cpp:/home/albert/udem2_ws/install/final_project_cpp:/home/albert/udem2_ws/install/actions_cpp:/home/albert/udem2_ws/install/robot_interfaces:/home/albert/udem2_ws/install/executors_cpp:/home/albert/udem2_ws/install/components_cpp:/home/albert/udem_ws/install/my_robot_bringup:/home/albert/udem_ws/install/my_cpp_pkg:/home/albert/udem_ws/install/my_robot_interfaces:/home/albert/udem_ws/install/my_robot_description:/home/albert/udem_ws/install/lifecycle_cpp:/home/albert/bcdc_ws/install/aggiebot_cpp:/home/albert/bcdc_ws/install/aggiebot_msgs:/home/albert/bcdc_ws/install/aggiebot_description:/home/albert/bcdc_ws/install/aggiebot_controller:/home/albert/bcdc_ws/install/aggiebot_bringup:/home/albert/bcdc_ws/install/aggiebot_arm_moveit:/home/albert/bcdc_ws/install/aggiebot_arm_description:/home/albert/bcdc_ws/install/aggiebot_arm_controller:/home/albert/bcdc_ws/install/agbot_setup_moveit:/home/albert/bcdc_ws/install/agbot_cpp:/home/albert/bcdc_ws/install/agbot_msgs:/home/albert/bcdc_ws/install/agbot_moveit:/home/albert/bcdc_ws/install/agbot_description:/home/albert/bcdc_ws/install/agbot_controller:/home/albert/bcdc_ws/install/agbot_bringup:/home/albert/bcdc_ws/install/agbot_arm_controller:/home/albert/arduinobot_ws/install/arduinobot_utils:/home/albert/arduinobot_ws/install/arduinobot_remote:/home/albert/arduinobot_ws/install/arduinobot_cpp_examples:/home/albert/arduinobot_ws/install/arduinobot_msgs:/home/albert/arduinobot_ws/install/arduinobot_moveit_setup:/home/albert/arduinobot_ws/install/arduinobot_moveit:/home/albert/arduinobot_ws/install/arduinobot_description:/home/albert/arduinobot_ws/install/arduinobot_controller:/home/albert/rad_ws/install/agbot_full_nav2:/home/albert/rad_ws/install/agbot_full_msgs:/home/albert/rad_ws/install/agbot_full_moveit_setup:/home/albert/rad_ws/install/agbot_full_moveit:/home/albert/rad_ws/install/agbot_full_description:/home/albert/rad_ws/install/agbot_full_cpp:/home/albert/rad_ws/install/agbot_full_controller:/home/albert/rad_ws/install/agbot_full_cartogropher:/home/albert/dev_ws/install/my_bot:/home/albert/ag_car_ws/install/car_nav2:/home/albert/ag_car_ws/install/car_description:/home/albert/ag_car_ws/install/car_controller:/home/albert/ag_car_ws/install/car_cartographer:/home/albert/ag_arm_ws/install/arm_py:/home/albert/ws_moveit2/install/moveit_configs_utils:/home/albert/ws_moveit2/install/launch_param_builder:/home/albert/umov_ws/install/arduino_py_examples:/home/albert/udem2_ws/install/actions_py:/home/albert/udem2_ws/install/lifecycle_py:/home/albert/udem2_ws/install/executors_py:/home/albert/udem2_ws/install/components_py:/home/albert/udem_ws/install/turtlesim_catcher:/home/albert/udem_ws/install/my_py_pkg:/home/albert/udem_ws/install/lifecycle_py:/home/albert/bcdc_ws/install/agbot_teleop:/home/albert/bcdc_ws/install/agbot_py:/home/albert/arduinobot_ws/install/arduinobot_py_examples:/opt/ros/humble LD_LIBRARY_PATH=/home/albert/ag_arm_ws/install/arm_msgs/lib:/home/albert/ag_arm_ws/install/arm_remote/lib:/home/albert/ws_moveit2/install/pilz_industrial_motion_planner_testutils/lib:/home/albert/ws_moveit2/install/pilz_industrial_motion_planner/lib:/home/albert/ws_moveit2/install/moveit_visual_tools/lib:/home/albert/ws_moveit2/install/moveit_task_constructor_visualization/lib:/home/albert/ws_moveit2/install/moveit_task_constructor_demo/lib:/home/albert/ws_moveit2/install/moveit_task_constructor_capabilities/lib:/home/albert/ws_moveit2/install/moveit_task_constructor_core/lib:/home/albert/ws_moveit2/install/moveit_ros_control_interface/lib:/home/albert/ws_moveit2/install/moveit_simple_controller_manager/lib:/home/albert/ws_moveit2/install/moveit_setup_assistant/lib:/home/albert/ws_moveit2/install/moveit_setup_srdf_plugins/lib:/home/albert/ws_moveit2/install/moveit_setup_core_plugins/lib:/home/albert/ws_moveit2/install/moveit_setup_controllers/lib:/home/albert/ws_moveit2/install/moveit_setup_app_plugins/lib:/home/albert/ws_moveit2/install/moveit_setup_framework/lib:/home/albert/ws_moveit2/install/moveit_servo/lib:/home/albert/ws_moveit2/install/moveit_ros_visualization/lib:/home/albert/ws_moveit2/install/moveit_hybrid_planning/lib:/home/albert/ws_moveit2/install/moveit_ros_planning_interface/lib:/home/albert/ws_moveit2/install/moveit_ros_benchmarks/lib:/home/albert/ws_moveit2/install/moveit_ros_warehouse/lib:/home/albert/ws_moveit2/install/moveit_ros_robot_interaction/lib:/home/albert/ws_moveit2/install/moveit_ros_perception/lib:/home/albert/ws_moveit2/install/moveit_ros_move_group/lib:/home/albert/ws_moveit2/install/moveit_planners_ompl/lib:/home/albert/ws_moveit2/install/moveit_ros_planning/lib:/home/albert/ws_moveit2/install/moveit_ros_occupancy_map_monitor/lib:/home/albert/ws_moveit2/install/moveit_resources_prbt_ikfast_manipulator_plugin/lib:/home/albert/ws_moveit2/install/moveit_planners_chomp/lib:/home/albert/ws_moveit2/install/moveit_kinematics/lib:/home/albert/ws_moveit2/install/moveit_chomp_optimizer_adapter/lib:/home/albert/ws_moveit2/install/chomp_motion_planner/lib:/home/albert/ws_moveit2/install/moveit_core/lib:/home/albert/ws_moveit2/install/srdfdom/lib:/home/albert/ws_moveit2/install/rviz_marker_tools/lib:/home/albert/ws_moveit2/install/rosparam_shortcuts/lib:/home/albert/ws_moveit2/install/moveit_task_constructor_msgs/lib:/home/albert/umov_ws/install/arduino_remote/lib:/home/albert/umov_ws/install/arduino_cpp_examples/lib:/home/albert/umov_ws/install/arduino_msgs/lib:/home/albert/umov_ws/install/arduino_controller/lib:/home/albert/udem2_ws/install/final_project_cpp/lib:/home/albert/udem2_ws/install/robot_interfaces/lib:/home/albert/udem2_ws/install/components_cpp/lib:/home/albert/udem_ws/install/my_robot_interfaces/lib:/home/albert/bcdc_ws/install/aggiebot_msgs/lib:/home/albert/bcdc_ws/install/agbot_msgs/lib:/home/albert/arduinobot_ws/install/arduinobot_remote/lib:/home/albert/arduinobot_ws/install/arduinobot_cpp_examples/lib:/home/albert/arduinobot_ws/install/arduinobot_msgs/lib:/usr/lib/x86_64-linux-gnu/gazebo-11/plugins:/opt/ros/humble/opt/rviz_ogre_vendor/lib:/opt/ros/humble/lib/x86_64-linux-gnu:/opt/ros/humble/lib:/usr/share/gazebo/../../lib/x86_64-linux-gnu/gazebo-11/plugins /home/albert/.local/bin/cmake --build /home/albert/ag_arm_ws/build/arm_remote -- -j8 -l8
[3.436s] DEBUG:colcon.colcon_core.event_handler.log_command:Invoking command in '/home/albert/ag_arm_ws/build/arm_remote': CMAKE_PREFIX_PATH=/home/albert/ag_arm_ws/install/arm_msgs:/home/albert/ag_arm_ws/install/arm_moveit:/home/albert/ag_arm_ws/install/arm_setup_moveit:/home/albert/ag_arm_ws/install/arm_remote:/home/albert/ag_arm_ws/install/arm_cpp:/home/albert/ag_arm_ws/install/arm_description:/home/albert/ag_arm_ws/install/arm_controller:/home/albert/ag_arm_ws/install/arm_bringup:/home/albert/ws_moveit2/install/pilz_industrial_motion_planner_testutils:/home/albert/ws_moveit2/install/moveit_runtime:/home/albert/ws_moveit2/install/moveit2_tutorials:/home/albert/ws_moveit2/install/moveit:/home/albert/ws_moveit2/install/moveit_planners:/home/albert/ws_moveit2/install/pilz_industrial_motion_planner:/home/albert/ws_moveit2/install/moveit_visual_tools:/home/albert/ws_moveit2/install/moveit_task_constructor_visualization:/home/albert/ws_moveit2/install/moveit_task_constructor_demo:/home/albert/ws_moveit2/install/moveit_task_constructor_capabilities:/home/albert/ws_moveit2/install/moveit_task_constructor_core:/home/albert/ws_moveit2/install/moveit_ros_control_interface:/home/albert/ws_moveit2/install/moveit_plugins:/home/albert/ws_moveit2/install/moveit_simple_controller_manager:/home/albert/ws_moveit2/install/moveit_setup_assistant:/home/albert/ws_moveit2/install/moveit_setup_srdf_plugins:/home/albert/ws_moveit2/install/moveit_setup_core_plugins:/home/albert/ws_moveit2/install/moveit_setup_controllers:/home/albert/ws_moveit2/install/moveit_setup_app_plugins:/home/albert/ws_moveit2/install/moveit_setup_framework:/home/albert/ws_moveit2/install/moveit_servo:/home/albert/ws_moveit2/install/moveit_ros:/home/albert/ws_moveit2/install/moveit_ros_visualization:/home/albert/ws_moveit2/install/moveit_hybrid_planning:/home/albert/ws_moveit2/install/moveit_ros_planning_interface:/home/albert/ws_moveit2/install/moveit_ros_benchmarks:/home/albert/ws_moveit2/install/moveit_ros_warehouse:/home/albert/ws_moveit2/install/moveit_ros_robot_interaction:/home/albert/ws_moveit2/install/moveit_ros_perception:/home/albert/ws_moveit2/install/moveit_resources_prbt_pg70_support:/home/albert/ws_moveit2/install/moveit_resources_prbt_moveit_config:/home/albert/ws_moveit2/install/moveit_ros_move_group:/home/albert/ws_moveit2/install/moveit_planners_ompl:/home/albert/ws_moveit2/install/moveit_ros_planning:/home/albert/ws_moveit2/install/moveit_ros_occupancy_map_monitor:/home/albert/ws_moveit2/install/moveit_resources_prbt_ikfast_manipulator_plugin:/home/albert/ws_moveit2/install/moveit_planners_chomp:/home/albert/ws_moveit2/install/moveit_kinematics:/home/albert/ws_moveit2/install/moveit_chomp_optimizer_adapter:/home/albert/ws_moveit2/install/chomp_motion_planner:/home/albert/ws_moveit2/install/moveit_core:/home/albert/ws_moveit2/install/srdfdom:/home/albert/ws_moveit2/install/rviz_marker_tools:/home/albert/ws_moveit2/install/rosparam_shortcuts:/home/albert/ws_moveit2/install/moveit_task_constructor_msgs:/home/albert/ws_moveit2/install/moveit_resources_prbt_support:/home/albert/ws_moveit2/install/moveit_resources:/home/albert/ws_moveit2/install/moveit_resources_pr2_description:/home/albert/ws_moveit2/install/moveit_resources_panda_moveit_config:/home/albert/ws_moveit2/install/moveit_resources_panda_description:/home/albert/ws_moveit2/install/moveit_resources_fanuc_moveit_config:/home/albert/ws_moveit2/install/moveit_resources_fanuc_description:/home/albert/ws_moveit2/install/moveit_common:/home/albert/umov_ws/install/moveitassistant:/home/albert/umov_ws/install/description:/home/albert/umov_ws/install/arduino_utils:/home/albert/umov_ws/install/arduino_remote:/home/albert/umov_ws/install/arduino_cpp_examples:/home/albert/umov_ws/install/arduino_msgs:/home/albert/umov_ws/install/arduino_moveit:/home/albert/umov_ws/install/arduino_firmware:/home/albert/umov_ws/install/arduino_controller:/home/albert/umov_ws/install/arduino_bringup:/home/albert/unav_ws/install/turtlebot3_fake_node:/home/albert/unav_ws/install/robot_bringup:/home/albert/unav_ws/install/nav2_robot_description:/home/albert/udem2_ws/install/robot_bringup:/home/albert/udem2_ws/install/my_robot_bringup:/home/albert/udem2_ws/install/lifecycle_cpp:/home/albert/udem2_ws/install/final_project_cpp:/home/albert/udem2_ws/install/actions_cpp:/home/albert/udem2_ws/install/robot_interfaces:/home/albert/udem2_ws/install/executors_cpp:/home/albert/udem2_ws/install/components_cpp:/home/albert/udem_ws/install/my_robot_bringup:/home/albert/udem_ws/install/my_cpp_pkg:/home/albert/udem_ws/install/my_robot_interfaces:/home/albert/udem_ws/install/my_robot_description:/home/albert/udem_ws/install/lifecycle_cpp:/home/albert/bcdc_ws/install/aggiebot_cpp:/home/albert/bcdc_ws/install/aggiebot_msgs:/home/albert/bcdc_ws/install/aggiebot_description:/home/albert/bcdc_ws/install/aggiebot_controller:/home/albert/bcdc_ws/install/aggiebot_bringup:/home/albert/bcdc_ws/install/aggiebot_arm_moveit:/home/albert/bcdc_ws/install/aggiebot_arm_description:/home/albert/bcdc_ws/install/aggiebot_arm_controller:/home/albert/bcdc_ws/install/agbot_setup_moveit:/home/albert/bcdc_ws/install/agbot_cpp:/home/albert/bcdc_ws/install/agbot_msgs:/home/albert/bcdc_ws/install/agbot_moveit:/home/albert/bcdc_ws/install/agbot_description:/home/albert/bcdc_ws/install/agbot_controller:/home/albert/bcdc_ws/install/agbot_bringup:/home/albert/bcdc_ws/install/agbot_arm_controller:/home/albert/arduinobot_ws/install/arduinobot_utils:/home/albert/arduinobot_ws/install/arduinobot_remote:/home/albert/arduinobot_ws/install/arduinobot_cpp_examples:/home/albert/arduinobot_ws/install/arduinobot_msgs:/home/albert/arduinobot_ws/install/arduinobot_moveit_setup:/home/albert/arduinobot_ws/install/arduinobot_moveit:/home/albert/arduinobot_ws/install/arduinobot_description:/home/albert/arduinobot_ws/install/arduinobot_controller:/home/albert/rad_ws/install/agbot_full_nav2:/home/albert/rad_ws/install/agbot_full_msgs:/home/albert/rad_ws/install/agbot_full_moveit_setup:/home/albert/rad_ws/install/agbot_full_moveit:/home/albert/rad_ws/install/agbot_full_description:/home/albert/rad_ws/install/agbot_full_cpp:/home/albert/rad_ws/install/agbot_full_controller:/home/albert/rad_ws/install/agbot_full_cartogropher:/home/albert/dev_ws/install/my_bot:/home/albert/ag_car_ws/install/car_nav2:/home/albert/ag_car_ws/install/car_description:/home/albert/ag_car_ws/install/car_controller:/home/albert/ag_car_ws/install/car_cartographer:/home/albert/ag_arm_ws/install/arm_py:/home/albert/ws_moveit2/install/moveit_configs_utils:/home/albert/ws_moveit2/install/launch_param_builder:/home/albert/umov_ws/install/arduino_py_examples:/home/albert/udem2_ws/install/actions_py:/home/albert/udem2_ws/install/lifecycle_py:/home/albert/udem2_ws/install/executors_py:/home/albert/udem2_ws/install/components_py:/home/albert/udem_ws/install/turtlesim_catcher:/home/albert/udem_ws/install/my_py_pkg:/home/albert/udem_ws/install/lifecycle_py:/home/albert/bcdc_ws/install/agbot_teleop:/home/albert/bcdc_ws/install/agbot_py:/home/albert/arduinobot_ws/install/arduinobot_py_examples:/opt/ros/humble LD_LIBRARY_PATH=/home/albert/ag_arm_ws/install/arm_msgs/lib:/home/albert/ag_arm_ws/install/arm_remote/lib:/home/albert/ws_moveit2/install/pilz_industrial_motion_planner_testutils/lib:/home/albert/ws_moveit2/install/pilz_industrial_motion_planner/lib:/home/albert/ws_moveit2/install/moveit_visual_tools/lib:/home/albert/ws_moveit2/install/moveit_task_constructor_visualization/lib:/home/albert/ws_moveit2/install/moveit_task_constructor_demo/lib:/home/albert/ws_moveit2/install/moveit_task_constructor_capabilities/lib:/home/albert/ws_moveit2/install/moveit_task_constructor_core/lib:/home/albert/ws_moveit2/install/moveit_ros_control_interface/lib:/home/albert/ws_moveit2/install/moveit_simple_controller_manager/lib:/home/albert/ws_moveit2/install/moveit_setup_assistant/lib:/home/albert/ws_moveit2/install/moveit_setup_srdf_plugins/lib:/home/albert/ws_moveit2/install/moveit_setup_core_plugins/lib:/home/albert/ws_moveit2/install/moveit_setup_controllers/lib:/home/albert/ws_moveit2/install/moveit_setup_app_plugins/lib:/home/albert/ws_moveit2/install/moveit_setup_framework/lib:/home/albert/ws_moveit2/install/moveit_servo/lib:/home/albert/ws_moveit2/install/moveit_ros_visualization/lib:/home/albert/ws_moveit2/install/moveit_hybrid_planning/lib:/home/albert/ws_moveit2/install/moveit_ros_planning_interface/lib:/home/albert/ws_moveit2/install/moveit_ros_benchmarks/lib:/home/albert/ws_moveit2/install/moveit_ros_warehouse/lib:/home/albert/ws_moveit2/install/moveit_ros_robot_interaction/lib:/home/albert/ws_moveit2/install/moveit_ros_perception/lib:/home/albert/ws_moveit2/install/moveit_ros_move_group/lib:/home/albert/ws_moveit2/install/moveit_planners_ompl/lib:/home/albert/ws_moveit2/install/moveit_ros_planning/lib:/home/albert/ws_moveit2/install/moveit_ros_occupancy_map_monitor/lib:/home/albert/ws_moveit2/install/moveit_resources_prbt_ikfast_manipulator_plugin/lib:/home/albert/ws_moveit2/install/moveit_planners_chomp/lib:/home/albert/ws_moveit2/install/moveit_kinematics/lib:/home/albert/ws_moveit2/install/moveit_chomp_optimizer_adapter/lib:/home/albert/ws_moveit2/install/chomp_motion_planner/lib:/home/albert/ws_moveit2/install/moveit_core/lib:/home/albert/ws_moveit2/install/srdfdom/lib:/home/albert/ws_moveit2/install/rviz_marker_tools/lib:/home/albert/ws_moveit2/install/rosparam_shortcuts/lib:/home/albert/ws_moveit2/install/moveit_task_constructor_msgs/lib:/home/albert/umov_ws/install/arduino_remote/lib:/home/albert/umov_ws/install/arduino_cpp_examples/lib:/home/albert/umov_ws/install/arduino_msgs/lib:/home/albert/umov_ws/install/arduino_controller/lib:/home/albert/udem2_ws/install/final_project_cpp/lib:/home/albert/udem2_ws/install/robot_interfaces/lib:/home/albert/udem2_ws/install/components_cpp/lib:/home/albert/udem_ws/install/my_robot_interfaces/lib:/home/albert/bcdc_ws/install/aggiebot_msgs/lib:/home/albert/bcdc_ws/install/agbot_msgs/lib:/home/albert/arduinobot_ws/install/arduinobot_remote/lib:/home/albert/arduinobot_ws/install/arduinobot_cpp_examples/lib:/home/albert/arduinobot_ws/install/arduinobot_msgs/lib:/usr/lib/x86_64-linux-gnu/gazebo-11/plugins:/opt/ros/humble/opt/rviz_ogre_vendor/lib:/opt/ros/humble/lib/x86_64-linux-gnu:/opt/ros/humble/lib:/usr/share/gazebo/../../lib/x86_64-linux-gnu/gazebo-11/plugins /home/albert/.local/bin/cmake --install /home/albert/ag_arm_ws/build/arm_remote
[3.543s] Level 1:colcon.colcon_core.environment:create_environment_scripts_only(arm_remote)
[3.543s] Level 1:colcon.colcon_core.environment:checking '/home/albert/ag_arm_ws/install/arm_remote' for CMake module files
[3.545s] Level 1:colcon.colcon_core.environment:checking '/home/albert/ag_arm_ws/install/arm_remote' for CMake config files
[3.545s] DEBUG:colcon.colcon_core.event_handler.log_command:Invoked command in '/home/albert/ag_arm_ws/build/arm_remote' returned '0': CMAKE_PREFIX_PATH=/home/albert/ag_arm_ws/install/arm_msgs:/home/albert/ag_arm_ws/install/arm_moveit:/home/albert/ag_arm_ws/install/arm_setup_moveit:/home/albert/ag_arm_ws/install/arm_remote:/home/albert/ag_arm_ws/install/arm_cpp:/home/albert/ag_arm_ws/install/arm_description:/home/albert/ag_arm_ws/install/arm_controller:/home/albert/ag_arm_ws/install/arm_bringup:/home/albert/ws_moveit2/install/pilz_industrial_motion_planner_testutils:/home/albert/ws_moveit2/install/moveit_runtime:/home/albert/ws_moveit2/install/moveit2_tutorials:/home/albert/ws_moveit2/install/moveit:/home/albert/ws_moveit2/install/moveit_planners:/home/albert/ws_moveit2/install/pilz_industrial_motion_planner:/home/albert/ws_moveit2/install/moveit_visual_tools:/home/albert/ws_moveit2/install/moveit_task_constructor_visualization:/home/albert/ws_moveit2/install/moveit_task_constructor_demo:/home/albert/ws_moveit2/install/moveit_task_constructor_capabilities:/home/albert/ws_moveit2/install/moveit_task_constructor_core:/home/albert/ws_moveit2/install/moveit_ros_control_interface:/home/albert/ws_moveit2/install/moveit_plugins:/home/albert/ws_moveit2/install/moveit_simple_controller_manager:/home/albert/ws_moveit2/install/moveit_setup_assistant:/home/albert/ws_moveit2/install/moveit_setup_srdf_plugins:/home/albert/ws_moveit2/install/moveit_setup_core_plugins:/home/albert/ws_moveit2/install/moveit_setup_controllers:/home/albert/ws_moveit2/install/moveit_setup_app_plugins:/home/albert/ws_moveit2/install/moveit_setup_framework:/home/albert/ws_moveit2/install/moveit_servo:/home/albert/ws_moveit2/install/moveit_ros:/home/albert/ws_moveit2/install/moveit_ros_visualization:/home/albert/ws_moveit2/install/moveit_hybrid_planning:/home/albert/ws_moveit2/install/moveit_ros_planning_interface:/home/albert/ws_moveit2/install/moveit_ros_benchmarks:/home/albert/ws_moveit2/install/moveit_ros_warehouse:/home/albert/ws_moveit2/install/moveit_ros_robot_interaction:/home/albert/ws_moveit2/install/moveit_ros_perception:/home/albert/ws_moveit2/install/moveit_resources_prbt_pg70_support:/home/albert/ws_moveit2/install/moveit_resources_prbt_moveit_config:/home/albert/ws_moveit2/install/moveit_ros_move_group:/home/albert/ws_moveit2/install/moveit_planners_ompl:/home/albert/ws_moveit2/install/moveit_ros_planning:/home/albert/ws_moveit2/install/moveit_ros_occupancy_map_monitor:/home/albert/ws_moveit2/install/moveit_resources_prbt_ikfast_manipulator_plugin:/home/albert/ws_moveit2/install/moveit_planners_chomp:/home/albert/ws_moveit2/install/moveit_kinematics:/home/albert/ws_moveit2/install/moveit_chomp_optimizer_adapter:/home/albert/ws_moveit2/install/chomp_motion_planner:/home/albert/ws_moveit2/install/moveit_core:/home/albert/ws_moveit2/install/srdfdom:/home/albert/ws_moveit2/install/rviz_marker_tools:/home/albert/ws_moveit2/install/rosparam_shortcuts:/home/albert/ws_moveit2/install/moveit_task_constructor_msgs:/home/albert/ws_moveit2/install/moveit_resources_prbt_support:/home/albert/ws_moveit2/install/moveit_resources:/home/albert/ws_moveit2/install/moveit_resources_pr2_description:/home/albert/ws_moveit2/install/moveit_resources_panda_moveit_config:/home/albert/ws_moveit2/install/moveit_resources_panda_description:/home/albert/ws_moveit2/install/moveit_resources_fanuc_moveit_config:/home/albert/ws_moveit2/install/moveit_resources_fanuc_description:/home/albert/ws_moveit2/install/moveit_common:/home/albert/umov_ws/install/moveitassistant:/home/albert/umov_ws/install/description:/home/albert/umov_ws/install/arduino_utils:/home/albert/umov_ws/install/arduino_remote:/home/albert/umov_ws/install/arduino_cpp_examples:/home/albert/umov_ws/install/arduino_msgs:/home/albert/umov_ws/install/arduino_moveit:/home/albert/umov_ws/install/arduino_firmware:/home/albert/umov_ws/install/arduino_controller:/home/albert/umov_ws/install/arduino_bringup:/home/albert/unav_ws/install/turtlebot3_fake_node:/home/albert/unav_ws/install/robot_bringup:/home/albert/unav_ws/install/nav2_robot_description:/home/albert/udem2_ws/install/robot_bringup:/home/albert/udem2_ws/install/my_robot_bringup:/home/albert/udem2_ws/install/lifecycle_cpp:/home/albert/udem2_ws/install/final_project_cpp:/home/albert/udem2_ws/install/actions_cpp:/home/albert/udem2_ws/install/robot_interfaces:/home/albert/udem2_ws/install/executors_cpp:/home/albert/udem2_ws/install/components_cpp:/home/albert/udem_ws/install/my_robot_bringup:/home/albert/udem_ws/install/my_cpp_pkg:/home/albert/udem_ws/install/my_robot_interfaces:/home/albert/udem_ws/install/my_robot_description:/home/albert/udem_ws/install/lifecycle_cpp:/home/albert/bcdc_ws/install/aggiebot_cpp:/home/albert/bcdc_ws/install/aggiebot_msgs:/home/albert/bcdc_ws/install/aggiebot_description:/home/albert/bcdc_ws/install/aggiebot_controller:/home/albert/bcdc_ws/install/aggiebot_bringup:/home/albert/bcdc_ws/install/aggiebot_arm_moveit:/home/albert/bcdc_ws/install/aggiebot_arm_description:/home/albert/bcdc_ws/install/aggiebot_arm_controller:/home/albert/bcdc_ws/install/agbot_setup_moveit:/home/albert/bcdc_ws/install/agbot_cpp:/home/albert/bcdc_ws/install/agbot_msgs:/home/albert/bcdc_ws/install/agbot_moveit:/home/albert/bcdc_ws/install/agbot_description:/home/albert/bcdc_ws/install/agbot_controller:/home/albert/bcdc_ws/install/agbot_bringup:/home/albert/bcdc_ws/install/agbot_arm_controller:/home/albert/arduinobot_ws/install/arduinobot_utils:/home/albert/arduinobot_ws/install/arduinobot_remote:/home/albert/arduinobot_ws/install/arduinobot_cpp_examples:/home/albert/arduinobot_ws/install/arduinobot_msgs:/home/albert/arduinobot_ws/install/arduinobot_moveit_setup:/home/albert/arduinobot_ws/install/arduinobot_moveit:/home/albert/arduinobot_ws/install/arduinobot_description:/home/albert/arduinobot_ws/install/arduinobot_controller:/home/albert/rad_ws/install/agbot_full_nav2:/home/albert/rad_ws/install/agbot_full_msgs:/home/albert/rad_ws/install/agbot_full_moveit_setup:/home/albert/rad_ws/install/agbot_full_moveit:/home/albert/rad_ws/install/agbot_full_description:/home/albert/rad_ws/install/agbot_full_cpp:/home/albert/rad_ws/install/agbot_full_controller:/home/albert/rad_ws/install/agbot_full_cartogropher:/home/albert/dev_ws/install/my_bot:/home/albert/ag_car_ws/install/car_nav2:/home/albert/ag_car_ws/install/car_description:/home/albert/ag_car_ws/install/car_controller:/home/albert/ag_car_ws/install/car_cartographer:/home/albert/ag_arm_ws/install/arm_py:/home/albert/ws_moveit2/install/moveit_configs_utils:/home/albert/ws_moveit2/install/launch_param_builder:/home/albert/umov_ws/install/arduino_py_examples:/home/albert/udem2_ws/install/actions_py:/home/albert/udem2_ws/install/lifecycle_py:/home/albert/udem2_ws/install/executors_py:/home/albert/udem2_ws/install/components_py:/home/albert/udem_ws/install/turtlesim_catcher:/home/albert/udem_ws/install/my_py_pkg:/home/albert/udem_ws/install/lifecycle_py:/home/albert/bcdc_ws/install/agbot_teleop:/home/albert/bcdc_ws/install/agbot_py:/home/albert/arduinobot_ws/install/arduinobot_py_examples:/opt/ros/humble LD_LIBRARY_PATH=/home/albert/ag_arm_ws/install/arm_msgs/lib:/home/albert/ag_arm_ws/install/arm_remote/lib:/home/albert/ws_moveit2/install/pilz_industrial_motion_planner_testutils/lib:/home/albert/ws_moveit2/install/pilz_industrial_motion_planner/lib:/home/albert/ws_moveit2/install/moveit_visual_tools/lib:/home/albert/ws_moveit2/install/moveit_task_constructor_visualization/lib:/home/albert/ws_moveit2/install/moveit_task_constructor_demo/lib:/home/albert/ws_moveit2/install/moveit_task_constructor_capabilities/lib:/home/albert/ws_moveit2/install/moveit_task_constructor_core/lib:/home/albert/ws_moveit2/install/moveit_ros_control_interface/lib:/home/albert/ws_moveit2/install/moveit_simple_controller_manager/lib:/home/albert/ws_moveit2/install/moveit_setup_assistant/lib:/home/albert/ws_moveit2/install/moveit_setup_srdf_plugins/lib:/home/albert/ws_moveit2/install/moveit_setup_core_plugins/lib:/home/albert/ws_moveit2/install/moveit_setup_controllers/lib:/home/albert/ws_moveit2/install/moveit_setup_app_plugins/lib:/home/albert/ws_moveit2/install/moveit_setup_framework/lib:/home/albert/ws_moveit2/install/moveit_servo/lib:/home/albert/ws_moveit2/install/moveit_ros_visualization/lib:/home/albert/ws_moveit2/install/moveit_hybrid_planning/lib:/home/albert/ws_moveit2/install/moveit_ros_planning_interface/lib:/home/albert/ws_moveit2/install/moveit_ros_benchmarks/lib:/home/albert/ws_moveit2/install/moveit_ros_warehouse/lib:/home/albert/ws_moveit2/install/moveit_ros_robot_interaction/lib:/home/albert/ws_moveit2/install/moveit_ros_perception/lib:/home/albert/ws_moveit2/install/moveit_ros_move_group/lib:/home/albert/ws_moveit2/install/moveit_planners_ompl/lib:/home/albert/ws_moveit2/install/moveit_ros_planning/lib:/home/albert/ws_moveit2/install/moveit_ros_occupancy_map_monitor/lib:/home/albert/ws_moveit2/install/moveit_resources_prbt_ikfast_manipulator_plugin/lib:/home/albert/ws_moveit2/install/moveit_planners_chomp/lib:/home/albert/ws_moveit2/install/moveit_kinematics/lib:/home/albert/ws_moveit2/install/moveit_chomp_optimizer_adapter/lib:/home/albert/ws_moveit2/install/chomp_motion_planner/lib:/home/albert/ws_moveit2/install/moveit_core/lib:/home/albert/ws_moveit2/install/srdfdom/lib:/home/albert/ws_moveit2/install/rviz_marker_tools/lib:/home/albert/ws_moveit2/install/rosparam_shortcuts/lib:/home/albert/ws_moveit2/install/moveit_task_constructor_msgs/lib:/home/albert/umov_ws/install/arduino_remote/lib:/home/albert/umov_ws/install/arduino_cpp_examples/lib:/home/albert/umov_ws/install/arduino_msgs/lib:/home/albert/umov_ws/install/arduino_controller/lib:/home/albert/udem2_ws/install/final_project_cpp/lib:/home/albert/udem2_ws/install/robot_interfaces/lib:/home/albert/udem2_ws/install/components_cpp/lib:/home/albert/udem_ws/install/my_robot_interfaces/lib:/home/albert/bcdc_ws/install/aggiebot_msgs/lib:/home/albert/bcdc_ws/install/agbot_msgs/lib:/home/albert/arduinobot_ws/install/arduinobot_remote/lib:/home/albert/arduinobot_ws/install/arduinobot_cpp_examples/lib:/home/albert/arduinobot_ws/install/arduinobot_msgs/lib:/usr/lib/x86_64-linux-gnu/gazebo-11/plugins:/opt/ros/humble/opt/rviz_ogre_vendor/lib:/opt/ros/humble/lib/x86_64-linux-gnu:/opt/ros/humble/lib:/usr/share/gazebo/../../lib/x86_64-linux-gnu/gazebo-11/plugins /home/albert/.local/bin/cmake --install /home/albert/ag_arm_ws/build/arm_remote
[3.546s] Level 1:colcon.colcon_core.shell:create_environment_hook('arm_remote', 'cmake_prefix_path')
[3.547s] INFO:colcon.colcon_core.shell:Creating environment hook '/home/albert/ag_arm_ws/install/arm_remote/share/arm_remote/hook/cmake_prefix_path.ps1'
[3.548s] INFO:colcon.colcon_core.shell:Creating environment descriptor '/home/albert/ag_arm_ws/install/arm_remote/share/arm_remote/hook/cmake_prefix_path.dsv'
[3.548s] INFO:colcon.colcon_core.shell:Creating environment hook '/home/albert/ag_arm_ws/install/arm_remote/share/arm_remote/hook/cmake_prefix_path.sh'
[3.549s] Level 1:colcon.colcon_core.environment:checking '/home/albert/ag_arm_ws/install/arm_remote/lib'
[3.550s] Level 1:colcon.colcon_core.shell:create_environment_hook('arm_remote', 'ld_library_path_lib')
[3.550s] INFO:colcon.colcon_core.shell:Creating environment hook '/home/albert/ag_arm_ws/install/arm_remote/share/arm_remote/hook/ld_library_path_lib.ps1'
[3.551s] INFO:colcon.colcon_core.shell:Creating environment descriptor '/home/albert/ag_arm_ws/install/arm_remote/share/arm_remote/hook/ld_library_path_lib.dsv'
[3.551s] INFO:colcon.colcon_core.shell:Creating environment hook '/home/albert/ag_arm_ws/install/arm_remote/share/arm_remote/hook/ld_library_path_lib.sh'
[3.552s] Level 1:colcon.colcon_core.environment:checking '/home/albert/ag_arm_ws/install/arm_remote/bin'
[3.552s] Level 1:colcon.colcon_core.environment:checking '/home/albert/ag_arm_ws/install/arm_remote/lib/pkgconfig/arm_remote.pc'
[3.553s] Level 1:colcon.colcon_core.environment:checking '/home/albert/ag_arm_ws/install/arm_remote/lib/python3.10/site-packages'
[3.553s] Level 1:colcon.colcon_core.environment:checking '/home/albert/ag_arm_ws/install/arm_remote/bin'
[3.553s] INFO:colcon.colcon_core.shell:Creating package script '/home/albert/ag_arm_ws/install/arm_remote/share/arm_remote/package.ps1'
[3.554s] INFO:colcon.colcon_core.shell:Creating package descriptor '/home/albert/ag_arm_ws/install/arm_remote/share/arm_remote/package.dsv'
[3.555s] INFO:colcon.colcon_core.shell:Creating package script '/home/albert/ag_arm_ws/install/arm_remote/share/arm_remote/package.sh'
[3.556s] INFO:colcon.colcon_core.shell:Creating package script '/home/albert/ag_arm_ws/install/arm_remote/share/arm_remote/package.bash'
[3.556s] INFO:colcon.colcon_core.shell:Creating package script '/home/albert/ag_arm_ws/install/arm_remote/share/arm_remote/package.zsh'
[3.557s] Level 1:colcon.colcon_core.environment:create_file_with_runtime_dependencies(/home/albert/ag_arm_ws/install/arm_remote/share/colcon-core/packages/arm_remote)
[3.558s] Level 1:colcon.colcon_core.environment:create_environment_scripts_only(arm_remote)
[3.558s] Level 1:colcon.colcon_core.environment:checking '/home/albert/ag_arm_ws/install/arm_remote' for CMake module files
[3.559s] Level 1:colcon.colcon_core.environment:checking '/home/albert/ag_arm_ws/install/arm_remote' for CMake config files
[3.559s] Level 1:colcon.colcon_core.shell:create_environment_hook('arm_remote', 'cmake_prefix_path')
[3.559s] INFO:colcon.colcon_core.shell:Creating environment hook '/home/albert/ag_arm_ws/install/arm_remote/share/arm_remote/hook/cmake_prefix_path.ps1'
[3.560s] INFO:colcon.colcon_core.shell:Creating environment descriptor '/home/albert/ag_arm_ws/install/arm_remote/share/arm_remote/hook/cmake_prefix_path.dsv'
[3.561s] INFO:colcon.colcon_core.shell:Creating environment hook '/home/albert/ag_arm_ws/install/arm_remote/share/arm_remote/hook/cmake_prefix_path.sh'
[3.561s] Level 1:colcon.colcon_core.environment:checking '/home/albert/ag_arm_ws/install/arm_remote/lib'
[3.561s] Level 1:colcon.colcon_core.shell:create_environment_hook('arm_remote', 'ld_library_path_lib')
[3.562s] INFO:colcon.colcon_core.shell:Creating environment hook '/home/albert/ag_arm_ws/install/arm_remote/share/arm_remote/hook/ld_library_path_lib.ps1'
[3.562s] INFO:colcon.colcon_core.shell:Creating environment descriptor '/home/albert/ag_arm_ws/install/arm_remote/share/arm_remote/hook/ld_library_path_lib.dsv'
[3.563s] INFO:colcon.colcon_core.shell:Creating environment hook '/home/albert/ag_arm_ws/install/arm_remote/share/arm_remote/hook/ld_library_path_lib.sh'
[3.564s] Level 1:colcon.colcon_core.environment:checking '/home/albert/ag_arm_ws/install/arm_remote/bin'
[3.565s] Level 1:colcon.colcon_core.environment:checking '/home/albert/ag_arm_ws/install/arm_remote/lib/pkgconfig/arm_remote.pc'
[3.565s] Level 1:colcon.colcon_core.environment:checking '/home/albert/ag_arm_ws/install/arm_remote/lib/python3.10/site-packages'
[3.565s] Level 1:colcon.colcon_core.environment:checking '/home/albert/ag_arm_ws/install/arm_remote/bin'
[3.566s] INFO:colcon.colcon_core.shell:Creating package script '/home/albert/ag_arm_ws/install/arm_remote/share/arm_remote/package.ps1'
[3.567s] INFO:colcon.colcon_core.shell:Creating package descriptor '/home/albert/ag_arm_ws/install/arm_remote/share/arm_remote/package.dsv'
[3.568s] INFO:colcon.colcon_core.shell:Creating package script '/home/albert/ag_arm_ws/install/arm_remote/share/arm_remote/package.sh'
[3.569s] INFO:colcon.colcon_core.shell:Creating package script '/home/albert/ag_arm_ws/install/arm_remote/share/arm_remote/package.bash'
[3.569s] INFO:colcon.colcon_core.shell:Creating package script '/home/albert/ag_arm_ws/install/arm_remote/share/arm_remote/package.zsh'
[3.570s] Level 1:colcon.colcon_core.environment:create_file_with_runtime_dependencies(/home/albert/ag_arm_ws/install/arm_remote/share/colcon-core/packages/arm_remote)
[3.996s] Level 1:colcon.colcon_core.environment:checking '/home/albert/ag_arm_ws/install/arm_py' for CMake module files
[3.998s] DEBUG:colcon.colcon_core.event_handler.log_command:Invoked command in '/home/albert/ag_arm_ws/src/arm_py' returned '0': PYTHONPATH=/home/albert/ag_arm_ws/build/arm_py/prefix_override:/usr/lib/python3/dist-packages/colcon_core/task/python/colcon_distutils_commands:/home/albert/ag_arm_ws/install/arm_py/lib/python3.10/site-packages:${PYTHONPATH} /usr/bin/python3 -W ignore:setup.py install is deprecated -W ignore:easy_install command is deprecated setup.py egg_info --egg-base ../../build/arm_py build --build-base /home/albert/ag_arm_ws/build/arm_py/build install --record /home/albert/ag_arm_ws/build/arm_py/install.log --single-version-externally-managed install_data
[3.998s] Level 1:colcon.colcon_core.environment:checking '/home/albert/ag_arm_ws/install/arm_py' for CMake config files
[3.999s] Level 1:colcon.colcon_core.environment:checking '/home/albert/ag_arm_ws/install/arm_py/lib'
[3.999s] Level 1:colcon.colcon_core.environment:checking '/home/albert/ag_arm_ws/install/arm_py/bin'
[3.999s] Level 1:colcon.colcon_core.environment:checking '/home/albert/ag_arm_ws/install/arm_py/lib/pkgconfig/arm_py.pc'
[4.000s] Level 1:colcon.colcon_core.environment:checking '/home/albert/ag_arm_ws/install/arm_py/lib/python3.10/site-packages'
[4.000s] Level 1:colcon.colcon_core.shell:create_environment_hook('arm_py', 'pythonpath')
[4.000s] INFO:colcon.colcon_core.shell:Creating environment hook '/home/albert/ag_arm_ws/install/arm_py/share/arm_py/hook/pythonpath.ps1'
[4.001s] INFO:colcon.colcon_core.shell:Creating environment descriptor '/home/albert/ag_arm_ws/install/arm_py/share/arm_py/hook/pythonpath.dsv'
[4.002s] INFO:colcon.colcon_core.shell:Creating environment hook '/home/albert/ag_arm_ws/install/arm_py/share/arm_py/hook/pythonpath.sh'
[4.002s] Level 1:colcon.colcon_core.environment:checking '/home/albert/ag_arm_ws/install/arm_py/bin'
[4.003s] Level 1:colcon.colcon_core.environment:create_environment_scripts_only(arm_py)
[4.003s] INFO:colcon.colcon_core.shell:Creating package script '/home/albert/ag_arm_ws/install/arm_py/share/arm_py/package.ps1'
[4.004s] INFO:colcon.colcon_core.shell:Creating package descriptor '/home/albert/ag_arm_ws/install/arm_py/share/arm_py/package.dsv'
[4.004s] INFO:colcon.colcon_core.shell:Creating package script '/home/albert/ag_arm_ws/install/arm_py/share/arm_py/package.sh'
[4.005s] INFO:colcon.colcon_core.shell:Creating package script '/home/albert/ag_arm_ws/install/arm_py/share/arm_py/package.bash'
[4.006s] INFO:colcon.colcon_core.shell:Creating package script '/home/albert/ag_arm_ws/install/arm_py/share/arm_py/package.zsh'
[4.006s] Level 1:colcon.colcon_core.environment:create_file_with_runtime_dependencies(/home/albert/ag_arm_ws/install/arm_py/share/colcon-core/packages/arm_py)
[4.006s] DEBUG:colcon.colcon_parallel_executor.executor.parallel:closing loop
[4.007s] DEBUG:colcon.colcon_parallel_executor.executor.parallel:loop closed
[4.007s] DEBUG:colcon.colcon_parallel_executor.executor.parallel:run_until_complete finished with '0'
[4.007s] DEBUG:colcon.colcon_core.event_reactor:joining thread
[4.019s] INFO:colcon.colcon_core.plugin_system:Skipping extension 'colcon_notification.desktop_notification.terminal_notifier': Not used on non-Darwin systems
[4.019s] INFO:colcon.colcon_core.plugin_system:Skipping extension 'colcon_notification.desktop_notification.win32': Not used on non-Windows systems
[4.019s] INFO:colcon.colcon_notification.desktop_notification:Sending desktop notification using 'notify2'
[4.037s] DEBUG:colcon.colcon_core.event_reactor:joined thread
[4.038s] INFO:colcon.colcon_core.shell:Creating prefix script '/home/albert/ag_arm_ws/install/local_setup.ps1'
[4.039s] INFO:colcon.colcon_core.shell:Creating prefix util module '/home/albert/ag_arm_ws/install/_local_setup_util_ps1.py'
[4.042s] INFO:colcon.colcon_core.shell:Creating prefix chain script '/home/albert/ag_arm_ws/install/setup.ps1'
[4.054s] INFO:colcon.colcon_core.shell:Creating prefix script '/home/albert/ag_arm_ws/install/local_setup.sh'
[4.055s] INFO:colcon.colcon_core.shell:Creating prefix util module '/home/albert/ag_arm_ws/install/_local_setup_util_sh.py'
[4.056s] INFO:colcon.colcon_core.shell:Creating prefix chain script '/home/albert/ag_arm_ws/install/setup.sh'
[4.067s] INFO:colcon.colcon_core.shell:Creating prefix script '/home/albert/ag_arm_ws/install/local_setup.bash'
[4.068s] INFO:colcon.colcon_core.shell:Creating prefix chain script '/home/albert/ag_arm_ws/install/setup.bash'
[4.081s] INFO:colcon.colcon_core.shell:Creating prefix script '/home/albert/ag_arm_ws/install/local_setup.zsh'
[4.082s] INFO:colcon.colcon_core.shell:Creating prefix chain script '/home/albert/ag_arm_ws/install/setup.zsh'
