[0.139s] DEBUG:colcon:Command line arguments: ['/usr/bin/colcon', 'build']
[0.139s] DEBUG:colcon:Parsed command line arguments: Namespace(log_base=None, log_level=None, verb_name='build', build_base='build', install_base='install', merge_install=False, symlink_install=False, test_result_base=None, continue_on_error=False, executor='parallel', parallel_workers=8, event_handlers=None, ignore_user_meta=False, metas=['./colcon.meta'], base_paths=['.'], packages_ignore=None, packages_ignore_regex=None, paths=None, packages_up_to=None, packages_up_to_regex=None, packages_above=None, packages_above_and_dependencies=None, packages_above_depth=None, packages_select_by_dep=None, packages_skip_by_dep=None, packages_skip_up_to=None, packages_select_build_failed=False, packages_skip_build_finished=False, packages_select_test_failures=False, packages_skip_test_passed=False, packages_select=None, packages_skip=None, packages_select_regex=None, packages_skip_regex=None, packages_start=None, packages_end=None, allow_overriding=[], cmake_args=None, cmake_target=None, cmake_target_skip_unavailable=False, cmake_clean_cache=False, cmake_clean_first=False, cmake_force_configure=False, ament_cmake_args=None, catkin_cmake_args=None, catkin_skip_building_tests=False, mixin_files=None, mixin=None, verb_parser=<colcon_mixin.mixin.mixin_argument.MixinArgumentDecorator object at 0x72a8a724fb80>, verb_extension=<colcon_core.verb.build.BuildVerb object at 0x72a8a7390ac0>, main=<bound method BuildVerb.main of <colcon_core.verb.build.BuildVerb object at 0x72a8a7390ac0>>, mixin_verb=('build',))
[0.395s] Level 1:colcon.colcon_core.package_discovery:discover_packages(colcon_meta) check parameters
[0.395s] Level 1:colcon.colcon_core.package_discovery:discover_packages(recursive) check parameters
[0.395s] Level 1:colcon.colcon_core.package_discovery:discover_packages(ignore) check parameters
[0.395s] Level 1:colcon.colcon_core.package_discovery:discover_packages(path) check parameters
[0.395s] Level 1:colcon.colcon_core.package_discovery:discover_packages(colcon_meta) discover
[0.395s] Level 1:colcon.colcon_core.package_discovery:discover_packages(recursive) discover
[0.395s] INFO:colcon.colcon_core.package_discovery:Crawling recursively for packages in '/home/albert/ag_arm_ws'
[0.396s] Level 1:colcon.colcon_core.package_identification:_identify(.) by extensions ['ignore', 'ignore_ament_install']
[0.396s] Level 1:colcon.colcon_core.package_identification:_identify(.) by extension 'ignore'
[0.396s] Level 1:colcon.colcon_core.package_identification:_identify(.) by extension 'ignore_ament_install'
[0.396s] Level 1:colcon.colcon_core.package_identification:_identify(.) by extensions ['colcon_pkg']
[0.396s] Level 1:colcon.colcon_core.package_identification:_identify(.) by extension 'colcon_pkg'
[0.396s] Level 1:colcon.colcon_core.package_identification:_identify(.) by extensions ['colcon_meta']
[0.396s] Level 1:colcon.colcon_core.package_identification:_identify(.) by extension 'colcon_meta'
[0.396s] Level 1:colcon.colcon_core.package_identification:_identify(.) by extensions ['ros']
[0.396s] Level 1:colcon.colcon_core.package_identification:_identify(.) by extension 'ros'
[0.416s] Level 1:colcon.colcon_core.package_identification:_identify(.) by extensions ['cmake', 'python']
[0.416s] Level 1:colcon.colcon_core.package_identification:_identify(.) by extension 'cmake'
[0.416s] Level 1:colcon.colcon_core.package_identification:_identify(.) by extension 'python'
[0.416s] Level 1:colcon.colcon_core.package_identification:_identify(.) by extensions ['python_setup_py']
[0.416s] Level 1:colcon.colcon_core.package_identification:_identify(.) by extension 'python_setup_py'
[0.416s] Level 1:colcon.colcon_core.package_identification:_identify(build) by extensions ['ignore', 'ignore_ament_install']
[0.416s] Level 1:colcon.colcon_core.package_identification:_identify(build) by extension 'ignore'
[0.416s] Level 1:colcon.colcon_core.package_identification:_identify(build) ignored
[0.417s] Level 1:colcon.colcon_core.package_identification:_identify(install) by extensions ['ignore', 'ignore_ament_install']
[0.417s] Level 1:colcon.colcon_core.package_identification:_identify(install) by extension 'ignore'
[0.417s] Level 1:colcon.colcon_core.package_identification:_identify(install) ignored
[0.417s] Level 1:colcon.colcon_core.package_identification:_identify(log) by extensions ['ignore', 'ignore_ament_install']
[0.417s] Level 1:colcon.colcon_core.package_identification:_identify(log) by extension 'ignore'
[0.417s] Level 1:colcon.colcon_core.package_identification:_identify(log) ignored
[0.417s] Level 1:colcon.colcon_core.package_identification:_identify(src) by extensions ['ignore', 'ignore_ament_install']
[0.417s] Level 1:colcon.colcon_core.package_identification:_identify(src) by extension 'ignore'
[0.417s] Level 1:colcon.colcon_core.package_identification:_identify(src) by extension 'ignore_ament_install'
[0.417s] Level 1:colcon.colcon_core.package_identification:_identify(src) by extensions ['colcon_pkg']
[0.417s] Level 1:colcon.colcon_core.package_identification:_identify(src) by extension 'colcon_pkg'
[0.417s] Level 1:colcon.colcon_core.package_identification:_identify(src) by extensions ['colcon_meta']
[0.418s] Level 1:colcon.colcon_core.package_identification:_identify(src) by extension 'colcon_meta'
[0.418s] Level 1:colcon.colcon_core.package_identification:_identify(src) by extensions ['ros']
[0.418s] Level 1:colcon.colcon_core.package_identification:_identify(src) by extension 'ros'
[0.418s] Level 1:colcon.colcon_core.package_identification:_identify(src) by extensions ['cmake', 'python']
[0.418s] Level 1:colcon.colcon_core.package_identification:_identify(src) by extension 'cmake'
[0.418s] Level 1:colcon.colcon_core.package_identification:_identify(src) by extension 'python'
[0.418s] Level 1:colcon.colcon_core.package_identification:_identify(src) by extensions ['python_setup_py']
[0.418s] Level 1:colcon.colcon_core.package_identification:_identify(src) by extension 'python_setup_py'
[0.418s] Level 1:colcon.colcon_core.package_identification:_identify(src/arm_bringup) by extensions ['ignore', 'ignore_ament_install']
[0.418s] Level 1:colcon.colcon_core.package_identification:_identify(src/arm_bringup) by extension 'ignore'
[0.418s] Level 1:colcon.colcon_core.package_identification:_identify(src/arm_bringup) by extension 'ignore_ament_install'
[0.418s] Level 1:colcon.colcon_core.package_identification:_identify(src/arm_bringup) by extensions ['colcon_pkg']
[0.418s] Level 1:colcon.colcon_core.package_identification:_identify(src/arm_bringup) by extension 'colcon_pkg'
[0.418s] Level 1:colcon.colcon_core.package_identification:_identify(src/arm_bringup) by extensions ['colcon_meta']
[0.418s] Level 1:colcon.colcon_core.package_identification:_identify(src/arm_bringup) by extension 'colcon_meta'
[0.419s] Level 1:colcon.colcon_core.package_identification:_identify(src/arm_bringup) by extensions ['ros']
[0.419s] Level 1:colcon.colcon_core.package_identification:_identify(src/arm_bringup) by extension 'ros'
[0.421s] DEBUG:colcon.colcon_core.package_identification:Package 'src/arm_bringup' with type 'ros.ament_cmake' and name 'arm_bringup'
[0.421s] Level 1:colcon.colcon_core.package_identification:_identify(src/arm_controller) by extensions ['ignore', 'ignore_ament_install']
[0.421s] Level 1:colcon.colcon_core.package_identification:_identify(src/arm_controller) by extension 'ignore'
[0.421s] Level 1:colcon.colcon_core.package_identification:_identify(src/arm_controller) by extension 'ignore_ament_install'
[0.421s] Level 1:colcon.colcon_core.package_identification:_identify(src/arm_controller) by extensions ['colcon_pkg']
[0.422s] Level 1:colcon.colcon_core.package_identification:_identify(src/arm_controller) by extension 'colcon_pkg'
[0.422s] Level 1:colcon.colcon_core.package_identification:_identify(src/arm_controller) by extensions ['colcon_meta']
[0.422s] Level 1:colcon.colcon_core.package_identification:_identify(src/arm_controller) by extension 'colcon_meta'
[0.422s] Level 1:colcon.colcon_core.package_identification:_identify(src/arm_controller) by extensions ['ros']
[0.422s] Level 1:colcon.colcon_core.package_identification:_identify(src/arm_controller) by extension 'ros'
[0.423s] DEBUG:colcon.colcon_core.package_identification:Package 'src/arm_controller' with type 'ros.ament_cmake' and name 'arm_controller'
[0.423s] Level 1:colcon.colcon_core.package_identification:_identify(src/arm_cpp) by extensions ['ignore', 'ignore_ament_install']
[0.423s] Level 1:colcon.colcon_core.package_identification:_identify(src/arm_cpp) by extension 'ignore'
[0.423s] Level 1:colcon.colcon_core.package_identification:_identify(src/arm_cpp) by extension 'ignore_ament_install'
[0.423s] Level 1:colcon.colcon_core.package_identification:_identify(src/arm_cpp) by extensions ['colcon_pkg']
[0.423s] Level 1:colcon.colcon_core.package_identification:_identify(src/arm_cpp) by extension 'colcon_pkg'
[0.423s] Level 1:colcon.colcon_core.package_identification:_identify(src/arm_cpp) by extensions ['colcon_meta']
[0.423s] Level 1:colcon.colcon_core.package_identification:_identify(src/arm_cpp) by extension 'colcon_meta'
[0.423s] Level 1:colcon.colcon_core.package_identification:_identify(src/arm_cpp) by extensions ['ros']
[0.423s] Level 1:colcon.colcon_core.package_identification:_identify(src/arm_cpp) by extension 'ros'
[0.425s] DEBUG:colcon.colcon_core.package_identification:Package 'src/arm_cpp' with type 'ros.ament_cmake' and name 'arm_cpp'
[0.425s] Level 1:colcon.colcon_core.package_identification:_identify(src/arm_description) by extensions ['ignore', 'ignore_ament_install']
[0.425s] Level 1:colcon.colcon_core.package_identification:_identify(src/arm_description) by extension 'ignore'
[0.425s] Level 1:colcon.colcon_core.package_identification:_identify(src/arm_description) by extension 'ignore_ament_install'
[0.425s] Level 1:colcon.colcon_core.package_identification:_identify(src/arm_description) by extensions ['colcon_pkg']
[0.425s] Level 1:colcon.colcon_core.package_identification:_identify(src/arm_description) by extension 'colcon_pkg'
[0.425s] Level 1:colcon.colcon_core.package_identification:_identify(src/arm_description) by extensions ['colcon_meta']
[0.425s] Level 1:colcon.colcon_core.package_identification:_identify(src/arm_description) by extension 'colcon_meta'
[0.425s] Level 1:colcon.colcon_core.package_identification:_identify(src/arm_description) by extensions ['ros']
[0.425s] Level 1:colcon.colcon_core.package_identification:_identify(src/arm_description) by extension 'ros'
[0.426s] DEBUG:colcon.colcon_core.package_identification:Package 'src/arm_description' with type 'ros.ament_cmake' and name 'arm_description'
[0.426s] Level 1:colcon.colcon_core.package_identification:_identify(src/arm_moveit) by extensions ['ignore', 'ignore_ament_install']
[0.426s] Level 1:colcon.colcon_core.package_identification:_identify(src/arm_moveit) by extension 'ignore'
[0.426s] Level 1:colcon.colcon_core.package_identification:_identify(src/arm_moveit) by extension 'ignore_ament_install'
[0.426s] Level 1:colcon.colcon_core.package_identification:_identify(src/arm_moveit) by extensions ['colcon_pkg']
[0.426s] Level 1:colcon.colcon_core.package_identification:_identify(src/arm_moveit) by extension 'colcon_pkg'
[0.426s] Level 1:colcon.colcon_core.package_identification:_identify(src/arm_moveit) by extensions ['colcon_meta']
[0.426s] Level 1:colcon.colcon_core.package_identification:_identify(src/arm_moveit) by extension 'colcon_meta'
[0.426s] Level 1:colcon.colcon_core.package_identification:_identify(src/arm_moveit) by extensions ['ros']
[0.426s] Level 1:colcon.colcon_core.package_identification:_identify(src/arm_moveit) by extension 'ros'
[0.427s] DEBUG:colcon.colcon_core.package_identification:Package 'src/arm_moveit' with type 'ros.ament_cmake' and name 'arm_moveit'
[0.427s] Level 1:colcon.colcon_core.package_identification:_identify(src/arm_msgs) by extensions ['ignore', 'ignore_ament_install']
[0.427s] Level 1:colcon.colcon_core.package_identification:_identify(src/arm_msgs) by extension 'ignore'
[0.427s] Level 1:colcon.colcon_core.package_identification:_identify(src/arm_msgs) by extension 'ignore_ament_install'
[0.427s] Level 1:colcon.colcon_core.package_identification:_identify(src/arm_msgs) by extensions ['colcon_pkg']
[0.427s] Level 1:colcon.colcon_core.package_identification:_identify(src/arm_msgs) by extension 'colcon_pkg'
[0.427s] Level 1:colcon.colcon_core.package_identification:_identify(src/arm_msgs) by extensions ['colcon_meta']
[0.427s] Level 1:colcon.colcon_core.package_identification:_identify(src/arm_msgs) by extension 'colcon_meta'
[0.427s] Level 1:colcon.colcon_core.package_identification:_identify(src/arm_msgs) by extensions ['ros']
[0.427s] Level 1:colcon.colcon_core.package_identification:_identify(src/arm_msgs) by extension 'ros'
[0.428s] DEBUG:colcon.colcon_core.package_identification:Package 'src/arm_msgs' with type 'ros.ament_cmake' and name 'arm_msgs'
[0.428s] Level 1:colcon.colcon_core.package_identification:_identify(src/arm_py) by extensions ['ignore', 'ignore_ament_install']
[0.428s] Level 1:colcon.colcon_core.package_identification:_identify(src/arm_py) by extension 'ignore'
[0.428s] Level 1:colcon.colcon_core.package_identification:_identify(src/arm_py) by extension 'ignore_ament_install'
[0.428s] Level 1:colcon.colcon_core.package_identification:_identify(src/arm_py) by extensions ['colcon_pkg']
[0.428s] Level 1:colcon.colcon_core.package_identification:_identify(src/arm_py) by extension 'colcon_pkg'
[0.428s] Level 1:colcon.colcon_core.package_identification:_identify(src/arm_py) by extensions ['colcon_meta']
[0.428s] Level 1:colcon.colcon_core.package_identification:_identify(src/arm_py) by extension 'colcon_meta'
[0.428s] Level 1:colcon.colcon_core.package_identification:_identify(src/arm_py) by extensions ['ros']
[0.429s] Level 1:colcon.colcon_core.package_identification:_identify(src/arm_py) by extension 'ros'
[0.429s] DEBUG:colcon.colcon_core.package_identification:Package 'src/arm_py' with type 'ros.ament_python' and name 'arm_py'
[0.429s] Level 1:colcon.colcon_core.package_identification:_identify(src/arm_remote) by extensions ['ignore', 'ignore_ament_install']
[0.429s] Level 1:colcon.colcon_core.package_identification:_identify(src/arm_remote) by extension 'ignore'
[0.429s] Level 1:colcon.colcon_core.package_identification:_identify(src/arm_remote) by extension 'ignore_ament_install'
[0.429s] Level 1:colcon.colcon_core.package_identification:_identify(src/arm_remote) by extensions ['colcon_pkg']
[0.429s] Level 1:colcon.colcon_core.package_identification:_identify(src/arm_remote) by extension 'colcon_pkg'
[0.429s] Level 1:colcon.colcon_core.package_identification:_identify(src/arm_remote) by extensions ['colcon_meta']
[0.429s] Level 1:colcon.colcon_core.package_identification:_identify(src/arm_remote) by extension 'colcon_meta'
[0.429s] Level 1:colcon.colcon_core.package_identification:_identify(src/arm_remote) by extensions ['ros']
[0.429s] Level 1:colcon.colcon_core.package_identification:_identify(src/arm_remote) by extension 'ros'
[0.432s] DEBUG:colcon.colcon_core.package_identification:Package 'src/arm_remote' with type 'ros.ament_cmake' and name 'arm_remote'
[0.432s] Level 1:colcon.colcon_core.package_identification:_identify(src/arm_setup_moveit) by extensions ['ignore', 'ignore_ament_install']
[0.432s] Level 1:colcon.colcon_core.package_identification:_identify(src/arm_setup_moveit) by extension 'ignore'
[0.432s] Level 1:colcon.colcon_core.package_identification:_identify(src/arm_setup_moveit) by extension 'ignore_ament_install'
[0.432s] Level 1:colcon.colcon_core.package_identification:_identify(src/arm_setup_moveit) by extensions ['colcon_pkg']
[0.432s] Level 1:colcon.colcon_core.package_identification:_identify(src/arm_setup_moveit) by extension 'colcon_pkg'
[0.432s] Level 1:colcon.colcon_core.package_identification:_identify(src/arm_setup_moveit) by extensions ['colcon_meta']
[0.432s] Level 1:colcon.colcon_core.package_identification:_identify(src/arm_setup_moveit) by extension 'colcon_meta'
[0.432s] Level 1:colcon.colcon_core.package_identification:_identify(src/arm_setup_moveit) by extensions ['ros']
[0.432s] Level 1:colcon.colcon_core.package_identification:_identify(src/arm_setup_moveit) by extension 'ros'
[0.433s] DEBUG:colcon.colcon_core.package_identification:Package 'src/arm_setup_moveit' with type 'ros.ament_cmake' and name 'arm_setup_moveit'
[0.433s] Level 1:colcon.colcon_core.package_identification:_identify(src/build) by extensions ['ignore', 'ignore_ament_install']
[0.433s] Level 1:colcon.colcon_core.package_identification:_identify(src/build) by extension 'ignore'
[0.433s] Level 1:colcon.colcon_core.package_identification:_identify(src/build) ignored
[0.433s] Level 1:colcon.colcon_core.package_identification:_identify(src/install) by extensions ['ignore', 'ignore_ament_install']
[0.433s] Level 1:colcon.colcon_core.package_identification:_identify(src/install) by extension 'ignore'
[0.433s] Level 1:colcon.colcon_core.package_identification:_identify(src/install) ignored
[0.433s] Level 1:colcon.colcon_core.package_identification:_identify(src/log) by extensions ['ignore', 'ignore_ament_install']
[0.433s] Level 1:colcon.colcon_core.package_identification:_identify(src/log) by extension 'ignore'
[0.433s] Level 1:colcon.colcon_core.package_identification:_identify(src/log) ignored
[0.433s] Level 1:colcon.colcon_core.package_discovery:discover_packages(recursive) using defaults
[0.434s] Level 1:colcon.colcon_core.package_discovery:discover_packages(ignore) discover
[0.434s] Level 1:colcon.colcon_core.package_discovery:discover_packages(ignore) using defaults
[0.434s] Level 1:colcon.colcon_core.package_discovery:discover_packages(path) discover
[0.434s] Level 1:colcon.colcon_core.package_discovery:discover_packages(path) using defaults
[0.458s] Level 1:colcon.colcon_core.package_discovery:discover_packages(prefix_path) check parameters
[0.458s] Level 1:colcon.colcon_core.package_discovery:discover_packages(prefix_path) discover
[0.465s] DEBUG:colcon.colcon_installed_package_information.package_discovery:Found 9 installed packages in /home/albert/ag_arm_ws/install
[0.466s] DEBUG:colcon.colcon_installed_package_information.package_discovery:Found 55 installed packages in /home/albert/ws_moveit2/install
[0.467s] DEBUG:colcon.colcon_installed_package_information.package_discovery:Found 11 installed packages in /home/albert/umov_ws/install
[0.468s] DEBUG:colcon.colcon_installed_package_information.package_discovery:Found 3 installed packages in /home/albert/unav_ws/install
[0.469s] DEBUG:colcon.colcon_installed_package_information.package_discovery:Found 12 installed packages in /home/albert/udem2_ws/install
[0.470s] DEBUG:colcon.colcon_installed_package_information.package_discovery:Found 8 installed packages in /home/albert/udem_ws/install
[0.471s] DEBUG:colcon.colcon_installed_package_information.package_discovery:Found 18 installed packages in /home/albert/bcdc_ws/install
[0.471s] DEBUG:colcon.colcon_installed_package_information.package_discovery:Found 9 installed packages in /home/albert/arduinobot_ws/install
[0.472s] DEBUG:colcon.colcon_installed_package_information.package_discovery:Found 8 installed packages in /home/albert/rad_ws/install
[0.473s] DEBUG:colcon.colcon_installed_package_information.package_discovery:Found 1 installed packages in /home/albert/dev_ws/install
[0.473s] DEBUG:colcon.colcon_installed_package_information.package_discovery:Found 4 installed packages in /home/albert/ag_car_ws/install
[0.475s] DEBUG:colcon.colcon_installed_package_information.package_discovery:Found 440 installed packages in /opt/ros/humble
[0.477s] Level 1:colcon.colcon_core.package_discovery:discover_packages(prefix_path) using defaults
[0.540s] Level 5:colcon.colcon_core.verb:set package 'arm_bringup' build argument 'cmake_args' from command line to 'None'
[0.540s] Level 5:colcon.colcon_core.verb:set package 'arm_bringup' build argument 'cmake_target' from command line to 'None'
[0.540s] Level 5:colcon.colcon_core.verb:set package 'arm_bringup' build argument 'cmake_target_skip_unavailable' from command line to 'False'
[0.540s] Level 5:colcon.colcon_core.verb:set package 'arm_bringup' build argument 'cmake_clean_cache' from command line to 'False'
[0.540s] Level 5:colcon.colcon_core.verb:set package 'arm_bringup' build argument 'cmake_clean_first' from command line to 'False'
[0.540s] Level 5:colcon.colcon_core.verb:set package 'arm_bringup' build argument 'cmake_force_configure' from command line to 'False'
[0.540s] Level 5:colcon.colcon_core.verb:set package 'arm_bringup' build argument 'ament_cmake_args' from command line to 'None'
[0.540s] Level 5:colcon.colcon_core.verb:set package 'arm_bringup' build argument 'catkin_cmake_args' from command line to 'None'
[0.540s] Level 5:colcon.colcon_core.verb:set package 'arm_bringup' build argument 'catkin_skip_building_tests' from command line to 'False'
[0.540s] DEBUG:colcon.colcon_core.verb:Building package 'arm_bringup' with the following arguments: {'ament_cmake_args': None, 'build_base': '/home/albert/ag_arm_ws/build/arm_bringup', 'catkin_cmake_args': None, 'catkin_skip_building_tests': False, 'cmake_args': None, 'cmake_clean_cache': False, 'cmake_clean_first': False, 'cmake_force_configure': False, 'cmake_target': None, 'cmake_target_skip_unavailable': False, 'install_base': '/home/albert/ag_arm_ws/install/arm_bringup', 'merge_install': False, 'path': '/home/albert/ag_arm_ws/src/arm_bringup', 'symlink_install': False, 'test_result_base': None}
[0.540s] Level 5:colcon.colcon_core.verb:set package 'arm_controller' build argument 'cmake_args' from command line to 'None'
[0.540s] Level 5:colcon.colcon_core.verb:set package 'arm_controller' build argument 'cmake_target' from command line to 'None'
[0.540s] Level 5:colcon.colcon_core.verb:set package 'arm_controller' build argument 'cmake_target_skip_unavailable' from command line to 'False'
[0.540s] Level 5:colcon.colcon_core.verb:set package 'arm_controller' build argument 'cmake_clean_cache' from command line to 'False'
[0.540s] Level 5:colcon.colcon_core.verb:set package 'arm_controller' build argument 'cmake_clean_first' from command line to 'False'
[0.541s] Level 5:colcon.colcon_core.verb:set package 'arm_controller' build argument 'cmake_force_configure' from command line to 'False'
[0.541s] Level 5:colcon.colcon_core.verb:set package 'arm_controller' build argument 'ament_cmake_args' from command line to 'None'
[0.541s] Level 5:colcon.colcon_core.verb:set package 'arm_controller' build argument 'catkin_cmake_args' from command line to 'None'
[0.541s] Level 5:colcon.colcon_core.verb:set package 'arm_controller' build argument 'catkin_skip_building_tests' from command line to 'False'
[0.541s] DEBUG:colcon.colcon_core.verb:Building package 'arm_controller' with the following arguments: {'ament_cmake_args': None, 'build_base': '/home/albert/ag_arm_ws/build/arm_controller', 'catkin_cmake_args': None, 'catkin_skip_building_tests': False, 'cmake_args': None, 'cmake_clean_cache': False, 'cmake_clean_first': False, 'cmake_force_configure': False, 'cmake_target': None, 'cmake_target_skip_unavailable': False, 'install_base': '/home/albert/ag_arm_ws/install/arm_controller', 'merge_install': False, 'path': '/home/albert/ag_arm_ws/src/arm_controller', 'symlink_install': False, 'test_result_base': None}
[0.541s] Level 5:colcon.colcon_core.verb:set package 'arm_description' build argument 'cmake_args' from command line to 'None'
[0.541s] Level 5:colcon.colcon_core.verb:set package 'arm_description' build argument 'cmake_target' from command line to 'None'
[0.541s] Level 5:colcon.colcon_core.verb:set package 'arm_description' build argument 'cmake_target_skip_unavailable' from command line to 'False'
[0.541s] Level 5:colcon.colcon_core.verb:set package 'arm_description' build argument 'cmake_clean_cache' from command line to 'False'
[0.541s] Level 5:colcon.colcon_core.verb:set package 'arm_description' build argument 'cmake_clean_first' from command line to 'False'
[0.541s] Level 5:colcon.colcon_core.verb:set package 'arm_description' build argument 'cmake_force_configure' from command line to 'False'
[0.541s] Level 5:colcon.colcon_core.verb:set package 'arm_description' build argument 'ament_cmake_args' from command line to 'None'
[0.541s] Level 5:colcon.colcon_core.verb:set package 'arm_description' build argument 'catkin_cmake_args' from command line to 'None'
[0.541s] Level 5:colcon.colcon_core.verb:set package 'arm_description' build argument 'catkin_skip_building_tests' from command line to 'False'
[0.541s] DEBUG:colcon.colcon_core.verb:Building package 'arm_description' with the following arguments: {'ament_cmake_args': None, 'build_base': '/home/albert/ag_arm_ws/build/arm_description', 'catkin_cmake_args': None, 'catkin_skip_building_tests': False, 'cmake_args': None, 'cmake_clean_cache': False, 'cmake_clean_first': False, 'cmake_force_configure': False, 'cmake_target': None, 'cmake_target_skip_unavailable': False, 'install_base': '/home/albert/ag_arm_ws/install/arm_description', 'merge_install': False, 'path': '/home/albert/ag_arm_ws/src/arm_description', 'symlink_install': False, 'test_result_base': None}
[0.542s] Level 5:colcon.colcon_core.verb:set package 'arm_moveit' build argument 'cmake_args' from command line to 'None'
[0.542s] Level 5:colcon.colcon_core.verb:set package 'arm_moveit' build argument 'cmake_target' from command line to 'None'
[0.542s] Level 5:colcon.colcon_core.verb:set package 'arm_moveit' build argument 'cmake_target_skip_unavailable' from command line to 'False'
[0.542s] Level 5:colcon.colcon_core.verb:set package 'arm_moveit' build argument 'cmake_clean_cache' from command line to 'False'
[0.542s] Level 5:colcon.colcon_core.verb:set package 'arm_moveit' build argument 'cmake_clean_first' from command line to 'False'
[0.542s] Level 5:colcon.colcon_core.verb:set package 'arm_moveit' build argument 'cmake_force_configure' from command line to 'False'
[0.542s] Level 5:colcon.colcon_core.verb:set package 'arm_moveit' build argument 'ament_cmake_args' from command line to 'None'
[0.542s] Level 5:colcon.colcon_core.verb:set package 'arm_moveit' build argument 'catkin_cmake_args' from command line to 'None'
[0.542s] Level 5:colcon.colcon_core.verb:set package 'arm_moveit' build argument 'catkin_skip_building_tests' from command line to 'False'
[0.542s] DEBUG:colcon.colcon_core.verb:Building package 'arm_moveit' with the following arguments: {'ament_cmake_args': None, 'build_base': '/home/albert/ag_arm_ws/build/arm_moveit', 'catkin_cmake_args': None, 'catkin_skip_building_tests': False, 'cmake_args': None, 'cmake_clean_cache': False, 'cmake_clean_first': False, 'cmake_force_configure': False, 'cmake_target': None, 'cmake_target_skip_unavailable': False, 'install_base': '/home/albert/ag_arm_ws/install/arm_moveit', 'merge_install': False, 'path': '/home/albert/ag_arm_ws/src/arm_moveit', 'symlink_install': False, 'test_result_base': None}
[0.542s] Level 5:colcon.colcon_core.verb:set package 'arm_msgs' build argument 'cmake_args' from command line to 'None'
[0.542s] Level 5:colcon.colcon_core.verb:set package 'arm_msgs' build argument 'cmake_target' from command line to 'None'
[0.542s] Level 5:colcon.colcon_core.verb:set package 'arm_msgs' build argument 'cmake_target_skip_unavailable' from command line to 'False'
[0.542s] Level 5:colcon.colcon_core.verb:set package 'arm_msgs' build argument 'cmake_clean_cache' from command line to 'False'
[0.542s] Level 5:colcon.colcon_core.verb:set package 'arm_msgs' build argument 'cmake_clean_first' from command line to 'False'
[0.542s] Level 5:colcon.colcon_core.verb:set package 'arm_msgs' build argument 'cmake_force_configure' from command line to 'False'
[0.542s] Level 5:colcon.colcon_core.verb:set package 'arm_msgs' build argument 'ament_cmake_args' from command line to 'None'
[0.542s] Level 5:colcon.colcon_core.verb:set package 'arm_msgs' build argument 'catkin_cmake_args' from command line to 'None'
[0.542s] Level 5:colcon.colcon_core.verb:set package 'arm_msgs' build argument 'catkin_skip_building_tests' from command line to 'False'
[0.542s] DEBUG:colcon.colcon_core.verb:Building package 'arm_msgs' with the following arguments: {'ament_cmake_args': None, 'build_base': '/home/albert/ag_arm_ws/build/arm_msgs', 'catkin_cmake_args': None, 'catkin_skip_building_tests': False, 'cmake_args': None, 'cmake_clean_cache': False, 'cmake_clean_first': False, 'cmake_force_configure': False, 'cmake_target': None, 'cmake_target_skip_unavailable': False, 'install_base': '/home/albert/ag_arm_ws/install/arm_msgs', 'merge_install': False, 'path': '/home/albert/ag_arm_ws/src/arm_msgs', 'symlink_install': False, 'test_result_base': None}
[0.543s] Level 5:colcon.colcon_core.verb:set package 'arm_py' build argument 'cmake_args' from command line to 'None'
[0.543s] Level 5:colcon.colcon_core.verb:set package 'arm_py' build argument 'cmake_target' from command line to 'None'
[0.543s] Level 5:colcon.colcon_core.verb:set package 'arm_py' build argument 'cmake_target_skip_unavailable' from command line to 'False'
[0.543s] Level 5:colcon.colcon_core.verb:set package 'arm_py' build argument 'cmake_clean_cache' from command line to 'False'
[0.543s] Level 5:colcon.colcon_core.verb:set package 'arm_py' build argument 'cmake_clean_first' from command line to 'False'
[0.543s] Level 5:colcon.colcon_core.verb:set package 'arm_py' build argument 'cmake_force_configure' from command line to 'False'
[0.543s] Level 5:colcon.colcon_core.verb:set package 'arm_py' build argument 'ament_cmake_args' from command line to 'None'
[0.543s] Level 5:colcon.colcon_core.verb:set package 'arm_py' build argument 'catkin_cmake_args' from command line to 'None'
[0.543s] Level 5:colcon.colcon_core.verb:set package 'arm_py' build argument 'catkin_skip_building_tests' from command line to 'False'
[0.543s] DEBUG:colcon.colcon_core.verb:Building package 'arm_py' with the following arguments: {'ament_cmake_args': None, 'build_base': '/home/albert/ag_arm_ws/build/arm_py', 'catkin_cmake_args': None, 'catkin_skip_building_tests': False, 'cmake_args': None, 'cmake_clean_cache': False, 'cmake_clean_first': False, 'cmake_force_configure': False, 'cmake_target': None, 'cmake_target_skip_unavailable': False, 'install_base': '/home/albert/ag_arm_ws/install/arm_py', 'merge_install': False, 'path': '/home/albert/ag_arm_ws/src/arm_py', 'symlink_install': False, 'test_result_base': None}
[0.543s] Level 5:colcon.colcon_core.verb:set package 'arm_cpp' build argument 'cmake_args' from command line to 'None'
[0.543s] Level 5:colcon.colcon_core.verb:set package 'arm_cpp' build argument 'cmake_target' from command line to 'None'
[0.543s] Level 5:colcon.colcon_core.verb:set package 'arm_cpp' build argument 'cmake_target_skip_unavailable' from command line to 'False'
[0.543s] Level 5:colcon.colcon_core.verb:set package 'arm_cpp' build argument 'cmake_clean_cache' from command line to 'False'
[0.543s] Level 5:colcon.colcon_core.verb:set package 'arm_cpp' build argument 'cmake_clean_first' from command line to 'False'
[0.543s] Level 5:colcon.colcon_core.verb:set package 'arm_cpp' build argument 'cmake_force_configure' from command line to 'False'
[0.543s] Level 5:colcon.colcon_core.verb:set package 'arm_cpp' build argument 'ament_cmake_args' from command line to 'None'
[0.543s] Level 5:colcon.colcon_core.verb:set package 'arm_cpp' build argument 'catkin_cmake_args' from command line to 'None'
[0.543s] Level 5:colcon.colcon_core.verb:set package 'arm_cpp' build argument 'catkin_skip_building_tests' from command line to 'False'
[0.543s] DEBUG:colcon.colcon_core.verb:Building package 'arm_cpp' with the following arguments: {'ament_cmake_args': None, 'build_base': '/home/albert/ag_arm_ws/build/arm_cpp', 'catkin_cmake_args': None, 'catkin_skip_building_tests': False, 'cmake_args': None, 'cmake_clean_cache': False, 'cmake_clean_first': False, 'cmake_force_configure': False, 'cmake_target': None, 'cmake_target_skip_unavailable': False, 'install_base': '/home/albert/ag_arm_ws/install/arm_cpp', 'merge_install': False, 'path': '/home/albert/ag_arm_ws/src/arm_cpp', 'symlink_install': False, 'test_result_base': None}
[0.544s] Level 5:colcon.colcon_core.verb:set package 'arm_remote' build argument 'cmake_args' from command line to 'None'
[0.544s] Level 5:colcon.colcon_core.verb:set package 'arm_remote' build argument 'cmake_target' from command line to 'None'
[0.544s] Level 5:colcon.colcon_core.verb:set package 'arm_remote' build argument 'cmake_target_skip_unavailable' from command line to 'False'
[0.544s] Level 5:colcon.colcon_core.verb:set package 'arm_remote' build argument 'cmake_clean_cache' from command line to 'False'
[0.544s] Level 5:colcon.colcon_core.verb:set package 'arm_remote' build argument 'cmake_clean_first' from command line to 'False'
[0.544s] Level 5:colcon.colcon_core.verb:set package 'arm_remote' build argument 'cmake_force_configure' from command line to 'False'
[0.544s] Level 5:colcon.colcon_core.verb:set package 'arm_remote' build argument 'ament_cmake_args' from command line to 'None'
[0.544s] Level 5:colcon.colcon_core.verb:set package 'arm_remote' build argument 'catkin_cmake_args' from command line to 'None'
[0.544s] Level 5:colcon.colcon_core.verb:set package 'arm_remote' build argument 'catkin_skip_building_tests' from command line to 'False'
[0.544s] DEBUG:colcon.colcon_core.verb:Building package 'arm_remote' with the following arguments: {'ament_cmake_args': None, 'build_base': '/home/albert/ag_arm_ws/build/arm_remote', 'catkin_cmake_args': None, 'catkin_skip_building_tests': False, 'cmake_args': None, 'cmake_clean_cache': False, 'cmake_clean_first': False, 'cmake_force_configure': False, 'cmake_target': None, 'cmake_target_skip_unavailable': False, 'install_base': '/home/albert/ag_arm_ws/install/arm_remote', 'merge_install': False, 'path': '/home/albert/ag_arm_ws/src/arm_remote', 'symlink_install': False, 'test_result_base': None}
[0.544s] Level 5:colcon.colcon_core.verb:set package 'arm_setup_moveit' build argument 'cmake_args' from command line to 'None'
[0.544s] Level 5:colcon.colcon_core.verb:set package 'arm_setup_moveit' build argument 'cmake_target' from command line to 'None'
[0.544s] Level 5:colcon.colcon_core.verb:set package 'arm_setup_moveit' build argument 'cmake_target_skip_unavailable' from command line to 'False'
[0.544s] Level 5:colcon.colcon_core.verb:set package 'arm_setup_moveit' build argument 'cmake_clean_cache' from command line to 'False'
[0.544s] Level 5:colcon.colcon_core.verb:set package 'arm_setup_moveit' build argument 'cmake_clean_first' from command line to 'False'
[0.545s] Level 5:colcon.colcon_core.verb:set package 'arm_setup_moveit' build argument 'cmake_force_configure' from command line to 'False'
[0.545s] Level 5:colcon.colcon_core.verb:set package 'arm_setup_moveit' build argument 'ament_cmake_args' from command line to 'None'
[0.545s] Level 5:colcon.colcon_core.verb:set package 'arm_setup_moveit' build argument 'catkin_cmake_args' from command line to 'None'
[0.545s] Level 5:colcon.colcon_core.verb:set package 'arm_setup_moveit' build argument 'catkin_skip_building_tests' from command line to 'False'
[0.545s] DEBUG:colcon.colcon_core.verb:Building package 'arm_setup_moveit' with the following arguments: {'ament_cmake_args': None, 'build_base': '/home/albert/ag_arm_ws/build/arm_setup_moveit', 'catkin_cmake_args': None, 'catkin_skip_building_tests': False, 'cmake_args': None, 'cmake_clean_cache': False, 'cmake_clean_first': False, 'cmake_force_configure': False, 'cmake_target': None, 'cmake_target_skip_unavailable': False, 'install_base': '/home/albert/ag_arm_ws/install/arm_setup_moveit', 'merge_install': False, 'path': '/home/albert/ag_arm_ws/src/arm_setup_moveit', 'symlink_install': False, 'test_result_base': None}
[0.545s] INFO:colcon.colcon_core.executor:Executing jobs using 'parallel' executor
[0.546s] DEBUG:colcon.colcon_parallel_executor.executor.parallel:run_until_complete
[0.546s] INFO:colcon.colcon_ros.task.ament_cmake.build:Building ROS package in '/home/albert/ag_arm_ws/src/arm_msgs' with build type 'ament_cmake'
[0.546s] INFO:colcon.colcon_cmake.task.cmake.build:Building CMake package in '/home/albert/ag_arm_ws/src/arm_msgs'
[0.549s] INFO:colcon.colcon_core.plugin_system:Skipping extension 'colcon_core.shell.bat': Not used on non-Windows systems
[0.549s] INFO:colcon.colcon_core.shell:Skip shell extension 'powershell' for command environment: Not usable outside of PowerShell
[0.549s] DEBUG:colcon.colcon_core.shell:Skip shell extension 'dsv' for command environment
[0.564s] INFO:colcon.colcon_ros.task.ament_cmake.build:Building ROS package in '/home/albert/ag_arm_ws/src/arm_description' with build type 'ament_cmake'
[0.565s] INFO:colcon.colcon_cmake.task.cmake.build:Building CMake package in '/home/albert/ag_arm_ws/src/arm_description'
[0.565s] INFO:colcon.colcon_core.shell:Skip shell extension 'powershell' for command environment: Not usable outside of PowerShell
[0.565s] DEBUG:colcon.colcon_core.shell:Skip shell extension 'dsv' for command environment
[0.580s] INFO:colcon.colcon_ros.task.ament_cmake.build:Building ROS package in '/home/albert/ag_arm_ws/src/arm_moveit' with build type 'ament_cmake'
[0.580s] INFO:colcon.colcon_cmake.task.cmake.build:Building CMake package in '/home/albert/ag_arm_ws/src/arm_moveit'
[0.581s] INFO:colcon.colcon_core.shell:Skip shell extension 'powershell' for command environment: Not usable outside of PowerShell
[0.581s] DEBUG:colcon.colcon_core.shell:Skip shell extension 'dsv' for command environment
[0.596s] INFO:colcon.colcon_ros.task.ament_cmake.build:Building ROS package in '/home/albert/ag_arm_ws/src/arm_bringup' with build type 'ament_cmake'
[0.596s] INFO:colcon.colcon_cmake.task.cmake.build:Building CMake package in '/home/albert/ag_arm_ws/src/arm_bringup'
[0.596s] INFO:colcon.colcon_core.shell:Skip shell extension 'powershell' for command environment: Not usable outside of PowerShell
[0.596s] DEBUG:colcon.colcon_core.shell:Skip shell extension 'dsv' for command environment
[0.614s] INFO:colcon.colcon_ros.task.ament_cmake.build:Building ROS package in '/home/albert/ag_arm_ws/src/arm_controller' with build type 'ament_cmake'
[0.614s] INFO:colcon.colcon_cmake.task.cmake.build:Building CMake package in '/home/albert/ag_arm_ws/src/arm_controller'
[0.614s] INFO:colcon.colcon_core.shell:Skip shell extension 'powershell' for command environment: Not usable outside of PowerShell
[0.614s] DEBUG:colcon.colcon_core.shell:Skip shell extension 'dsv' for command environment
[0.629s] INFO:colcon.colcon_ros.task.ament_python.build:Building ROS package in '/home/albert/ag_arm_ws/src/arm_py' with build type 'ament_python'
[0.630s] Level 1:colcon.colcon_core.shell:create_environment_hook('arm_py', 'ament_prefix_path')
[0.630s] INFO:colcon.colcon_core.shell:Creating environment hook '/home/albert/ag_arm_ws/install/arm_py/share/arm_py/hook/ament_prefix_path.ps1'
[0.630s] INFO:colcon.colcon_core.shell:Creating environment descriptor '/home/albert/ag_arm_ws/install/arm_py/share/arm_py/hook/ament_prefix_path.dsv'
[0.631s] INFO:colcon.colcon_core.shell:Creating environment hook '/home/albert/ag_arm_ws/install/arm_py/share/arm_py/hook/ament_prefix_path.sh'
[0.631s] INFO:colcon.colcon_core.shell:Skip shell extension 'powershell' for command environment: Not usable outside of PowerShell
[0.631s] DEBUG:colcon.colcon_core.shell:Skip shell extension 'dsv' for command environment
[0.653s] DEBUG:colcon.colcon_core.event_handler.log_command:Invoking command in '/home/albert/ag_arm_ws/build/arm_msgs': CMAKE_PREFIX_PATH=${CMAKE_PREFIX_PATH}:/home/albert/ag_arm_ws/install/arm_py:/home/albert/ws_moveit2/install/moveit_configs_utils:/home/albert/ws_moveit2/install/launch_param_builder:/home/albert/umov_ws/install/arduino_py_examples:/home/albert/udem2_ws/install/actions_py:/home/albert/udem2_ws/install/lifecycle_py:/home/albert/udem2_ws/install/executors_py:/home/albert/udem2_ws/install/components_py:/home/albert/udem_ws/install/turtlesim_catcher:/home/albert/udem_ws/install/my_py_pkg:/home/albert/udem_ws/install/lifecycle_py:/home/albert/bcdc_ws/install/agbot_teleop:/home/albert/bcdc_ws/install/agbot_py:/home/albert/arduinobot_ws/install/arduinobot_py_examples:/opt/ros/humble /home/albert/.local/bin/cmake --build /home/albert/ag_arm_ws/build/arm_msgs -- -j8 -l8
[0.661s] DEBUG:colcon.colcon_core.event_handler.log_command:Invoking command in '/home/albert/ag_arm_ws/build/arm_description': CMAKE_PREFIX_PATH=${CMAKE_PREFIX_PATH}:/home/albert/ag_arm_ws/install/arm_py:/home/albert/ws_moveit2/install/moveit_configs_utils:/home/albert/ws_moveit2/install/launch_param_builder:/home/albert/umov_ws/install/arduino_py_examples:/home/albert/udem2_ws/install/actions_py:/home/albert/udem2_ws/install/lifecycle_py:/home/albert/udem2_ws/install/executors_py:/home/albert/udem2_ws/install/components_py:/home/albert/udem_ws/install/turtlesim_catcher:/home/albert/udem_ws/install/my_py_pkg:/home/albert/udem_ws/install/lifecycle_py:/home/albert/bcdc_ws/install/agbot_teleop:/home/albert/bcdc_ws/install/agbot_py:/home/albert/arduinobot_ws/install/arduinobot_py_examples:/opt/ros/humble /home/albert/.local/bin/cmake --build /home/albert/ag_arm_ws/build/arm_description -- -j8 -l8
[0.665s] DEBUG:colcon.colcon_core.event_handler.log_command:Invoking command in '/home/albert/ag_arm_ws/build/arm_moveit': CMAKE_PREFIX_PATH=${CMAKE_PREFIX_PATH}:/home/albert/ag_arm_ws/install/arm_py:/home/albert/ws_moveit2/install/moveit_configs_utils:/home/albert/ws_moveit2/install/launch_param_builder:/home/albert/umov_ws/install/arduino_py_examples:/home/albert/udem2_ws/install/actions_py:/home/albert/udem2_ws/install/lifecycle_py:/home/albert/udem2_ws/install/executors_py:/home/albert/udem2_ws/install/components_py:/home/albert/udem_ws/install/turtlesim_catcher:/home/albert/udem_ws/install/my_py_pkg:/home/albert/udem_ws/install/lifecycle_py:/home/albert/bcdc_ws/install/agbot_teleop:/home/albert/bcdc_ws/install/agbot_py:/home/albert/arduinobot_ws/install/arduinobot_py_examples:/opt/ros/humble /home/albert/.local/bin/cmake --build /home/albert/ag_arm_ws/build/arm_moveit -- -j8 -l8
[0.671s] DEBUG:colcon.colcon_core.event_handler.log_command:Invoking command in '/home/albert/ag_arm_ws/build/arm_bringup': CMAKE_PREFIX_PATH=${CMAKE_PREFIX_PATH}:/home/albert/ag_arm_ws/install/arm_py:/home/albert/ws_moveit2/install/moveit_configs_utils:/home/albert/ws_moveit2/install/launch_param_builder:/home/albert/umov_ws/install/arduino_py_examples:/home/albert/udem2_ws/install/actions_py:/home/albert/udem2_ws/install/lifecycle_py:/home/albert/udem2_ws/install/executors_py:/home/albert/udem2_ws/install/components_py:/home/albert/udem_ws/install/turtlesim_catcher:/home/albert/udem_ws/install/my_py_pkg:/home/albert/udem_ws/install/lifecycle_py:/home/albert/bcdc_ws/install/agbot_teleop:/home/albert/bcdc_ws/install/agbot_py:/home/albert/arduinobot_ws/install/arduinobot_py_examples:/opt/ros/humble /home/albert/.local/bin/cmake --build /home/albert/ag_arm_ws/build/arm_bringup -- -j8 -l8
[0.676s] DEBUG:colcon.colcon_core.event_handler.log_command:Invoking command in '/home/albert/ag_arm_ws/build/arm_controller': CMAKE_PREFIX_PATH=${CMAKE_PREFIX_PATH}:/home/albert/ag_arm_ws/install/arm_py:/home/albert/ws_moveit2/install/moveit_configs_utils:/home/albert/ws_moveit2/install/launch_param_builder:/home/albert/umov_ws/install/arduino_py_examples:/home/albert/udem2_ws/install/actions_py:/home/albert/udem2_ws/install/lifecycle_py:/home/albert/udem2_ws/install/executors_py:/home/albert/udem2_ws/install/components_py:/home/albert/udem_ws/install/turtlesim_catcher:/home/albert/udem_ws/install/my_py_pkg:/home/albert/udem_ws/install/lifecycle_py:/home/albert/bcdc_ws/install/agbot_teleop:/home/albert/bcdc_ws/install/agbot_py:/home/albert/arduinobot_ws/install/arduinobot_py_examples:/opt/ros/humble /home/albert/.local/bin/cmake --build /home/albert/ag_arm_ws/build/arm_controller -- -j8 -l8
[1.229s] INFO:colcon.colcon_core.task.python.build:Building Python package in '/home/albert/ag_arm_ws/src/arm_py'
[1.230s] INFO:colcon.colcon_core.shell:Skip shell extension 'powershell' for command environment: Not usable outside of PowerShell
[1.230s] DEBUG:colcon.colcon_core.shell:Skip shell extension 'dsv' for command environment
[1.251s] DEBUG:colcon.colcon_core.event_handler.log_command:Invoked command in '/home/albert/ag_arm_ws/build/arm_description' returned '0': CMAKE_PREFIX_PATH=${CMAKE_PREFIX_PATH}:/home/albert/ag_arm_ws/install/arm_py:/home/albert/ws_moveit2/install/moveit_configs_utils:/home/albert/ws_moveit2/install/launch_param_builder:/home/albert/umov_ws/install/arduino_py_examples:/home/albert/udem2_ws/install/actions_py:/home/albert/udem2_ws/install/lifecycle_py:/home/albert/udem2_ws/install/executors_py:/home/albert/udem2_ws/install/components_py:/home/albert/udem_ws/install/turtlesim_catcher:/home/albert/udem_ws/install/my_py_pkg:/home/albert/udem_ws/install/lifecycle_py:/home/albert/bcdc_ws/install/agbot_teleop:/home/albert/bcdc_ws/install/agbot_py:/home/albert/arduinobot_ws/install/arduinobot_py_examples:/opt/ros/humble /home/albert/.local/bin/cmake --build /home/albert/ag_arm_ws/build/arm_description -- -j8 -l8
[1.258s] DEBUG:colcon.colcon_core.event_handler.log_command:Invoking command in '/home/albert/ag_arm_ws/build/arm_description': CMAKE_PREFIX_PATH=${CMAKE_PREFIX_PATH}:/home/albert/ag_arm_ws/install/arm_py:/home/albert/ws_moveit2/install/moveit_configs_utils:/home/albert/ws_moveit2/install/launch_param_builder:/home/albert/umov_ws/install/arduino_py_examples:/home/albert/udem2_ws/install/actions_py:/home/albert/udem2_ws/install/lifecycle_py:/home/albert/udem2_ws/install/executors_py:/home/albert/udem2_ws/install/components_py:/home/albert/udem_ws/install/turtlesim_catcher:/home/albert/udem_ws/install/my_py_pkg:/home/albert/udem_ws/install/lifecycle_py:/home/albert/bcdc_ws/install/agbot_teleop:/home/albert/bcdc_ws/install/agbot_py:/home/albert/arduinobot_ws/install/arduinobot_py_examples:/opt/ros/humble /home/albert/.local/bin/cmake --install /home/albert/ag_arm_ws/build/arm_description
[1.259s] DEBUG:colcon.colcon_core.event_handler.log_command:Invoked command in '/home/albert/ag_arm_ws/build/arm_moveit' returned '0': CMAKE_PREFIX_PATH=${CMAKE_PREFIX_PATH}:/home/albert/ag_arm_ws/install/arm_py:/home/albert/ws_moveit2/install/moveit_configs_utils:/home/albert/ws_moveit2/install/launch_param_builder:/home/albert/umov_ws/install/arduino_py_examples:/home/albert/udem2_ws/install/actions_py:/home/albert/udem2_ws/install/lifecycle_py:/home/albert/udem2_ws/install/executors_py:/home/albert/udem2_ws/install/components_py:/home/albert/udem_ws/install/turtlesim_catcher:/home/albert/udem_ws/install/my_py_pkg:/home/albert/udem_ws/install/lifecycle_py:/home/albert/bcdc_ws/install/agbot_teleop:/home/albert/bcdc_ws/install/agbot_py:/home/albert/arduinobot_ws/install/arduinobot_py_examples:/opt/ros/humble /home/albert/.local/bin/cmake --build /home/albert/ag_arm_ws/build/arm_moveit -- -j8 -l8
[1.261s] DEBUG:colcon.colcon_core.event_handler.log_command:Invoking command in '/home/albert/ag_arm_ws/build/arm_moveit': CMAKE_PREFIX_PATH=${CMAKE_PREFIX_PATH}:/home/albert/ag_arm_ws/install/arm_py:/home/albert/ws_moveit2/install/moveit_configs_utils:/home/albert/ws_moveit2/install/launch_param_builder:/home/albert/umov_ws/install/arduino_py_examples:/home/albert/udem2_ws/install/actions_py:/home/albert/udem2_ws/install/lifecycle_py:/home/albert/udem2_ws/install/executors_py:/home/albert/udem2_ws/install/components_py:/home/albert/udem_ws/install/turtlesim_catcher:/home/albert/udem_ws/install/my_py_pkg:/home/albert/udem_ws/install/lifecycle_py:/home/albert/bcdc_ws/install/agbot_teleop:/home/albert/bcdc_ws/install/agbot_py:/home/albert/arduinobot_ws/install/arduinobot_py_examples:/opt/ros/humble /home/albert/.local/bin/cmake --install /home/albert/ag_arm_ws/build/arm_moveit
[1.262s] DEBUG:colcon.colcon_core.event_handler.log_command:Invoked command in '/home/albert/ag_arm_ws/build/arm_controller' returned '0': CMAKE_PREFIX_PATH=${CMAKE_PREFIX_PATH}:/home/albert/ag_arm_ws/install/arm_py:/home/albert/ws_moveit2/install/moveit_configs_utils:/home/albert/ws_moveit2/install/launch_param_builder:/home/albert/umov_ws/install/arduino_py_examples:/home/albert/udem2_ws/install/actions_py:/home/albert/udem2_ws/install/lifecycle_py:/home/albert/udem2_ws/install/executors_py:/home/albert/udem2_ws/install/components_py:/home/albert/udem_ws/install/turtlesim_catcher:/home/albert/udem_ws/install/my_py_pkg:/home/albert/udem_ws/install/lifecycle_py:/home/albert/bcdc_ws/install/agbot_teleop:/home/albert/bcdc_ws/install/agbot_py:/home/albert/arduinobot_ws/install/arduinobot_py_examples:/opt/ros/humble /home/albert/.local/bin/cmake --build /home/albert/ag_arm_ws/build/arm_controller -- -j8 -l8
[1.264s] DEBUG:colcon.colcon_core.event_handler.log_command:Invoking command in '/home/albert/ag_arm_ws/build/arm_controller': CMAKE_PREFIX_PATH=${CMAKE_PREFIX_PATH}:/home/albert/ag_arm_ws/install/arm_py:/home/albert/ws_moveit2/install/moveit_configs_utils:/home/albert/ws_moveit2/install/launch_param_builder:/home/albert/umov_ws/install/arduino_py_examples:/home/albert/udem2_ws/install/actions_py:/home/albert/udem2_ws/install/lifecycle_py:/home/albert/udem2_ws/install/executors_py:/home/albert/udem2_ws/install/components_py:/home/albert/udem_ws/install/turtlesim_catcher:/home/albert/udem_ws/install/my_py_pkg:/home/albert/udem_ws/install/lifecycle_py:/home/albert/bcdc_ws/install/agbot_teleop:/home/albert/bcdc_ws/install/agbot_py:/home/albert/arduinobot_ws/install/arduinobot_py_examples:/opt/ros/humble /home/albert/.local/bin/cmake --install /home/albert/ag_arm_ws/build/arm_controller
[1.265s] DEBUG:colcon.colcon_core.event_handler.log_command:Invoked command in '/home/albert/ag_arm_ws/build/arm_msgs' returned '0': CMAKE_PREFIX_PATH=${CMAKE_PREFIX_PATH}:/home/albert/ag_arm_ws/install/arm_py:/home/albert/ws_moveit2/install/moveit_configs_utils:/home/albert/ws_moveit2/install/launch_param_builder:/home/albert/umov_ws/install/arduino_py_examples:/home/albert/udem2_ws/install/actions_py:/home/albert/udem2_ws/install/lifecycle_py:/home/albert/udem2_ws/install/executors_py:/home/albert/udem2_ws/install/components_py:/home/albert/udem_ws/install/turtlesim_catcher:/home/albert/udem_ws/install/my_py_pkg:/home/albert/udem_ws/install/lifecycle_py:/home/albert/bcdc_ws/install/agbot_teleop:/home/albert/bcdc_ws/install/agbot_py:/home/albert/arduinobot_ws/install/arduinobot_py_examples:/opt/ros/humble /home/albert/.local/bin/cmake --build /home/albert/ag_arm_ws/build/arm_msgs -- -j8 -l8
[1.269s] DEBUG:colcon.colcon_core.event_handler.log_command:Invoking command in '/home/albert/ag_arm_ws/build/arm_msgs': CMAKE_PREFIX_PATH=${CMAKE_PREFIX_PATH}:/home/albert/ag_arm_ws/install/arm_py:/home/albert/ws_moveit2/install/moveit_configs_utils:/home/albert/ws_moveit2/install/launch_param_builder:/home/albert/umov_ws/install/arduino_py_examples:/home/albert/udem2_ws/install/actions_py:/home/albert/udem2_ws/install/lifecycle_py:/home/albert/udem2_ws/install/executors_py:/home/albert/udem2_ws/install/components_py:/home/albert/udem_ws/install/turtlesim_catcher:/home/albert/udem_ws/install/my_py_pkg:/home/albert/udem_ws/install/lifecycle_py:/home/albert/bcdc_ws/install/agbot_teleop:/home/albert/bcdc_ws/install/agbot_py:/home/albert/arduinobot_ws/install/arduinobot_py_examples:/opt/ros/humble /home/albert/.local/bin/cmake --install /home/albert/ag_arm_ws/build/arm_msgs
[1.269s] DEBUG:colcon.colcon_core.event_handler.log_command:Invoked command in '/home/albert/ag_arm_ws/build/arm_bringup' returned '0': CMAKE_PREFIX_PATH=${CMAKE_PREFIX_PATH}:/home/albert/ag_arm_ws/install/arm_py:/home/albert/ws_moveit2/install/moveit_configs_utils:/home/albert/ws_moveit2/install/launch_param_builder:/home/albert/umov_ws/install/arduino_py_examples:/home/albert/udem2_ws/install/actions_py:/home/albert/udem2_ws/install/lifecycle_py:/home/albert/udem2_ws/install/executors_py:/home/albert/udem2_ws/install/components_py:/home/albert/udem_ws/install/turtlesim_catcher:/home/albert/udem_ws/install/my_py_pkg:/home/albert/udem_ws/install/lifecycle_py:/home/albert/bcdc_ws/install/agbot_teleop:/home/albert/bcdc_ws/install/agbot_py:/home/albert/arduinobot_ws/install/arduinobot_py_examples:/opt/ros/humble /home/albert/.local/bin/cmake --build /home/albert/ag_arm_ws/build/arm_bringup -- -j8 -l8
[1.272s] DEBUG:colcon.colcon_core.event_handler.log_command:Invoking command in '/home/albert/ag_arm_ws/build/arm_bringup': CMAKE_PREFIX_PATH=${CMAKE_PREFIX_PATH}:/home/albert/ag_arm_ws/install/arm_py:/home/albert/ws_moveit2/install/moveit_configs_utils:/home/albert/ws_moveit2/install/launch_param_builder:/home/albert/umov_ws/install/arduino_py_examples:/home/albert/udem2_ws/install/actions_py:/home/albert/udem2_ws/install/lifecycle_py:/home/albert/udem2_ws/install/executors_py:/home/albert/udem2_ws/install/components_py:/home/albert/udem_ws/install/turtlesim_catcher:/home/albert/udem_ws/install/my_py_pkg:/home/albert/udem_ws/install/lifecycle_py:/home/albert/bcdc_ws/install/agbot_teleop:/home/albert/bcdc_ws/install/agbot_py:/home/albert/arduinobot_ws/install/arduinobot_py_examples:/opt/ros/humble /home/albert/.local/bin/cmake --install /home/albert/ag_arm_ws/build/arm_bringup
[1.283s] Level 1:colcon.colcon_core.environment:create_environment_scripts_only(arm_moveit)
[1.300s] Level 1:colcon.colcon_core.environment:checking '/home/albert/ag_arm_ws/install/arm_moveit' for CMake module files
[1.302s] Level 1:colcon.colcon_core.environment:checking '/home/albert/ag_arm_ws/install/arm_moveit' for CMake config files
[1.310s] Level 1:colcon.colcon_core.shell:create_environment_hook('arm_moveit', 'cmake_prefix_path')
[1.310s] INFO:colcon.colcon_core.shell:Creating environment hook '/home/albert/ag_arm_ws/install/arm_moveit/share/arm_moveit/hook/cmake_prefix_path.ps1'
[1.312s] INFO:colcon.colcon_core.shell:Creating environment descriptor '/home/albert/ag_arm_ws/install/arm_moveit/share/arm_moveit/hook/cmake_prefix_path.dsv'
[1.312s] INFO:colcon.colcon_core.shell:Creating environment hook '/home/albert/ag_arm_ws/install/arm_moveit/share/arm_moveit/hook/cmake_prefix_path.sh'
[1.314s] Level 1:colcon.colcon_core.environment:checking '/home/albert/ag_arm_ws/install/arm_moveit/bin'
[1.314s] Level 1:colcon.colcon_core.environment:checking '/home/albert/ag_arm_ws/install/arm_moveit/lib/pkgconfig/arm_moveit.pc'
[1.314s] Level 1:colcon.colcon_core.environment:checking '/home/albert/ag_arm_ws/install/arm_moveit/lib/python3.10/site-packages'
[1.315s] Level 1:colcon.colcon_core.environment:checking '/home/albert/ag_arm_ws/install/arm_moveit/bin'
[1.315s] INFO:colcon.colcon_core.shell:Creating package script '/home/albert/ag_arm_ws/install/arm_moveit/share/arm_moveit/package.ps1'
[1.317s] DEBUG:colcon.colcon_core.event_handler.log_command:Invoked command in '/home/albert/ag_arm_ws/build/arm_moveit' returned '0': CMAKE_PREFIX_PATH=${CMAKE_PREFIX_PATH}:/home/albert/ag_arm_ws/install/arm_py:/home/albert/ws_moveit2/install/moveit_configs_utils:/home/albert/ws_moveit2/install/launch_param_builder:/home/albert/umov_ws/install/arduino_py_examples:/home/albert/udem2_ws/install/actions_py:/home/albert/udem2_ws/install/lifecycle_py:/home/albert/udem2_ws/install/executors_py:/home/albert/udem2_ws/install/components_py:/home/albert/udem_ws/install/turtlesim_catcher:/home/albert/udem_ws/install/my_py_pkg:/home/albert/udem_ws/install/lifecycle_py:/home/albert/bcdc_ws/install/agbot_teleop:/home/albert/bcdc_ws/install/agbot_py:/home/albert/arduinobot_ws/install/arduinobot_py_examples:/opt/ros/humble /home/albert/.local/bin/cmake --install /home/albert/ag_arm_ws/build/arm_moveit
[1.319s] INFO:colcon.colcon_core.shell:Creating package descriptor '/home/albert/ag_arm_ws/install/arm_moveit/share/arm_moveit/package.dsv'
[1.320s] INFO:colcon.colcon_core.shell:Creating package script '/home/albert/ag_arm_ws/install/arm_moveit/share/arm_moveit/package.sh'
[1.321s] INFO:colcon.colcon_core.shell:Creating package script '/home/albert/ag_arm_ws/install/arm_moveit/share/arm_moveit/package.bash'
[1.323s] INFO:colcon.colcon_core.shell:Creating package script '/home/albert/ag_arm_ws/install/arm_moveit/share/arm_moveit/package.zsh'
[1.324s] Level 1:colcon.colcon_core.environment:create_file_with_runtime_dependencies(/home/albert/ag_arm_ws/install/arm_moveit/share/colcon-core/packages/arm_moveit)
[1.325s] Level 1:colcon.colcon_core.environment:create_environment_scripts_only(arm_moveit)
[1.325s] Level 1:colcon.colcon_core.environment:checking '/home/albert/ag_arm_ws/install/arm_moveit' for CMake module files
[1.326s] Level 1:colcon.colcon_core.environment:checking '/home/albert/ag_arm_ws/install/arm_moveit' for CMake config files
[1.326s] Level 1:colcon.colcon_core.shell:create_environment_hook('arm_moveit', 'cmake_prefix_path')
[1.326s] INFO:colcon.colcon_core.shell:Creating environment hook '/home/albert/ag_arm_ws/install/arm_moveit/share/arm_moveit/hook/cmake_prefix_path.ps1'
[1.327s] INFO:colcon.colcon_core.shell:Creating environment descriptor '/home/albert/ag_arm_ws/install/arm_moveit/share/arm_moveit/hook/cmake_prefix_path.dsv'
[1.327s] INFO:colcon.colcon_core.shell:Creating environment hook '/home/albert/ag_arm_ws/install/arm_moveit/share/arm_moveit/hook/cmake_prefix_path.sh'
[1.328s] Level 1:colcon.colcon_core.environment:checking '/home/albert/ag_arm_ws/install/arm_moveit/bin'
[1.328s] Level 1:colcon.colcon_core.environment:checking '/home/albert/ag_arm_ws/install/arm_moveit/lib/pkgconfig/arm_moveit.pc'
[1.329s] Level 1:colcon.colcon_core.environment:checking '/home/albert/ag_arm_ws/install/arm_moveit/lib/python3.10/site-packages'
[1.329s] Level 1:colcon.colcon_core.environment:checking '/home/albert/ag_arm_ws/install/arm_moveit/bin'
[1.330s] INFO:colcon.colcon_core.shell:Creating package script '/home/albert/ag_arm_ws/install/arm_moveit/share/arm_moveit/package.ps1'
[1.330s] INFO:colcon.colcon_core.shell:Creating package descriptor '/home/albert/ag_arm_ws/install/arm_moveit/share/arm_moveit/package.dsv'
[1.331s] INFO:colcon.colcon_core.shell:Creating package script '/home/albert/ag_arm_ws/install/arm_moveit/share/arm_moveit/package.sh'
[1.332s] INFO:colcon.colcon_core.shell:Creating package script '/home/albert/ag_arm_ws/install/arm_moveit/share/arm_moveit/package.bash'
[1.333s] INFO:colcon.colcon_core.shell:Creating package script '/home/albert/ag_arm_ws/install/arm_moveit/share/arm_moveit/package.zsh'
[1.333s] Level 1:colcon.colcon_core.environment:create_file_with_runtime_dependencies(/home/albert/ag_arm_ws/install/arm_moveit/share/colcon-core/packages/arm_moveit)
[1.334s] Level 1:colcon.colcon_core.environment:create_environment_scripts_only(arm_description)
[1.335s] Level 1:colcon.colcon_core.environment:checking '/home/albert/ag_arm_ws/install/arm_description' for CMake module files
[1.336s] Level 1:colcon.colcon_core.environment:checking '/home/albert/ag_arm_ws/install/arm_description' for CMake config files
[1.337s] DEBUG:colcon.colcon_core.event_handler.log_command:Invoked command in '/home/albert/ag_arm_ws/build/arm_description' returned '0': CMAKE_PREFIX_PATH=${CMAKE_PREFIX_PATH}:/home/albert/ag_arm_ws/install/arm_py:/home/albert/ws_moveit2/install/moveit_configs_utils:/home/albert/ws_moveit2/install/launch_param_builder:/home/albert/umov_ws/install/arduino_py_examples:/home/albert/udem2_ws/install/actions_py:/home/albert/udem2_ws/install/lifecycle_py:/home/albert/udem2_ws/install/executors_py:/home/albert/udem2_ws/install/components_py:/home/albert/udem_ws/install/turtlesim_catcher:/home/albert/udem_ws/install/my_py_pkg:/home/albert/udem_ws/install/lifecycle_py:/home/albert/bcdc_ws/install/agbot_teleop:/home/albert/bcdc_ws/install/agbot_py:/home/albert/arduinobot_ws/install/arduinobot_py_examples:/opt/ros/humble /home/albert/.local/bin/cmake --install /home/albert/ag_arm_ws/build/arm_description
[1.337s] Level 1:colcon.colcon_core.shell:create_environment_hook('arm_description', 'cmake_prefix_path')
[1.338s] INFO:colcon.colcon_core.shell:Creating environment hook '/home/albert/ag_arm_ws/install/arm_description/share/arm_description/hook/cmake_prefix_path.ps1'
[1.338s] INFO:colcon.colcon_core.shell:Creating environment descriptor '/home/albert/ag_arm_ws/install/arm_description/share/arm_description/hook/cmake_prefix_path.dsv'
[1.339s] INFO:colcon.colcon_core.shell:Creating environment hook '/home/albert/ag_arm_ws/install/arm_description/share/arm_description/hook/cmake_prefix_path.sh'
[1.340s] Level 1:colcon.colcon_core.environment:checking '/home/albert/ag_arm_ws/install/arm_description/bin'
[1.340s] Level 1:colcon.colcon_core.environment:checking '/home/albert/ag_arm_ws/install/arm_description/lib/pkgconfig/arm_description.pc'
[1.340s] Level 1:colcon.colcon_core.environment:checking '/home/albert/ag_arm_ws/install/arm_description/lib/python3.10/site-packages'
[1.340s] Level 1:colcon.colcon_core.environment:checking '/home/albert/ag_arm_ws/install/arm_description/bin'
[1.341s] INFO:colcon.colcon_core.shell:Creating package script '/home/albert/ag_arm_ws/install/arm_description/share/arm_description/package.ps1'
[1.342s] INFO:colcon.colcon_core.shell:Creating package descriptor '/home/albert/ag_arm_ws/install/arm_description/share/arm_description/package.dsv'
[1.342s] INFO:colcon.colcon_core.shell:Creating package script '/home/albert/ag_arm_ws/install/arm_description/share/arm_description/package.sh'
[1.344s] INFO:colcon.colcon_core.shell:Creating package script '/home/albert/ag_arm_ws/install/arm_description/share/arm_description/package.bash'
[1.344s] INFO:colcon.colcon_core.shell:Creating package script '/home/albert/ag_arm_ws/install/arm_description/share/arm_description/package.zsh'
[1.345s] Level 1:colcon.colcon_core.environment:create_file_with_runtime_dependencies(/home/albert/ag_arm_ws/install/arm_description/share/colcon-core/packages/arm_description)
[1.346s] Level 1:colcon.colcon_core.environment:create_environment_scripts_only(arm_description)
[1.346s] Level 1:colcon.colcon_core.environment:checking '/home/albert/ag_arm_ws/install/arm_description' for CMake module files
[1.347s] Level 1:colcon.colcon_core.environment:checking '/home/albert/ag_arm_ws/install/arm_description' for CMake config files
[1.347s] Level 1:colcon.colcon_core.shell:create_environment_hook('arm_description', 'cmake_prefix_path')
[1.348s] INFO:colcon.colcon_core.shell:Creating environment hook '/home/albert/ag_arm_ws/install/arm_description/share/arm_description/hook/cmake_prefix_path.ps1'
[1.349s] INFO:colcon.colcon_core.shell:Creating environment descriptor '/home/albert/ag_arm_ws/install/arm_description/share/arm_description/hook/cmake_prefix_path.dsv'
[1.349s] INFO:colcon.colcon_core.shell:Creating environment hook '/home/albert/ag_arm_ws/install/arm_description/share/arm_description/hook/cmake_prefix_path.sh'
[1.350s] Level 1:colcon.colcon_core.environment:checking '/home/albert/ag_arm_ws/install/arm_description/bin'
[1.350s] Level 1:colcon.colcon_core.environment:checking '/home/albert/ag_arm_ws/install/arm_description/lib/pkgconfig/arm_description.pc'
[1.351s] Level 1:colcon.colcon_core.environment:checking '/home/albert/ag_arm_ws/install/arm_description/lib/python3.10/site-packages'
[1.351s] Level 1:colcon.colcon_core.environment:checking '/home/albert/ag_arm_ws/install/arm_description/bin'
[1.352s] INFO:colcon.colcon_core.shell:Creating package script '/home/albert/ag_arm_ws/install/arm_description/share/arm_description/package.ps1'
[1.353s] INFO:colcon.colcon_core.shell:Creating package descriptor '/home/albert/ag_arm_ws/install/arm_description/share/arm_description/package.dsv'
[1.354s] INFO:colcon.colcon_core.shell:Creating package script '/home/albert/ag_arm_ws/install/arm_description/share/arm_description/package.sh'
[1.355s] INFO:colcon.colcon_core.shell:Creating package script '/home/albert/ag_arm_ws/install/arm_description/share/arm_description/package.bash'
[1.355s] INFO:colcon.colcon_core.shell:Creating package script '/home/albert/ag_arm_ws/install/arm_description/share/arm_description/package.zsh'
[1.356s] Level 1:colcon.colcon_core.environment:create_file_with_runtime_dependencies(/home/albert/ag_arm_ws/install/arm_description/share/colcon-core/packages/arm_description)
[1.357s] Level 1:colcon.colcon_core.environment:create_environment_scripts_only(arm_controller)
[1.357s] Level 1:colcon.colcon_core.environment:checking '/home/albert/ag_arm_ws/install/arm_controller' for CMake module files
[1.359s] Level 1:colcon.colcon_core.environment:checking '/home/albert/ag_arm_ws/install/arm_controller' for CMake config files
[1.359s] DEBUG:colcon.colcon_core.event_handler.log_command:Invoked command in '/home/albert/ag_arm_ws/build/arm_controller' returned '0': CMAKE_PREFIX_PATH=${CMAKE_PREFIX_PATH}:/home/albert/ag_arm_ws/install/arm_py:/home/albert/ws_moveit2/install/moveit_configs_utils:/home/albert/ws_moveit2/install/launch_param_builder:/home/albert/umov_ws/install/arduino_py_examples:/home/albert/udem2_ws/install/actions_py:/home/albert/udem2_ws/install/lifecycle_py:/home/albert/udem2_ws/install/executors_py:/home/albert/udem2_ws/install/components_py:/home/albert/udem_ws/install/turtlesim_catcher:/home/albert/udem_ws/install/my_py_pkg:/home/albert/udem_ws/install/lifecycle_py:/home/albert/bcdc_ws/install/agbot_teleop:/home/albert/bcdc_ws/install/agbot_py:/home/albert/arduinobot_ws/install/arduinobot_py_examples:/opt/ros/humble /home/albert/.local/bin/cmake --install /home/albert/ag_arm_ws/build/arm_controller
[1.360s] Level 1:colcon.colcon_core.shell:create_environment_hook('arm_controller', 'cmake_prefix_path')
[1.360s] INFO:colcon.colcon_core.shell:Creating environment hook '/home/albert/ag_arm_ws/install/arm_controller/share/arm_controller/hook/cmake_prefix_path.ps1'
[1.360s] INFO:colcon.colcon_core.shell:Creating environment descriptor '/home/albert/ag_arm_ws/install/arm_controller/share/arm_controller/hook/cmake_prefix_path.dsv'
[1.361s] INFO:colcon.colcon_core.shell:Creating environment hook '/home/albert/ag_arm_ws/install/arm_controller/share/arm_controller/hook/cmake_prefix_path.sh'
[1.362s] Level 1:colcon.colcon_core.environment:checking '/home/albert/ag_arm_ws/install/arm_controller/bin'
[1.362s] Level 1:colcon.colcon_core.environment:checking '/home/albert/ag_arm_ws/install/arm_controller/lib/pkgconfig/arm_controller.pc'
[1.362s] Level 1:colcon.colcon_core.environment:checking '/home/albert/ag_arm_ws/install/arm_controller/lib/python3.10/site-packages'
[1.362s] Level 1:colcon.colcon_core.environment:checking '/home/albert/ag_arm_ws/install/arm_controller/bin'
[1.363s] INFO:colcon.colcon_core.shell:Creating package script '/home/albert/ag_arm_ws/install/arm_controller/share/arm_controller/package.ps1'
[1.364s] INFO:colcon.colcon_core.shell:Creating package descriptor '/home/albert/ag_arm_ws/install/arm_controller/share/arm_controller/package.dsv'
[1.366s] INFO:colcon.colcon_core.shell:Creating package script '/home/albert/ag_arm_ws/install/arm_controller/share/arm_controller/package.sh'
[1.369s] INFO:colcon.colcon_core.shell:Creating package script '/home/albert/ag_arm_ws/install/arm_controller/share/arm_controller/package.bash'
[1.371s] INFO:colcon.colcon_core.shell:Creating package script '/home/albert/ag_arm_ws/install/arm_controller/share/arm_controller/package.zsh'
[1.373s] Level 1:colcon.colcon_core.environment:create_file_with_runtime_dependencies(/home/albert/ag_arm_ws/install/arm_controller/share/colcon-core/packages/arm_controller)
[1.375s] Level 1:colcon.colcon_core.environment:create_environment_scripts_only(arm_controller)
[1.375s] Level 1:colcon.colcon_core.environment:checking '/home/albert/ag_arm_ws/install/arm_controller' for CMake module files
[1.375s] Level 1:colcon.colcon_core.environment:checking '/home/albert/ag_arm_ws/install/arm_controller' for CMake config files
[1.376s] Level 1:colcon.colcon_core.shell:create_environment_hook('arm_controller', 'cmake_prefix_path')
[1.376s] INFO:colcon.colcon_core.shell:Creating environment hook '/home/albert/ag_arm_ws/install/arm_controller/share/arm_controller/hook/cmake_prefix_path.ps1'
[1.377s] INFO:colcon.colcon_core.shell:Creating environment descriptor '/home/albert/ag_arm_ws/install/arm_controller/share/arm_controller/hook/cmake_prefix_path.dsv'
[1.377s] INFO:colcon.colcon_core.shell:Creating environment hook '/home/albert/ag_arm_ws/install/arm_controller/share/arm_controller/hook/cmake_prefix_path.sh'
[1.378s] Level 1:colcon.colcon_core.environment:checking '/home/albert/ag_arm_ws/install/arm_controller/bin'
[1.378s] Level 1:colcon.colcon_core.environment:checking '/home/albert/ag_arm_ws/install/arm_controller/lib/pkgconfig/arm_controller.pc'
[1.378s] Level 1:colcon.colcon_core.environment:checking '/home/albert/ag_arm_ws/install/arm_controller/lib/python3.10/site-packages'
[1.378s] Level 1:colcon.colcon_core.environment:checking '/home/albert/ag_arm_ws/install/arm_controller/bin'
[1.379s] INFO:colcon.colcon_core.shell:Creating package script '/home/albert/ag_arm_ws/install/arm_controller/share/arm_controller/package.ps1'
[1.379s] INFO:colcon.colcon_core.shell:Creating package descriptor '/home/albert/ag_arm_ws/install/arm_controller/share/arm_controller/package.dsv'
[1.380s] INFO:colcon.colcon_core.shell:Creating package script '/home/albert/ag_arm_ws/install/arm_controller/share/arm_controller/package.sh'
[1.381s] INFO:colcon.colcon_core.shell:Creating package script '/home/albert/ag_arm_ws/install/arm_controller/share/arm_controller/package.bash'
[1.381s] INFO:colcon.colcon_core.shell:Creating package script '/home/albert/ag_arm_ws/install/arm_controller/share/arm_controller/package.zsh'
[1.382s] Level 1:colcon.colcon_core.environment:create_file_with_runtime_dependencies(/home/albert/ag_arm_ws/install/arm_controller/share/colcon-core/packages/arm_controller)
[1.383s] INFO:colcon.colcon_ros.task.ament_cmake.build:Building ROS package in '/home/albert/ag_arm_ws/src/arm_setup_moveit' with build type 'ament_cmake'
[1.383s] INFO:colcon.colcon_cmake.task.cmake.build:Building CMake package in '/home/albert/ag_arm_ws/src/arm_setup_moveit'
[1.384s] INFO:colcon.colcon_core.shell:Skip shell extension 'powershell' for command environment: Not usable outside of PowerShell
[1.384s] DEBUG:colcon.colcon_core.shell:Skip shell extension 'dsv' for command environment
[1.405s] Level 1:colcon.colcon_core.environment:create_environment_scripts_only(arm_bringup)
[1.405s] Level 1:colcon.colcon_core.environment:checking '/home/albert/ag_arm_ws/install/arm_bringup' for CMake module files
[1.406s] DEBUG:colcon.colcon_core.event_handler.log_command:Invoked command in '/home/albert/ag_arm_ws/build/arm_bringup' returned '0': CMAKE_PREFIX_PATH=${CMAKE_PREFIX_PATH}:/home/albert/ag_arm_ws/install/arm_py:/home/albert/ws_moveit2/install/moveit_configs_utils:/home/albert/ws_moveit2/install/launch_param_builder:/home/albert/umov_ws/install/arduino_py_examples:/home/albert/udem2_ws/install/actions_py:/home/albert/udem2_ws/install/lifecycle_py:/home/albert/udem2_ws/install/executors_py:/home/albert/udem2_ws/install/components_py:/home/albert/udem_ws/install/turtlesim_catcher:/home/albert/udem_ws/install/my_py_pkg:/home/albert/udem_ws/install/lifecycle_py:/home/albert/bcdc_ws/install/agbot_teleop:/home/albert/bcdc_ws/install/agbot_py:/home/albert/arduinobot_ws/install/arduinobot_py_examples:/opt/ros/humble /home/albert/.local/bin/cmake --install /home/albert/ag_arm_ws/build/arm_bringup
[1.406s] Level 1:colcon.colcon_core.environment:checking '/home/albert/ag_arm_ws/install/arm_bringup' for CMake config files
[1.407s] Level 1:colcon.colcon_core.shell:create_environment_hook('arm_bringup', 'cmake_prefix_path')
[1.407s] INFO:colcon.colcon_core.shell:Creating environment hook '/home/albert/ag_arm_ws/install/arm_bringup/share/arm_bringup/hook/cmake_prefix_path.ps1'
[1.408s] INFO:colcon.colcon_core.shell:Creating environment descriptor '/home/albert/ag_arm_ws/install/arm_bringup/share/arm_bringup/hook/cmake_prefix_path.dsv'
[1.408s] INFO:colcon.colcon_core.shell:Creating environment hook '/home/albert/ag_arm_ws/install/arm_bringup/share/arm_bringup/hook/cmake_prefix_path.sh'
[1.409s] Level 1:colcon.colcon_core.environment:checking '/home/albert/ag_arm_ws/install/arm_bringup/bin'
[1.409s] Level 1:colcon.colcon_core.environment:checking '/home/albert/ag_arm_ws/install/arm_bringup/lib/pkgconfig/arm_bringup.pc'
[1.409s] Level 1:colcon.colcon_core.environment:checking '/home/albert/ag_arm_ws/install/arm_bringup/lib/python3.10/site-packages'
[1.410s] Level 1:colcon.colcon_core.environment:checking '/home/albert/ag_arm_ws/install/arm_bringup/bin'
[1.410s] INFO:colcon.colcon_core.shell:Creating package script '/home/albert/ag_arm_ws/install/arm_bringup/share/arm_bringup/package.ps1'
[1.411s] INFO:colcon.colcon_core.shell:Creating package descriptor '/home/albert/ag_arm_ws/install/arm_bringup/share/arm_bringup/package.dsv'
[1.412s] INFO:colcon.colcon_core.shell:Creating package script '/home/albert/ag_arm_ws/install/arm_bringup/share/arm_bringup/package.sh'
[1.412s] INFO:colcon.colcon_core.shell:Creating package script '/home/albert/ag_arm_ws/install/arm_bringup/share/arm_bringup/package.bash'
[1.413s] INFO:colcon.colcon_core.shell:Creating package script '/home/albert/ag_arm_ws/install/arm_bringup/share/arm_bringup/package.zsh'
[1.413s] Level 1:colcon.colcon_core.environment:create_file_with_runtime_dependencies(/home/albert/ag_arm_ws/install/arm_bringup/share/colcon-core/packages/arm_bringup)
[1.414s] Level 1:colcon.colcon_core.environment:create_environment_scripts_only(arm_bringup)
[1.415s] Level 1:colcon.colcon_core.environment:checking '/home/albert/ag_arm_ws/install/arm_bringup' for CMake module files
[1.415s] Level 1:colcon.colcon_core.environment:checking '/home/albert/ag_arm_ws/install/arm_bringup' for CMake config files
[1.416s] Level 1:colcon.colcon_core.shell:create_environment_hook('arm_bringup', 'cmake_prefix_path')
[1.416s] INFO:colcon.colcon_core.shell:Creating environment hook '/home/albert/ag_arm_ws/install/arm_bringup/share/arm_bringup/hook/cmake_prefix_path.ps1'
[1.417s] INFO:colcon.colcon_core.shell:Creating environment descriptor '/home/albert/ag_arm_ws/install/arm_bringup/share/arm_bringup/hook/cmake_prefix_path.dsv'
[1.417s] INFO:colcon.colcon_core.shell:Creating environment hook '/home/albert/ag_arm_ws/install/arm_bringup/share/arm_bringup/hook/cmake_prefix_path.sh'
[1.418s] Level 1:colcon.colcon_core.environment:checking '/home/albert/ag_arm_ws/install/arm_bringup/bin'
[1.419s] Level 1:colcon.colcon_core.environment:checking '/home/albert/ag_arm_ws/install/arm_bringup/lib/pkgconfig/arm_bringup.pc'
[1.419s] Level 1:colcon.colcon_core.environment:checking '/home/albert/ag_arm_ws/install/arm_bringup/lib/python3.10/site-packages'
[1.419s] Level 1:colcon.colcon_core.environment:checking '/home/albert/ag_arm_ws/install/arm_bringup/bin'
[1.420s] INFO:colcon.colcon_core.shell:Creating package script '/home/albert/ag_arm_ws/install/arm_bringup/share/arm_bringup/package.ps1'
[1.421s] INFO:colcon.colcon_core.shell:Creating package descriptor '/home/albert/ag_arm_ws/install/arm_bringup/share/arm_bringup/package.dsv'
[1.422s] INFO:colcon.colcon_core.shell:Creating package script '/home/albert/ag_arm_ws/install/arm_bringup/share/arm_bringup/package.sh'
[1.422s] INFO:colcon.colcon_core.shell:Creating package script '/home/albert/ag_arm_ws/install/arm_bringup/share/arm_bringup/package.bash'
[1.423s] INFO:colcon.colcon_core.shell:Creating package script '/home/albert/ag_arm_ws/install/arm_bringup/share/arm_bringup/package.zsh'
[1.424s] Level 1:colcon.colcon_core.environment:create_file_with_runtime_dependencies(/home/albert/ag_arm_ws/install/arm_bringup/share/colcon-core/packages/arm_bringup)
[1.425s] Level 1:colcon.colcon_core.environment:create_environment_scripts_only(arm_msgs)
[1.426s] Level 1:colcon.colcon_core.environment:checking '/home/albert/ag_arm_ws/install/arm_msgs' for CMake module files
[1.427s] DEBUG:colcon.colcon_core.event_handler.log_command:Invoked command in '/home/albert/ag_arm_ws/build/arm_msgs' returned '0': CMAKE_PREFIX_PATH=${CMAKE_PREFIX_PATH}:/home/albert/ag_arm_ws/install/arm_py:/home/albert/ws_moveit2/install/moveit_configs_utils:/home/albert/ws_moveit2/install/launch_param_builder:/home/albert/umov_ws/install/arduino_py_examples:/home/albert/udem2_ws/install/actions_py:/home/albert/udem2_ws/install/lifecycle_py:/home/albert/udem2_ws/install/executors_py:/home/albert/udem2_ws/install/components_py:/home/albert/udem_ws/install/turtlesim_catcher:/home/albert/udem_ws/install/my_py_pkg:/home/albert/udem_ws/install/lifecycle_py:/home/albert/bcdc_ws/install/agbot_teleop:/home/albert/bcdc_ws/install/agbot_py:/home/albert/arduinobot_ws/install/arduinobot_py_examples:/opt/ros/humble /home/albert/.local/bin/cmake --install /home/albert/ag_arm_ws/build/arm_msgs
[1.427s] Level 1:colcon.colcon_core.environment:checking '/home/albert/ag_arm_ws/install/arm_msgs' for CMake config files
[1.428s] Level 1:colcon.colcon_core.shell:create_environment_hook('arm_msgs', 'cmake_prefix_path')
[1.429s] INFO:colcon.colcon_core.shell:Creating environment hook '/home/albert/ag_arm_ws/install/arm_msgs/share/arm_msgs/hook/cmake_prefix_path.ps1'
[1.429s] INFO:colcon.colcon_core.shell:Creating environment descriptor '/home/albert/ag_arm_ws/install/arm_msgs/share/arm_msgs/hook/cmake_prefix_path.dsv'
[1.430s] INFO:colcon.colcon_core.shell:Creating environment hook '/home/albert/ag_arm_ws/install/arm_msgs/share/arm_msgs/hook/cmake_prefix_path.sh'
[1.431s] Level 1:colcon.colcon_core.environment:checking '/home/albert/ag_arm_ws/install/arm_msgs/lib'
[1.431s] Level 1:colcon.colcon_core.shell:create_environment_hook('arm_msgs', 'ld_library_path_lib')
[1.432s] INFO:colcon.colcon_core.shell:Creating environment hook '/home/albert/ag_arm_ws/install/arm_msgs/share/arm_msgs/hook/ld_library_path_lib.ps1'
[1.432s] INFO:colcon.colcon_core.shell:Creating environment descriptor '/home/albert/ag_arm_ws/install/arm_msgs/share/arm_msgs/hook/ld_library_path_lib.dsv'
[1.433s] INFO:colcon.colcon_core.shell:Creating environment hook '/home/albert/ag_arm_ws/install/arm_msgs/share/arm_msgs/hook/ld_library_path_lib.sh'
[1.434s] Level 1:colcon.colcon_core.environment:checking '/home/albert/ag_arm_ws/install/arm_msgs/bin'
[1.434s] Level 1:colcon.colcon_core.environment:checking '/home/albert/ag_arm_ws/install/arm_msgs/lib/pkgconfig/arm_msgs.pc'
[1.434s] Level 1:colcon.colcon_core.environment:checking '/home/albert/ag_arm_ws/install/arm_msgs/lib/python3.10/site-packages'
[1.435s] Level 1:colcon.colcon_core.environment:checking '/home/albert/ag_arm_ws/install/arm_msgs/bin'
[1.435s] INFO:colcon.colcon_core.shell:Creating package script '/home/albert/ag_arm_ws/install/arm_msgs/share/arm_msgs/package.ps1'
[1.436s] INFO:colcon.colcon_core.shell:Creating package descriptor '/home/albert/ag_arm_ws/install/arm_msgs/share/arm_msgs/package.dsv'
[1.437s] INFO:colcon.colcon_core.shell:Creating package script '/home/albert/ag_arm_ws/install/arm_msgs/share/arm_msgs/package.sh'
[1.438s] INFO:colcon.colcon_core.shell:Creating package script '/home/albert/ag_arm_ws/install/arm_msgs/share/arm_msgs/package.bash'
[1.438s] INFO:colcon.colcon_core.shell:Creating package script '/home/albert/ag_arm_ws/install/arm_msgs/share/arm_msgs/package.zsh'
[1.439s] Level 1:colcon.colcon_core.environment:create_file_with_runtime_dependencies(/home/albert/ag_arm_ws/install/arm_msgs/share/colcon-core/packages/arm_msgs)
[1.440s] Level 1:colcon.colcon_core.environment:create_environment_scripts_only(arm_msgs)
[1.440s] Level 1:colcon.colcon_core.environment:checking '/home/albert/ag_arm_ws/install/arm_msgs' for CMake module files
[1.441s] Level 1:colcon.colcon_core.environment:checking '/home/albert/ag_arm_ws/install/arm_msgs' for CMake config files
[1.442s] Level 1:colcon.colcon_core.shell:create_environment_hook('arm_msgs', 'cmake_prefix_path')
[1.443s] INFO:colcon.colcon_core.shell:Creating environment hook '/home/albert/ag_arm_ws/install/arm_msgs/share/arm_msgs/hook/cmake_prefix_path.ps1'
[1.443s] INFO:colcon.colcon_core.shell:Creating environment descriptor '/home/albert/ag_arm_ws/install/arm_msgs/share/arm_msgs/hook/cmake_prefix_path.dsv'
[1.444s] INFO:colcon.colcon_core.shell:Creating environment hook '/home/albert/ag_arm_ws/install/arm_msgs/share/arm_msgs/hook/cmake_prefix_path.sh'
[1.445s] Level 1:colcon.colcon_core.environment:checking '/home/albert/ag_arm_ws/install/arm_msgs/lib'
[1.445s] Level 1:colcon.colcon_core.shell:create_environment_hook('arm_msgs', 'ld_library_path_lib')
[1.445s] INFO:colcon.colcon_core.shell:Creating environment hook '/home/albert/ag_arm_ws/install/arm_msgs/share/arm_msgs/hook/ld_library_path_lib.ps1'
[1.446s] INFO:colcon.colcon_core.shell:Creating environment descriptor '/home/albert/ag_arm_ws/install/arm_msgs/share/arm_msgs/hook/ld_library_path_lib.dsv'
[1.446s] INFO:colcon.colcon_core.shell:Creating environment hook '/home/albert/ag_arm_ws/install/arm_msgs/share/arm_msgs/hook/ld_library_path_lib.sh'
[1.447s] Level 1:colcon.colcon_core.environment:checking '/home/albert/ag_arm_ws/install/arm_msgs/bin'
[1.447s] Level 1:colcon.colcon_core.environment:checking '/home/albert/ag_arm_ws/install/arm_msgs/lib/pkgconfig/arm_msgs.pc'
[1.448s] Level 1:colcon.colcon_core.environment:checking '/home/albert/ag_arm_ws/install/arm_msgs/lib/python3.10/site-packages'
[1.448s] Level 1:colcon.colcon_core.environment:checking '/home/albert/ag_arm_ws/install/arm_msgs/bin'
[1.448s] INFO:colcon.colcon_core.shell:Creating package script '/home/albert/ag_arm_ws/install/arm_msgs/share/arm_msgs/package.ps1'
[1.449s] INFO:colcon.colcon_core.shell:Creating package descriptor '/home/albert/ag_arm_ws/install/arm_msgs/share/arm_msgs/package.dsv'
[1.450s] INFO:colcon.colcon_core.shell:Creating package script '/home/albert/ag_arm_ws/install/arm_msgs/share/arm_msgs/package.sh'
[1.451s] INFO:colcon.colcon_core.shell:Creating package script '/home/albert/ag_arm_ws/install/arm_msgs/share/arm_msgs/package.bash'
[1.452s] INFO:colcon.colcon_core.shell:Creating package script '/home/albert/ag_arm_ws/install/arm_msgs/share/arm_msgs/package.zsh'
[1.452s] Level 1:colcon.colcon_core.environment:create_file_with_runtime_dependencies(/home/albert/ag_arm_ws/install/arm_msgs/share/colcon-core/packages/arm_msgs)
[1.453s] INFO:colcon.colcon_ros.task.ament_cmake.build:Building ROS package in '/home/albert/ag_arm_ws/src/arm_cpp' with build type 'ament_cmake'
[1.453s] INFO:colcon.colcon_cmake.task.cmake.build:Building CMake package in '/home/albert/ag_arm_ws/src/arm_cpp'
[1.453s] INFO:colcon.colcon_core.shell:Skip shell extension 'powershell' for command environment: Not usable outside of PowerShell
[1.453s] DEBUG:colcon.colcon_core.shell:Skip shell extension 'dsv' for command environment
[1.472s] INFO:colcon.colcon_ros.task.ament_cmake.build:Building ROS package in '/home/albert/ag_arm_ws/src/arm_remote' with build type 'ament_cmake'
[1.472s] INFO:colcon.colcon_cmake.task.cmake.build:Building CMake package in '/home/albert/ag_arm_ws/src/arm_remote'
[1.472s] INFO:colcon.colcon_core.shell:Skip shell extension 'powershell' for command environment: Not usable outside of PowerShell
[1.472s] DEBUG:colcon.colcon_core.shell:Skip shell extension 'dsv' for command environment
[1.499s] DEBUG:colcon.colcon_core.event_handler.log_command:Invoking command in '/home/albert/ag_arm_ws/build/arm_setup_moveit': CMAKE_PREFIX_PATH=/home/albert/ag_arm_ws/install/arm_description:/home/albert/ag_arm_ws/install/arm_setup_moveit:/home/albert/ag_arm_ws/install/arm_remote:/home/albert/ag_arm_ws/install/arm_cpp:/home/albert/ag_arm_ws/install/arm_msgs:/home/albert/ag_arm_ws/install/arm_moveit:/home/albert/ag_arm_ws/install/arm_controller:/home/albert/ag_arm_ws/install/arm_bringup:/home/albert/ws_moveit2/install/pilz_industrial_motion_planner_testutils:/home/albert/ws_moveit2/install/moveit_runtime:/home/albert/ws_moveit2/install/moveit2_tutorials:/home/albert/ws_moveit2/install/moveit:/home/albert/ws_moveit2/install/moveit_planners:/home/albert/ws_moveit2/install/pilz_industrial_motion_planner:/home/albert/ws_moveit2/install/moveit_visual_tools:/home/albert/ws_moveit2/install/moveit_task_constructor_visualization:/home/albert/ws_moveit2/install/moveit_task_constructor_demo:/home/albert/ws_moveit2/install/moveit_task_constructor_capabilities:/home/albert/ws_moveit2/install/moveit_task_constructor_core:/home/albert/ws_moveit2/install/moveit_ros_control_interface:/home/albert/ws_moveit2/install/moveit_plugins:/home/albert/ws_moveit2/install/moveit_simple_controller_manager:/home/albert/ws_moveit2/install/moveit_setup_assistant:/home/albert/ws_moveit2/install/moveit_setup_srdf_plugins:/home/albert/ws_moveit2/install/moveit_setup_core_plugins:/home/albert/ws_moveit2/install/moveit_setup_controllers:/home/albert/ws_moveit2/install/moveit_setup_app_plugins:/home/albert/ws_moveit2/install/moveit_setup_framework:/home/albert/ws_moveit2/install/moveit_servo:/home/albert/ws_moveit2/install/moveit_ros:/home/albert/ws_moveit2/install/moveit_ros_visualization:/home/albert/ws_moveit2/install/moveit_hybrid_planning:/home/albert/ws_moveit2/install/moveit_ros_planning_interface:/home/albert/ws_moveit2/install/moveit_ros_benchmarks:/home/albert/ws_moveit2/install/moveit_ros_warehouse:/home/albert/ws_moveit2/install/moveit_ros_robot_interaction:/home/albert/ws_moveit2/install/moveit_ros_perception:/home/albert/ws_moveit2/install/moveit_resources_prbt_pg70_support:/home/albert/ws_moveit2/install/moveit_resources_prbt_moveit_config:/home/albert/ws_moveit2/install/moveit_ros_move_group:/home/albert/ws_moveit2/install/moveit_planners_ompl:/home/albert/ws_moveit2/install/moveit_ros_planning:/home/albert/ws_moveit2/install/moveit_ros_occupancy_map_monitor:/home/albert/ws_moveit2/install/moveit_resources_prbt_ikfast_manipulator_plugin:/home/albert/ws_moveit2/install/moveit_planners_chomp:/home/albert/ws_moveit2/install/moveit_kinematics:/home/albert/ws_moveit2/install/moveit_chomp_optimizer_adapter:/home/albert/ws_moveit2/install/chomp_motion_planner:/home/albert/ws_moveit2/install/moveit_core:/home/albert/ws_moveit2/install/srdfdom:/home/albert/ws_moveit2/install/rviz_marker_tools:/home/albert/ws_moveit2/install/rosparam_shortcuts:/home/albert/ws_moveit2/install/moveit_task_constructor_msgs:/home/albert/ws_moveit2/install/moveit_resources_prbt_support:/home/albert/ws_moveit2/install/moveit_resources:/home/albert/ws_moveit2/install/moveit_resources_pr2_description:/home/albert/ws_moveit2/install/moveit_resources_panda_moveit_config:/home/albert/ws_moveit2/install/moveit_resources_panda_description:/home/albert/ws_moveit2/install/moveit_resources_fanuc_moveit_config:/home/albert/ws_moveit2/install/moveit_resources_fanuc_description:/home/albert/ws_moveit2/install/moveit_common:/home/albert/umov_ws/install/moveitassistant:/home/albert/umov_ws/install/description:/home/albert/umov_ws/install/arduino_utils:/home/albert/umov_ws/install/arduino_remote:/home/albert/umov_ws/install/arduino_cpp_examples:/home/albert/umov_ws/install/arduino_msgs:/home/albert/umov_ws/install/arduino_moveit:/home/albert/umov_ws/install/arduino_firmware:/home/albert/umov_ws/install/arduino_controller:/home/albert/umov_ws/install/arduino_bringup:/home/albert/unav_ws/install/turtlebot3_fake_node:/home/albert/unav_ws/install/robot_bringup:/home/albert/unav_ws/install/nav2_robot_description:/home/albert/udem2_ws/install/robot_bringup:/home/albert/udem2_ws/install/my_robot_bringup:/home/albert/udem2_ws/install/lifecycle_cpp:/home/albert/udem2_ws/install/final_project_cpp:/home/albert/udem2_ws/install/actions_cpp:/home/albert/udem2_ws/install/robot_interfaces:/home/albert/udem2_ws/install/executors_cpp:/home/albert/udem2_ws/install/components_cpp:/home/albert/udem_ws/install/my_robot_bringup:/home/albert/udem_ws/install/my_cpp_pkg:/home/albert/udem_ws/install/my_robot_interfaces:/home/albert/udem_ws/install/my_robot_description:/home/albert/udem_ws/install/lifecycle_cpp:/home/albert/bcdc_ws/install/aggiebot_cpp:/home/albert/bcdc_ws/install/aggiebot_msgs:/home/albert/bcdc_ws/install/aggiebot_description:/home/albert/bcdc_ws/install/aggiebot_controller:/home/albert/bcdc_ws/install/aggiebot_bringup:/home/albert/bcdc_ws/install/aggiebot_arm_moveit:/home/albert/bcdc_ws/install/aggiebot_arm_description:/home/albert/bcdc_ws/install/aggiebot_arm_controller:/home/albert/bcdc_ws/install/agbot_setup_moveit:/home/albert/bcdc_ws/install/agbot_cpp:/home/albert/bcdc_ws/install/agbot_msgs:/home/albert/bcdc_ws/install/agbot_moveit:/home/albert/bcdc_ws/install/agbot_description:/home/albert/bcdc_ws/install/agbot_controller:/home/albert/bcdc_ws/install/agbot_bringup:/home/albert/bcdc_ws/install/agbot_arm_controller:/home/albert/arduinobot_ws/install/arduinobot_utils:/home/albert/arduinobot_ws/install/arduinobot_remote:/home/albert/arduinobot_ws/install/arduinobot_cpp_examples:/home/albert/arduinobot_ws/install/arduinobot_msgs:/home/albert/arduinobot_ws/install/arduinobot_moveit_setup:/home/albert/arduinobot_ws/install/arduinobot_moveit:/home/albert/arduinobot_ws/install/arduinobot_description:/home/albert/arduinobot_ws/install/arduinobot_controller:/home/albert/rad_ws/install/agbot_full_nav2:/home/albert/rad_ws/install/agbot_full_msgs:/home/albert/rad_ws/install/agbot_full_moveit_setup:/home/albert/rad_ws/install/agbot_full_moveit:/home/albert/rad_ws/install/agbot_full_description:/home/albert/rad_ws/install/agbot_full_cpp:/home/albert/rad_ws/install/agbot_full_controller:/home/albert/rad_ws/install/agbot_full_cartogropher:/home/albert/dev_ws/install/my_bot:/home/albert/ag_car_ws/install/car_nav2:/home/albert/ag_car_ws/install/car_description:/home/albert/ag_car_ws/install/car_controller:/home/albert/ag_car_ws/install/car_cartographer:/home/albert/ag_arm_ws/install/arm_py:/home/albert/ws_moveit2/install/moveit_configs_utils:/home/albert/ws_moveit2/install/launch_param_builder:/home/albert/umov_ws/install/arduino_py_examples:/home/albert/udem2_ws/install/actions_py:/home/albert/udem2_ws/install/lifecycle_py:/home/albert/udem2_ws/install/executors_py:/home/albert/udem2_ws/install/components_py:/home/albert/udem_ws/install/turtlesim_catcher:/home/albert/udem_ws/install/my_py_pkg:/home/albert/udem_ws/install/lifecycle_py:/home/albert/bcdc_ws/install/agbot_teleop:/home/albert/bcdc_ws/install/agbot_py:/home/albert/arduinobot_ws/install/arduinobot_py_examples:/opt/ros/humble /home/albert/.local/bin/cmake --build /home/albert/ag_arm_ws/build/arm_setup_moveit -- -j8 -l8
[1.504s] DEBUG:colcon.colcon_core.event_handler.log_command:Invoking command in '/home/albert/ag_arm_ws/build/arm_cpp': CMAKE_PREFIX_PATH=/home/albert/ag_arm_ws/install/arm_msgs:/home/albert/ag_arm_ws/install/arm_setup_moveit:/home/albert/ag_arm_ws/install/arm_remote:/home/albert/ag_arm_ws/install/arm_cpp:/home/albert/ag_arm_ws/install/arm_moveit:/home/albert/ag_arm_ws/install/arm_description:/home/albert/ag_arm_ws/install/arm_controller:/home/albert/ag_arm_ws/install/arm_bringup:/home/albert/ws_moveit2/install/pilz_industrial_motion_planner_testutils:/home/albert/ws_moveit2/install/moveit_runtime:/home/albert/ws_moveit2/install/moveit2_tutorials:/home/albert/ws_moveit2/install/moveit:/home/albert/ws_moveit2/install/moveit_planners:/home/albert/ws_moveit2/install/pilz_industrial_motion_planner:/home/albert/ws_moveit2/install/moveit_visual_tools:/home/albert/ws_moveit2/install/moveit_task_constructor_visualization:/home/albert/ws_moveit2/install/moveit_task_constructor_demo:/home/albert/ws_moveit2/install/moveit_task_constructor_capabilities:/home/albert/ws_moveit2/install/moveit_task_constructor_core:/home/albert/ws_moveit2/install/moveit_ros_control_interface:/home/albert/ws_moveit2/install/moveit_plugins:/home/albert/ws_moveit2/install/moveit_simple_controller_manager:/home/albert/ws_moveit2/install/moveit_setup_assistant:/home/albert/ws_moveit2/install/moveit_setup_srdf_plugins:/home/albert/ws_moveit2/install/moveit_setup_core_plugins:/home/albert/ws_moveit2/install/moveit_setup_controllers:/home/albert/ws_moveit2/install/moveit_setup_app_plugins:/home/albert/ws_moveit2/install/moveit_setup_framework:/home/albert/ws_moveit2/install/moveit_servo:/home/albert/ws_moveit2/install/moveit_ros:/home/albert/ws_moveit2/install/moveit_ros_visualization:/home/albert/ws_moveit2/install/moveit_hybrid_planning:/home/albert/ws_moveit2/install/moveit_ros_planning_interface:/home/albert/ws_moveit2/install/moveit_ros_benchmarks:/home/albert/ws_moveit2/install/moveit_ros_warehouse:/home/albert/ws_moveit2/install/moveit_ros_robot_interaction:/home/albert/ws_moveit2/install/moveit_ros_perception:/home/albert/ws_moveit2/install/moveit_resources_prbt_pg70_support:/home/albert/ws_moveit2/install/moveit_resources_prbt_moveit_config:/home/albert/ws_moveit2/install/moveit_ros_move_group:/home/albert/ws_moveit2/install/moveit_planners_ompl:/home/albert/ws_moveit2/install/moveit_ros_planning:/home/albert/ws_moveit2/install/moveit_ros_occupancy_map_monitor:/home/albert/ws_moveit2/install/moveit_resources_prbt_ikfast_manipulator_plugin:/home/albert/ws_moveit2/install/moveit_planners_chomp:/home/albert/ws_moveit2/install/moveit_kinematics:/home/albert/ws_moveit2/install/moveit_chomp_optimizer_adapter:/home/albert/ws_moveit2/install/chomp_motion_planner:/home/albert/ws_moveit2/install/moveit_core:/home/albert/ws_moveit2/install/srdfdom:/home/albert/ws_moveit2/install/rviz_marker_tools:/home/albert/ws_moveit2/install/rosparam_shortcuts:/home/albert/ws_moveit2/install/moveit_task_constructor_msgs:/home/albert/ws_moveit2/install/moveit_resources_prbt_support:/home/albert/ws_moveit2/install/moveit_resources:/home/albert/ws_moveit2/install/moveit_resources_pr2_description:/home/albert/ws_moveit2/install/moveit_resources_panda_moveit_config:/home/albert/ws_moveit2/install/moveit_resources_panda_description:/home/albert/ws_moveit2/install/moveit_resources_fanuc_moveit_config:/home/albert/ws_moveit2/install/moveit_resources_fanuc_description:/home/albert/ws_moveit2/install/moveit_common:/home/albert/umov_ws/install/moveitassistant:/home/albert/umov_ws/install/description:/home/albert/umov_ws/install/arduino_utils:/home/albert/umov_ws/install/arduino_remote:/home/albert/umov_ws/install/arduino_cpp_examples:/home/albert/umov_ws/install/arduino_msgs:/home/albert/umov_ws/install/arduino_moveit:/home/albert/umov_ws/install/arduino_firmware:/home/albert/umov_ws/install/arduino_controller:/home/albert/umov_ws/install/arduino_bringup:/home/albert/unav_ws/install/turtlebot3_fake_node:/home/albert/unav_ws/install/robot_bringup:/home/albert/unav_ws/install/nav2_robot_description:/home/albert/udem2_ws/install/robot_bringup:/home/albert/udem2_ws/install/my_robot_bringup:/home/albert/udem2_ws/install/lifecycle_cpp:/home/albert/udem2_ws/install/final_project_cpp:/home/albert/udem2_ws/install/actions_cpp:/home/albert/udem2_ws/install/robot_interfaces:/home/albert/udem2_ws/install/executors_cpp:/home/albert/udem2_ws/install/components_cpp:/home/albert/udem_ws/install/my_robot_bringup:/home/albert/udem_ws/install/my_cpp_pkg:/home/albert/udem_ws/install/my_robot_interfaces:/home/albert/udem_ws/install/my_robot_description:/home/albert/udem_ws/install/lifecycle_cpp:/home/albert/bcdc_ws/install/aggiebot_cpp:/home/albert/bcdc_ws/install/aggiebot_msgs:/home/albert/bcdc_ws/install/aggiebot_description:/home/albert/bcdc_ws/install/aggiebot_controller:/home/albert/bcdc_ws/install/aggiebot_bringup:/home/albert/bcdc_ws/install/aggiebot_arm_moveit:/home/albert/bcdc_ws/install/aggiebot_arm_description:/home/albert/bcdc_ws/install/aggiebot_arm_controller:/home/albert/bcdc_ws/install/agbot_setup_moveit:/home/albert/bcdc_ws/install/agbot_cpp:/home/albert/bcdc_ws/install/agbot_msgs:/home/albert/bcdc_ws/install/agbot_moveit:/home/albert/bcdc_ws/install/agbot_description:/home/albert/bcdc_ws/install/agbot_controller:/home/albert/bcdc_ws/install/agbot_bringup:/home/albert/bcdc_ws/install/agbot_arm_controller:/home/albert/arduinobot_ws/install/arduinobot_utils:/home/albert/arduinobot_ws/install/arduinobot_remote:/home/albert/arduinobot_ws/install/arduinobot_cpp_examples:/home/albert/arduinobot_ws/install/arduinobot_msgs:/home/albert/arduinobot_ws/install/arduinobot_moveit_setup:/home/albert/arduinobot_ws/install/arduinobot_moveit:/home/albert/arduinobot_ws/install/arduinobot_description:/home/albert/arduinobot_ws/install/arduinobot_controller:/home/albert/rad_ws/install/agbot_full_nav2:/home/albert/rad_ws/install/agbot_full_msgs:/home/albert/rad_ws/install/agbot_full_moveit_setup:/home/albert/rad_ws/install/agbot_full_moveit:/home/albert/rad_ws/install/agbot_full_description:/home/albert/rad_ws/install/agbot_full_cpp:/home/albert/rad_ws/install/agbot_full_controller:/home/albert/rad_ws/install/agbot_full_cartogropher:/home/albert/dev_ws/install/my_bot:/home/albert/ag_car_ws/install/car_nav2:/home/albert/ag_car_ws/install/car_description:/home/albert/ag_car_ws/install/car_controller:/home/albert/ag_car_ws/install/car_cartographer:/home/albert/ag_arm_ws/install/arm_py:/home/albert/ws_moveit2/install/moveit_configs_utils:/home/albert/ws_moveit2/install/launch_param_builder:/home/albert/umov_ws/install/arduino_py_examples:/home/albert/udem2_ws/install/actions_py:/home/albert/udem2_ws/install/lifecycle_py:/home/albert/udem2_ws/install/executors_py:/home/albert/udem2_ws/install/components_py:/home/albert/udem_ws/install/turtlesim_catcher:/home/albert/udem_ws/install/my_py_pkg:/home/albert/udem_ws/install/lifecycle_py:/home/albert/bcdc_ws/install/agbot_teleop:/home/albert/bcdc_ws/install/agbot_py:/home/albert/arduinobot_ws/install/arduinobot_py_examples:/opt/ros/humble LD_LIBRARY_PATH=/home/albert/ag_arm_ws/install/arm_msgs/lib:/home/albert/ag_arm_ws/install/arm_remote/lib:/home/albert/ws_moveit2/install/pilz_industrial_motion_planner_testutils/lib:/home/albert/ws_moveit2/install/pilz_industrial_motion_planner/lib:/home/albert/ws_moveit2/install/moveit_visual_tools/lib:/home/albert/ws_moveit2/install/moveit_task_constructor_visualization/lib:/home/albert/ws_moveit2/install/moveit_task_constructor_demo/lib:/home/albert/ws_moveit2/install/moveit_task_constructor_capabilities/lib:/home/albert/ws_moveit2/install/moveit_task_constructor_core/lib:/home/albert/ws_moveit2/install/moveit_ros_control_interface/lib:/home/albert/ws_moveit2/install/moveit_simple_controller_manager/lib:/home/albert/ws_moveit2/install/moveit_setup_assistant/lib:/home/albert/ws_moveit2/install/moveit_setup_srdf_plugins/lib:/home/albert/ws_moveit2/install/moveit_setup_core_plugins/lib:/home/albert/ws_moveit2/install/moveit_setup_controllers/lib:/home/albert/ws_moveit2/install/moveit_setup_app_plugins/lib:/home/albert/ws_moveit2/install/moveit_setup_framework/lib:/home/albert/ws_moveit2/install/moveit_servo/lib:/home/albert/ws_moveit2/install/moveit_ros_visualization/lib:/home/albert/ws_moveit2/install/moveit_hybrid_planning/lib:/home/albert/ws_moveit2/install/moveit_ros_planning_interface/lib:/home/albert/ws_moveit2/install/moveit_ros_benchmarks/lib:/home/albert/ws_moveit2/install/moveit_ros_warehouse/lib:/home/albert/ws_moveit2/install/moveit_ros_robot_interaction/lib:/home/albert/ws_moveit2/install/moveit_ros_perception/lib:/home/albert/ws_moveit2/install/moveit_ros_move_group/lib:/home/albert/ws_moveit2/install/moveit_planners_ompl/lib:/home/albert/ws_moveit2/install/moveit_ros_planning/lib:/home/albert/ws_moveit2/install/moveit_ros_occupancy_map_monitor/lib:/home/albert/ws_moveit2/install/moveit_resources_prbt_ikfast_manipulator_plugin/lib:/home/albert/ws_moveit2/install/moveit_planners_chomp/lib:/home/albert/ws_moveit2/install/moveit_kinematics/lib:/home/albert/ws_moveit2/install/moveit_chomp_optimizer_adapter/lib:/home/albert/ws_moveit2/install/chomp_motion_planner/lib:/home/albert/ws_moveit2/install/moveit_core/lib:/home/albert/ws_moveit2/install/srdfdom/lib:/home/albert/ws_moveit2/install/rviz_marker_tools/lib:/home/albert/ws_moveit2/install/rosparam_shortcuts/lib:/home/albert/ws_moveit2/install/moveit_task_constructor_msgs/lib:/home/albert/umov_ws/install/arduino_remote/lib:/home/albert/umov_ws/install/arduino_cpp_examples/lib:/home/albert/umov_ws/install/arduino_msgs/lib:/home/albert/umov_ws/install/arduino_controller/lib:/home/albert/udem2_ws/install/final_project_cpp/lib:/home/albert/udem2_ws/install/robot_interfaces/lib:/home/albert/udem2_ws/install/components_cpp/lib:/home/albert/udem_ws/install/my_robot_interfaces/lib:/home/albert/bcdc_ws/install/aggiebot_msgs/lib:/home/albert/bcdc_ws/install/agbot_msgs/lib:/home/albert/arduinobot_ws/install/arduinobot_remote/lib:/home/albert/arduinobot_ws/install/arduinobot_cpp_examples/lib:/home/albert/arduinobot_ws/install/arduinobot_msgs/lib:/usr/lib/x86_64-linux-gnu/gazebo-11/plugins:/opt/ros/humble/opt/rviz_ogre_vendor/lib:/opt/ros/humble/lib/x86_64-linux-gnu:/opt/ros/humble/lib:/usr/share/gazebo/../../lib/x86_64-linux-gnu/gazebo-11/plugins /home/albert/.local/bin/cmake --build /home/albert/ag_arm_ws/build/arm_cpp -- -j8 -l8
[1.513s] DEBUG:colcon.colcon_core.event_handler.log_command:Invoking command in '/home/albert/ag_arm_ws/build/arm_remote': CMAKE_PREFIX_PATH=/home/albert/ag_arm_ws/install/arm_msgs:/home/albert/ag_arm_ws/install/arm_moveit:/home/albert/ag_arm_ws/install/arm_setup_moveit:/home/albert/ag_arm_ws/install/arm_remote:/home/albert/ag_arm_ws/install/arm_cpp:/home/albert/ag_arm_ws/install/arm_description:/home/albert/ag_arm_ws/install/arm_controller:/home/albert/ag_arm_ws/install/arm_bringup:/home/albert/ws_moveit2/install/pilz_industrial_motion_planner_testutils:/home/albert/ws_moveit2/install/moveit_runtime:/home/albert/ws_moveit2/install/moveit2_tutorials:/home/albert/ws_moveit2/install/moveit:/home/albert/ws_moveit2/install/moveit_planners:/home/albert/ws_moveit2/install/pilz_industrial_motion_planner:/home/albert/ws_moveit2/install/moveit_visual_tools:/home/albert/ws_moveit2/install/moveit_task_constructor_visualization:/home/albert/ws_moveit2/install/moveit_task_constructor_demo:/home/albert/ws_moveit2/install/moveit_task_constructor_capabilities:/home/albert/ws_moveit2/install/moveit_task_constructor_core:/home/albert/ws_moveit2/install/moveit_ros_control_interface:/home/albert/ws_moveit2/install/moveit_plugins:/home/albert/ws_moveit2/install/moveit_simple_controller_manager:/home/albert/ws_moveit2/install/moveit_setup_assistant:/home/albert/ws_moveit2/install/moveit_setup_srdf_plugins:/home/albert/ws_moveit2/install/moveit_setup_core_plugins:/home/albert/ws_moveit2/install/moveit_setup_controllers:/home/albert/ws_moveit2/install/moveit_setup_app_plugins:/home/albert/ws_moveit2/install/moveit_setup_framework:/home/albert/ws_moveit2/install/moveit_servo:/home/albert/ws_moveit2/install/moveit_ros:/home/albert/ws_moveit2/install/moveit_ros_visualization:/home/albert/ws_moveit2/install/moveit_hybrid_planning:/home/albert/ws_moveit2/install/moveit_ros_planning_interface:/home/albert/ws_moveit2/install/moveit_ros_benchmarks:/home/albert/ws_moveit2/install/moveit_ros_warehouse:/home/albert/ws_moveit2/install/moveit_ros_robot_interaction:/home/albert/ws_moveit2/install/moveit_ros_perception:/home/albert/ws_moveit2/install/moveit_resources_prbt_pg70_support:/home/albert/ws_moveit2/install/moveit_resources_prbt_moveit_config:/home/albert/ws_moveit2/install/moveit_ros_move_group:/home/albert/ws_moveit2/install/moveit_planners_ompl:/home/albert/ws_moveit2/install/moveit_ros_planning:/home/albert/ws_moveit2/install/moveit_ros_occupancy_map_monitor:/home/albert/ws_moveit2/install/moveit_resources_prbt_ikfast_manipulator_plugin:/home/albert/ws_moveit2/install/moveit_planners_chomp:/home/albert/ws_moveit2/install/moveit_kinematics:/home/albert/ws_moveit2/install/moveit_chomp_optimizer_adapter:/home/albert/ws_moveit2/install/chomp_motion_planner:/home/albert/ws_moveit2/install/moveit_core:/home/albert/ws_moveit2/install/srdfdom:/home/albert/ws_moveit2/install/rviz_marker_tools:/home/albert/ws_moveit2/install/rosparam_shortcuts:/home/albert/ws_moveit2/install/moveit_task_constructor_msgs:/home/albert/ws_moveit2/install/moveit_resources_prbt_support:/home/albert/ws_moveit2/install/moveit_resources:/home/albert/ws_moveit2/install/moveit_resources_pr2_description:/home/albert/ws_moveit2/install/moveit_resources_panda_moveit_config:/home/albert/ws_moveit2/install/moveit_resources_panda_description:/home/albert/ws_moveit2/install/moveit_resources_fanuc_moveit_config:/home/albert/ws_moveit2/install/moveit_resources_fanuc_description:/home/albert/ws_moveit2/install/moveit_common:/home/albert/umov_ws/install/moveitassistant:/home/albert/umov_ws/install/description:/home/albert/umov_ws/install/arduino_utils:/home/albert/umov_ws/install/arduino_remote:/home/albert/umov_ws/install/arduino_cpp_examples:/home/albert/umov_ws/install/arduino_msgs:/home/albert/umov_ws/install/arduino_moveit:/home/albert/umov_ws/install/arduino_firmware:/home/albert/umov_ws/install/arduino_controller:/home/albert/umov_ws/install/arduino_bringup:/home/albert/unav_ws/install/turtlebot3_fake_node:/home/albert/unav_ws/install/robot_bringup:/home/albert/unav_ws/install/nav2_robot_description:/home/albert/udem2_ws/install/robot_bringup:/home/albert/udem2_ws/install/my_robot_bringup:/home/albert/udem2_ws/install/lifecycle_cpp:/home/albert/udem2_ws/install/final_project_cpp:/home/albert/udem2_ws/install/actions_cpp:/home/albert/udem2_ws/install/robot_interfaces:/home/albert/udem2_ws/install/executors_cpp:/home/albert/udem2_ws/install/components_cpp:/home/albert/udem_ws/install/my_robot_bringup:/home/albert/udem_ws/install/my_cpp_pkg:/home/albert/udem_ws/install/my_robot_interfaces:/home/albert/udem_ws/install/my_robot_description:/home/albert/udem_ws/install/lifecycle_cpp:/home/albert/bcdc_ws/install/aggiebot_cpp:/home/albert/bcdc_ws/install/aggiebot_msgs:/home/albert/bcdc_ws/install/aggiebot_description:/home/albert/bcdc_ws/install/aggiebot_controller:/home/albert/bcdc_ws/install/aggiebot_bringup:/home/albert/bcdc_ws/install/aggiebot_arm_moveit:/home/albert/bcdc_ws/install/aggiebot_arm_description:/home/albert/bcdc_ws/install/aggiebot_arm_controller:/home/albert/bcdc_ws/install/agbot_setup_moveit:/home/albert/bcdc_ws/install/agbot_cpp:/home/albert/bcdc_ws/install/agbot_msgs:/home/albert/bcdc_ws/install/agbot_moveit:/home/albert/bcdc_ws/install/agbot_description:/home/albert/bcdc_ws/install/agbot_controller:/home/albert/bcdc_ws/install/agbot_bringup:/home/albert/bcdc_ws/install/agbot_arm_controller:/home/albert/arduinobot_ws/install/arduinobot_utils:/home/albert/arduinobot_ws/install/arduinobot_remote:/home/albert/arduinobot_ws/install/arduinobot_cpp_examples:/home/albert/arduinobot_ws/install/arduinobot_msgs:/home/albert/arduinobot_ws/install/arduinobot_moveit_setup:/home/albert/arduinobot_ws/install/arduinobot_moveit:/home/albert/arduinobot_ws/install/arduinobot_description:/home/albert/arduinobot_ws/install/arduinobot_controller:/home/albert/rad_ws/install/agbot_full_nav2:/home/albert/rad_ws/install/agbot_full_msgs:/home/albert/rad_ws/install/agbot_full_moveit_setup:/home/albert/rad_ws/install/agbot_full_moveit:/home/albert/rad_ws/install/agbot_full_description:/home/albert/rad_ws/install/agbot_full_cpp:/home/albert/rad_ws/install/agbot_full_controller:/home/albert/rad_ws/install/agbot_full_cartogropher:/home/albert/dev_ws/install/my_bot:/home/albert/ag_car_ws/install/car_nav2:/home/albert/ag_car_ws/install/car_description:/home/albert/ag_car_ws/install/car_controller:/home/albert/ag_car_ws/install/car_cartographer:/home/albert/ag_arm_ws/install/arm_py:/home/albert/ws_moveit2/install/moveit_configs_utils:/home/albert/ws_moveit2/install/launch_param_builder:/home/albert/umov_ws/install/arduino_py_examples:/home/albert/udem2_ws/install/actions_py:/home/albert/udem2_ws/install/lifecycle_py:/home/albert/udem2_ws/install/executors_py:/home/albert/udem2_ws/install/components_py:/home/albert/udem_ws/install/turtlesim_catcher:/home/albert/udem_ws/install/my_py_pkg:/home/albert/udem_ws/install/lifecycle_py:/home/albert/bcdc_ws/install/agbot_teleop:/home/albert/bcdc_ws/install/agbot_py:/home/albert/arduinobot_ws/install/arduinobot_py_examples:/opt/ros/humble LD_LIBRARY_PATH=/home/albert/ag_arm_ws/install/arm_msgs/lib:/home/albert/ag_arm_ws/install/arm_remote/lib:/home/albert/ws_moveit2/install/pilz_industrial_motion_planner_testutils/lib:/home/albert/ws_moveit2/install/pilz_industrial_motion_planner/lib:/home/albert/ws_moveit2/install/moveit_visual_tools/lib:/home/albert/ws_moveit2/install/moveit_task_constructor_visualization/lib:/home/albert/ws_moveit2/install/moveit_task_constructor_demo/lib:/home/albert/ws_moveit2/install/moveit_task_constructor_capabilities/lib:/home/albert/ws_moveit2/install/moveit_task_constructor_core/lib:/home/albert/ws_moveit2/install/moveit_ros_control_interface/lib:/home/albert/ws_moveit2/install/moveit_simple_controller_manager/lib:/home/albert/ws_moveit2/install/moveit_setup_assistant/lib:/home/albert/ws_moveit2/install/moveit_setup_srdf_plugins/lib:/home/albert/ws_moveit2/install/moveit_setup_core_plugins/lib:/home/albert/ws_moveit2/install/moveit_setup_controllers/lib:/home/albert/ws_moveit2/install/moveit_setup_app_plugins/lib:/home/albert/ws_moveit2/install/moveit_setup_framework/lib:/home/albert/ws_moveit2/install/moveit_servo/lib:/home/albert/ws_moveit2/install/moveit_ros_visualization/lib:/home/albert/ws_moveit2/install/moveit_hybrid_planning/lib:/home/albert/ws_moveit2/install/moveit_ros_planning_interface/lib:/home/albert/ws_moveit2/install/moveit_ros_benchmarks/lib:/home/albert/ws_moveit2/install/moveit_ros_warehouse/lib:/home/albert/ws_moveit2/install/moveit_ros_robot_interaction/lib:/home/albert/ws_moveit2/install/moveit_ros_perception/lib:/home/albert/ws_moveit2/install/moveit_ros_move_group/lib:/home/albert/ws_moveit2/install/moveit_planners_ompl/lib:/home/albert/ws_moveit2/install/moveit_ros_planning/lib:/home/albert/ws_moveit2/install/moveit_ros_occupancy_map_monitor/lib:/home/albert/ws_moveit2/install/moveit_resources_prbt_ikfast_manipulator_plugin/lib:/home/albert/ws_moveit2/install/moveit_planners_chomp/lib:/home/albert/ws_moveit2/install/moveit_kinematics/lib:/home/albert/ws_moveit2/install/moveit_chomp_optimizer_adapter/lib:/home/albert/ws_moveit2/install/chomp_motion_planner/lib:/home/albert/ws_moveit2/install/moveit_core/lib:/home/albert/ws_moveit2/install/srdfdom/lib:/home/albert/ws_moveit2/install/rviz_marker_tools/lib:/home/albert/ws_moveit2/install/rosparam_shortcuts/lib:/home/albert/ws_moveit2/install/moveit_task_constructor_msgs/lib:/home/albert/umov_ws/install/arduino_remote/lib:/home/albert/umov_ws/install/arduino_cpp_examples/lib:/home/albert/umov_ws/install/arduino_msgs/lib:/home/albert/umov_ws/install/arduino_controller/lib:/home/albert/udem2_ws/install/final_project_cpp/lib:/home/albert/udem2_ws/install/robot_interfaces/lib:/home/albert/udem2_ws/install/components_cpp/lib:/home/albert/udem_ws/install/my_robot_interfaces/lib:/home/albert/bcdc_ws/install/aggiebot_msgs/lib:/home/albert/bcdc_ws/install/agbot_msgs/lib:/home/albert/arduinobot_ws/install/arduinobot_remote/lib:/home/albert/arduinobot_ws/install/arduinobot_cpp_examples/lib:/home/albert/arduinobot_ws/install/arduinobot_msgs/lib:/usr/lib/x86_64-linux-gnu/gazebo-11/plugins:/opt/ros/humble/opt/rviz_ogre_vendor/lib:/opt/ros/humble/lib/x86_64-linux-gnu:/opt/ros/humble/lib:/usr/share/gazebo/../../lib/x86_64-linux-gnu/gazebo-11/plugins /home/albert/.local/bin/cmake --build /home/albert/ag_arm_ws/build/arm_remote -- -j8 -l8
[1.530s] DEBUG:colcon.colcon_core.event_handler.log_command:Invoked command in '/home/albert/ag_arm_ws/build/arm_setup_moveit' returned '0': CMAKE_PREFIX_PATH=/home/albert/ag_arm_ws/install/arm_description:/home/albert/ag_arm_ws/install/arm_setup_moveit:/home/albert/ag_arm_ws/install/arm_remote:/home/albert/ag_arm_ws/install/arm_cpp:/home/albert/ag_arm_ws/install/arm_msgs:/home/albert/ag_arm_ws/install/arm_moveit:/home/albert/ag_arm_ws/install/arm_controller:/home/albert/ag_arm_ws/install/arm_bringup:/home/albert/ws_moveit2/install/pilz_industrial_motion_planner_testutils:/home/albert/ws_moveit2/install/moveit_runtime:/home/albert/ws_moveit2/install/moveit2_tutorials:/home/albert/ws_moveit2/install/moveit:/home/albert/ws_moveit2/install/moveit_planners:/home/albert/ws_moveit2/install/pilz_industrial_motion_planner:/home/albert/ws_moveit2/install/moveit_visual_tools:/home/albert/ws_moveit2/install/moveit_task_constructor_visualization:/home/albert/ws_moveit2/install/moveit_task_constructor_demo:/home/albert/ws_moveit2/install/moveit_task_constructor_capabilities:/home/albert/ws_moveit2/install/moveit_task_constructor_core:/home/albert/ws_moveit2/install/moveit_ros_control_interface:/home/albert/ws_moveit2/install/moveit_plugins:/home/albert/ws_moveit2/install/moveit_simple_controller_manager:/home/albert/ws_moveit2/install/moveit_setup_assistant:/home/albert/ws_moveit2/install/moveit_setup_srdf_plugins:/home/albert/ws_moveit2/install/moveit_setup_core_plugins:/home/albert/ws_moveit2/install/moveit_setup_controllers:/home/albert/ws_moveit2/install/moveit_setup_app_plugins:/home/albert/ws_moveit2/install/moveit_setup_framework:/home/albert/ws_moveit2/install/moveit_servo:/home/albert/ws_moveit2/install/moveit_ros:/home/albert/ws_moveit2/install/moveit_ros_visualization:/home/albert/ws_moveit2/install/moveit_hybrid_planning:/home/albert/ws_moveit2/install/moveit_ros_planning_interface:/home/albert/ws_moveit2/install/moveit_ros_benchmarks:/home/albert/ws_moveit2/install/moveit_ros_warehouse:/home/albert/ws_moveit2/install/moveit_ros_robot_interaction:/home/albert/ws_moveit2/install/moveit_ros_perception:/home/albert/ws_moveit2/install/moveit_resources_prbt_pg70_support:/home/albert/ws_moveit2/install/moveit_resources_prbt_moveit_config:/home/albert/ws_moveit2/install/moveit_ros_move_group:/home/albert/ws_moveit2/install/moveit_planners_ompl:/home/albert/ws_moveit2/install/moveit_ros_planning:/home/albert/ws_moveit2/install/moveit_ros_occupancy_map_monitor:/home/albert/ws_moveit2/install/moveit_resources_prbt_ikfast_manipulator_plugin:/home/albert/ws_moveit2/install/moveit_planners_chomp:/home/albert/ws_moveit2/install/moveit_kinematics:/home/albert/ws_moveit2/install/moveit_chomp_optimizer_adapter:/home/albert/ws_moveit2/install/chomp_motion_planner:/home/albert/ws_moveit2/install/moveit_core:/home/albert/ws_moveit2/install/srdfdom:/home/albert/ws_moveit2/install/rviz_marker_tools:/home/albert/ws_moveit2/install/rosparam_shortcuts:/home/albert/ws_moveit2/install/moveit_task_constructor_msgs:/home/albert/ws_moveit2/install/moveit_resources_prbt_support:/home/albert/ws_moveit2/install/moveit_resources:/home/albert/ws_moveit2/install/moveit_resources_pr2_description:/home/albert/ws_moveit2/install/moveit_resources_panda_moveit_config:/home/albert/ws_moveit2/install/moveit_resources_panda_description:/home/albert/ws_moveit2/install/moveit_resources_fanuc_moveit_config:/home/albert/ws_moveit2/install/moveit_resources_fanuc_description:/home/albert/ws_moveit2/install/moveit_common:/home/albert/umov_ws/install/moveitassistant:/home/albert/umov_ws/install/description:/home/albert/umov_ws/install/arduino_utils:/home/albert/umov_ws/install/arduino_remote:/home/albert/umov_ws/install/arduino_cpp_examples:/home/albert/umov_ws/install/arduino_msgs:/home/albert/umov_ws/install/arduino_moveit:/home/albert/umov_ws/install/arduino_firmware:/home/albert/umov_ws/install/arduino_controller:/home/albert/umov_ws/install/arduino_bringup:/home/albert/unav_ws/install/turtlebot3_fake_node:/home/albert/unav_ws/install/robot_bringup:/home/albert/unav_ws/install/nav2_robot_description:/home/albert/udem2_ws/install/robot_bringup:/home/albert/udem2_ws/install/my_robot_bringup:/home/albert/udem2_ws/install/lifecycle_cpp:/home/albert/udem2_ws/install/final_project_cpp:/home/albert/udem2_ws/install/actions_cpp:/home/albert/udem2_ws/install/robot_interfaces:/home/albert/udem2_ws/install/executors_cpp:/home/albert/udem2_ws/install/components_cpp:/home/albert/udem_ws/install/my_robot_bringup:/home/albert/udem_ws/install/my_cpp_pkg:/home/albert/udem_ws/install/my_robot_interfaces:/home/albert/udem_ws/install/my_robot_description:/home/albert/udem_ws/install/lifecycle_cpp:/home/albert/bcdc_ws/install/aggiebot_cpp:/home/albert/bcdc_ws/install/aggiebot_msgs:/home/albert/bcdc_ws/install/aggiebot_description:/home/albert/bcdc_ws/install/aggiebot_controller:/home/albert/bcdc_ws/install/aggiebot_bringup:/home/albert/bcdc_ws/install/aggiebot_arm_moveit:/home/albert/bcdc_ws/install/aggiebot_arm_description:/home/albert/bcdc_ws/install/aggiebot_arm_controller:/home/albert/bcdc_ws/install/agbot_setup_moveit:/home/albert/bcdc_ws/install/agbot_cpp:/home/albert/bcdc_ws/install/agbot_msgs:/home/albert/bcdc_ws/install/agbot_moveit:/home/albert/bcdc_ws/install/agbot_description:/home/albert/bcdc_ws/install/agbot_controller:/home/albert/bcdc_ws/install/agbot_bringup:/home/albert/bcdc_ws/install/agbot_arm_controller:/home/albert/arduinobot_ws/install/arduinobot_utils:/home/albert/arduinobot_ws/install/arduinobot_remote:/home/albert/arduinobot_ws/install/arduinobot_cpp_examples:/home/albert/arduinobot_ws/install/arduinobot_msgs:/home/albert/arduinobot_ws/install/arduinobot_moveit_setup:/home/albert/arduinobot_ws/install/arduinobot_moveit:/home/albert/arduinobot_ws/install/arduinobot_description:/home/albert/arduinobot_ws/install/arduinobot_controller:/home/albert/rad_ws/install/agbot_full_nav2:/home/albert/rad_ws/install/agbot_full_msgs:/home/albert/rad_ws/install/agbot_full_moveit_setup:/home/albert/rad_ws/install/agbot_full_moveit:/home/albert/rad_ws/install/agbot_full_description:/home/albert/rad_ws/install/agbot_full_cpp:/home/albert/rad_ws/install/agbot_full_controller:/home/albert/rad_ws/install/agbot_full_cartogropher:/home/albert/dev_ws/install/my_bot:/home/albert/ag_car_ws/install/car_nav2:/home/albert/ag_car_ws/install/car_description:/home/albert/ag_car_ws/install/car_controller:/home/albert/ag_car_ws/install/car_cartographer:/home/albert/ag_arm_ws/install/arm_py:/home/albert/ws_moveit2/install/moveit_configs_utils:/home/albert/ws_moveit2/install/launch_param_builder:/home/albert/umov_ws/install/arduino_py_examples:/home/albert/udem2_ws/install/actions_py:/home/albert/udem2_ws/install/lifecycle_py:/home/albert/udem2_ws/install/executors_py:/home/albert/udem2_ws/install/components_py:/home/albert/udem_ws/install/turtlesim_catcher:/home/albert/udem_ws/install/my_py_pkg:/home/albert/udem_ws/install/lifecycle_py:/home/albert/bcdc_ws/install/agbot_teleop:/home/albert/bcdc_ws/install/agbot_py:/home/albert/arduinobot_ws/install/arduinobot_py_examples:/opt/ros/humble /home/albert/.local/bin/cmake --build /home/albert/ag_arm_ws/build/arm_setup_moveit -- -j8 -l8
[1.533s] DEBUG:colcon.colcon_core.event_handler.log_command:Invoking command in '/home/albert/ag_arm_ws/build/arm_setup_moveit': CMAKE_PREFIX_PATH=/home/albert/ag_arm_ws/install/arm_description:/home/albert/ag_arm_ws/install/arm_setup_moveit:/home/albert/ag_arm_ws/install/arm_remote:/home/albert/ag_arm_ws/install/arm_cpp:/home/albert/ag_arm_ws/install/arm_msgs:/home/albert/ag_arm_ws/install/arm_moveit:/home/albert/ag_arm_ws/install/arm_controller:/home/albert/ag_arm_ws/install/arm_bringup:/home/albert/ws_moveit2/install/pilz_industrial_motion_planner_testutils:/home/albert/ws_moveit2/install/moveit_runtime:/home/albert/ws_moveit2/install/moveit2_tutorials:/home/albert/ws_moveit2/install/moveit:/home/albert/ws_moveit2/install/moveit_planners:/home/albert/ws_moveit2/install/pilz_industrial_motion_planner:/home/albert/ws_moveit2/install/moveit_visual_tools:/home/albert/ws_moveit2/install/moveit_task_constructor_visualization:/home/albert/ws_moveit2/install/moveit_task_constructor_demo:/home/albert/ws_moveit2/install/moveit_task_constructor_capabilities:/home/albert/ws_moveit2/install/moveit_task_constructor_core:/home/albert/ws_moveit2/install/moveit_ros_control_interface:/home/albert/ws_moveit2/install/moveit_plugins:/home/albert/ws_moveit2/install/moveit_simple_controller_manager:/home/albert/ws_moveit2/install/moveit_setup_assistant:/home/albert/ws_moveit2/install/moveit_setup_srdf_plugins:/home/albert/ws_moveit2/install/moveit_setup_core_plugins:/home/albert/ws_moveit2/install/moveit_setup_controllers:/home/albert/ws_moveit2/install/moveit_setup_app_plugins:/home/albert/ws_moveit2/install/moveit_setup_framework:/home/albert/ws_moveit2/install/moveit_servo:/home/albert/ws_moveit2/install/moveit_ros:/home/albert/ws_moveit2/install/moveit_ros_visualization:/home/albert/ws_moveit2/install/moveit_hybrid_planning:/home/albert/ws_moveit2/install/moveit_ros_planning_interface:/home/albert/ws_moveit2/install/moveit_ros_benchmarks:/home/albert/ws_moveit2/install/moveit_ros_warehouse:/home/albert/ws_moveit2/install/moveit_ros_robot_interaction:/home/albert/ws_moveit2/install/moveit_ros_perception:/home/albert/ws_moveit2/install/moveit_resources_prbt_pg70_support:/home/albert/ws_moveit2/install/moveit_resources_prbt_moveit_config:/home/albert/ws_moveit2/install/moveit_ros_move_group:/home/albert/ws_moveit2/install/moveit_planners_ompl:/home/albert/ws_moveit2/install/moveit_ros_planning:/home/albert/ws_moveit2/install/moveit_ros_occupancy_map_monitor:/home/albert/ws_moveit2/install/moveit_resources_prbt_ikfast_manipulator_plugin:/home/albert/ws_moveit2/install/moveit_planners_chomp:/home/albert/ws_moveit2/install/moveit_kinematics:/home/albert/ws_moveit2/install/moveit_chomp_optimizer_adapter:/home/albert/ws_moveit2/install/chomp_motion_planner:/home/albert/ws_moveit2/install/moveit_core:/home/albert/ws_moveit2/install/srdfdom:/home/albert/ws_moveit2/install/rviz_marker_tools:/home/albert/ws_moveit2/install/rosparam_shortcuts:/home/albert/ws_moveit2/install/moveit_task_constructor_msgs:/home/albert/ws_moveit2/install/moveit_resources_prbt_support:/home/albert/ws_moveit2/install/moveit_resources:/home/albert/ws_moveit2/install/moveit_resources_pr2_description:/home/albert/ws_moveit2/install/moveit_resources_panda_moveit_config:/home/albert/ws_moveit2/install/moveit_resources_panda_description:/home/albert/ws_moveit2/install/moveit_resources_fanuc_moveit_config:/home/albert/ws_moveit2/install/moveit_resources_fanuc_description:/home/albert/ws_moveit2/install/moveit_common:/home/albert/umov_ws/install/moveitassistant:/home/albert/umov_ws/install/description:/home/albert/umov_ws/install/arduino_utils:/home/albert/umov_ws/install/arduino_remote:/home/albert/umov_ws/install/arduino_cpp_examples:/home/albert/umov_ws/install/arduino_msgs:/home/albert/umov_ws/install/arduino_moveit:/home/albert/umov_ws/install/arduino_firmware:/home/albert/umov_ws/install/arduino_controller:/home/albert/umov_ws/install/arduino_bringup:/home/albert/unav_ws/install/turtlebot3_fake_node:/home/albert/unav_ws/install/robot_bringup:/home/albert/unav_ws/install/nav2_robot_description:/home/albert/udem2_ws/install/robot_bringup:/home/albert/udem2_ws/install/my_robot_bringup:/home/albert/udem2_ws/install/lifecycle_cpp:/home/albert/udem2_ws/install/final_project_cpp:/home/albert/udem2_ws/install/actions_cpp:/home/albert/udem2_ws/install/robot_interfaces:/home/albert/udem2_ws/install/executors_cpp:/home/albert/udem2_ws/install/components_cpp:/home/albert/udem_ws/install/my_robot_bringup:/home/albert/udem_ws/install/my_cpp_pkg:/home/albert/udem_ws/install/my_robot_interfaces:/home/albert/udem_ws/install/my_robot_description:/home/albert/udem_ws/install/lifecycle_cpp:/home/albert/bcdc_ws/install/aggiebot_cpp:/home/albert/bcdc_ws/install/aggiebot_msgs:/home/albert/bcdc_ws/install/aggiebot_description:/home/albert/bcdc_ws/install/aggiebot_controller:/home/albert/bcdc_ws/install/aggiebot_bringup:/home/albert/bcdc_ws/install/aggiebot_arm_moveit:/home/albert/bcdc_ws/install/aggiebot_arm_description:/home/albert/bcdc_ws/install/aggiebot_arm_controller:/home/albert/bcdc_ws/install/agbot_setup_moveit:/home/albert/bcdc_ws/install/agbot_cpp:/home/albert/bcdc_ws/install/agbot_msgs:/home/albert/bcdc_ws/install/agbot_moveit:/home/albert/bcdc_ws/install/agbot_description:/home/albert/bcdc_ws/install/agbot_controller:/home/albert/bcdc_ws/install/agbot_bringup:/home/albert/bcdc_ws/install/agbot_arm_controller:/home/albert/arduinobot_ws/install/arduinobot_utils:/home/albert/arduinobot_ws/install/arduinobot_remote:/home/albert/arduinobot_ws/install/arduinobot_cpp_examples:/home/albert/arduinobot_ws/install/arduinobot_msgs:/home/albert/arduinobot_ws/install/arduinobot_moveit_setup:/home/albert/arduinobot_ws/install/arduinobot_moveit:/home/albert/arduinobot_ws/install/arduinobot_description:/home/albert/arduinobot_ws/install/arduinobot_controller:/home/albert/rad_ws/install/agbot_full_nav2:/home/albert/rad_ws/install/agbot_full_msgs:/home/albert/rad_ws/install/agbot_full_moveit_setup:/home/albert/rad_ws/install/agbot_full_moveit:/home/albert/rad_ws/install/agbot_full_description:/home/albert/rad_ws/install/agbot_full_cpp:/home/albert/rad_ws/install/agbot_full_controller:/home/albert/rad_ws/install/agbot_full_cartogropher:/home/albert/dev_ws/install/my_bot:/home/albert/ag_car_ws/install/car_nav2:/home/albert/ag_car_ws/install/car_description:/home/albert/ag_car_ws/install/car_controller:/home/albert/ag_car_ws/install/car_cartographer:/home/albert/ag_arm_ws/install/arm_py:/home/albert/ws_moveit2/install/moveit_configs_utils:/home/albert/ws_moveit2/install/launch_param_builder:/home/albert/umov_ws/install/arduino_py_examples:/home/albert/udem2_ws/install/actions_py:/home/albert/udem2_ws/install/lifecycle_py:/home/albert/udem2_ws/install/executors_py:/home/albert/udem2_ws/install/components_py:/home/albert/udem_ws/install/turtlesim_catcher:/home/albert/udem_ws/install/my_py_pkg:/home/albert/udem_ws/install/lifecycle_py:/home/albert/bcdc_ws/install/agbot_teleop:/home/albert/bcdc_ws/install/agbot_py:/home/albert/arduinobot_ws/install/arduinobot_py_examples:/opt/ros/humble /home/albert/.local/bin/cmake --install /home/albert/ag_arm_ws/build/arm_setup_moveit
[1.541s] Level 1:colcon.colcon_core.environment:create_environment_scripts_only(arm_setup_moveit)
[1.541s] Level 1:colcon.colcon_core.environment:checking '/home/albert/ag_arm_ws/install/arm_setup_moveit' for CMake module files
[1.544s] DEBUG:colcon.colcon_core.event_handler.log_command:Invoked command in '/home/albert/ag_arm_ws/build/arm_setup_moveit' returned '0': CMAKE_PREFIX_PATH=/home/albert/ag_arm_ws/install/arm_description:/home/albert/ag_arm_ws/install/arm_setup_moveit:/home/albert/ag_arm_ws/install/arm_remote:/home/albert/ag_arm_ws/install/arm_cpp:/home/albert/ag_arm_ws/install/arm_msgs:/home/albert/ag_arm_ws/install/arm_moveit:/home/albert/ag_arm_ws/install/arm_controller:/home/albert/ag_arm_ws/install/arm_bringup:/home/albert/ws_moveit2/install/pilz_industrial_motion_planner_testutils:/home/albert/ws_moveit2/install/moveit_runtime:/home/albert/ws_moveit2/install/moveit2_tutorials:/home/albert/ws_moveit2/install/moveit:/home/albert/ws_moveit2/install/moveit_planners:/home/albert/ws_moveit2/install/pilz_industrial_motion_planner:/home/albert/ws_moveit2/install/moveit_visual_tools:/home/albert/ws_moveit2/install/moveit_task_constructor_visualization:/home/albert/ws_moveit2/install/moveit_task_constructor_demo:/home/albert/ws_moveit2/install/moveit_task_constructor_capabilities:/home/albert/ws_moveit2/install/moveit_task_constructor_core:/home/albert/ws_moveit2/install/moveit_ros_control_interface:/home/albert/ws_moveit2/install/moveit_plugins:/home/albert/ws_moveit2/install/moveit_simple_controller_manager:/home/albert/ws_moveit2/install/moveit_setup_assistant:/home/albert/ws_moveit2/install/moveit_setup_srdf_plugins:/home/albert/ws_moveit2/install/moveit_setup_core_plugins:/home/albert/ws_moveit2/install/moveit_setup_controllers:/home/albert/ws_moveit2/install/moveit_setup_app_plugins:/home/albert/ws_moveit2/install/moveit_setup_framework:/home/albert/ws_moveit2/install/moveit_servo:/home/albert/ws_moveit2/install/moveit_ros:/home/albert/ws_moveit2/install/moveit_ros_visualization:/home/albert/ws_moveit2/install/moveit_hybrid_planning:/home/albert/ws_moveit2/install/moveit_ros_planning_interface:/home/albert/ws_moveit2/install/moveit_ros_benchmarks:/home/albert/ws_moveit2/install/moveit_ros_warehouse:/home/albert/ws_moveit2/install/moveit_ros_robot_interaction:/home/albert/ws_moveit2/install/moveit_ros_perception:/home/albert/ws_moveit2/install/moveit_resources_prbt_pg70_support:/home/albert/ws_moveit2/install/moveit_resources_prbt_moveit_config:/home/albert/ws_moveit2/install/moveit_ros_move_group:/home/albert/ws_moveit2/install/moveit_planners_ompl:/home/albert/ws_moveit2/install/moveit_ros_planning:/home/albert/ws_moveit2/install/moveit_ros_occupancy_map_monitor:/home/albert/ws_moveit2/install/moveit_resources_prbt_ikfast_manipulator_plugin:/home/albert/ws_moveit2/install/moveit_planners_chomp:/home/albert/ws_moveit2/install/moveit_kinematics:/home/albert/ws_moveit2/install/moveit_chomp_optimizer_adapter:/home/albert/ws_moveit2/install/chomp_motion_planner:/home/albert/ws_moveit2/install/moveit_core:/home/albert/ws_moveit2/install/srdfdom:/home/albert/ws_moveit2/install/rviz_marker_tools:/home/albert/ws_moveit2/install/rosparam_shortcuts:/home/albert/ws_moveit2/install/moveit_task_constructor_msgs:/home/albert/ws_moveit2/install/moveit_resources_prbt_support:/home/albert/ws_moveit2/install/moveit_resources:/home/albert/ws_moveit2/install/moveit_resources_pr2_description:/home/albert/ws_moveit2/install/moveit_resources_panda_moveit_config:/home/albert/ws_moveit2/install/moveit_resources_panda_description:/home/albert/ws_moveit2/install/moveit_resources_fanuc_moveit_config:/home/albert/ws_moveit2/install/moveit_resources_fanuc_description:/home/albert/ws_moveit2/install/moveit_common:/home/albert/umov_ws/install/moveitassistant:/home/albert/umov_ws/install/description:/home/albert/umov_ws/install/arduino_utils:/home/albert/umov_ws/install/arduino_remote:/home/albert/umov_ws/install/arduino_cpp_examples:/home/albert/umov_ws/install/arduino_msgs:/home/albert/umov_ws/install/arduino_moveit:/home/albert/umov_ws/install/arduino_firmware:/home/albert/umov_ws/install/arduino_controller:/home/albert/umov_ws/install/arduino_bringup:/home/albert/unav_ws/install/turtlebot3_fake_node:/home/albert/unav_ws/install/robot_bringup:/home/albert/unav_ws/install/nav2_robot_description:/home/albert/udem2_ws/install/robot_bringup:/home/albert/udem2_ws/install/my_robot_bringup:/home/albert/udem2_ws/install/lifecycle_cpp:/home/albert/udem2_ws/install/final_project_cpp:/home/albert/udem2_ws/install/actions_cpp:/home/albert/udem2_ws/install/robot_interfaces:/home/albert/udem2_ws/install/executors_cpp:/home/albert/udem2_ws/install/components_cpp:/home/albert/udem_ws/install/my_robot_bringup:/home/albert/udem_ws/install/my_cpp_pkg:/home/albert/udem_ws/install/my_robot_interfaces:/home/albert/udem_ws/install/my_robot_description:/home/albert/udem_ws/install/lifecycle_cpp:/home/albert/bcdc_ws/install/aggiebot_cpp:/home/albert/bcdc_ws/install/aggiebot_msgs:/home/albert/bcdc_ws/install/aggiebot_description:/home/albert/bcdc_ws/install/aggiebot_controller:/home/albert/bcdc_ws/install/aggiebot_bringup:/home/albert/bcdc_ws/install/aggiebot_arm_moveit:/home/albert/bcdc_ws/install/aggiebot_arm_description:/home/albert/bcdc_ws/install/aggiebot_arm_controller:/home/albert/bcdc_ws/install/agbot_setup_moveit:/home/albert/bcdc_ws/install/agbot_cpp:/home/albert/bcdc_ws/install/agbot_msgs:/home/albert/bcdc_ws/install/agbot_moveit:/home/albert/bcdc_ws/install/agbot_description:/home/albert/bcdc_ws/install/agbot_controller:/home/albert/bcdc_ws/install/agbot_bringup:/home/albert/bcdc_ws/install/agbot_arm_controller:/home/albert/arduinobot_ws/install/arduinobot_utils:/home/albert/arduinobot_ws/install/arduinobot_remote:/home/albert/arduinobot_ws/install/arduinobot_cpp_examples:/home/albert/arduinobot_ws/install/arduinobot_msgs:/home/albert/arduinobot_ws/install/arduinobot_moveit_setup:/home/albert/arduinobot_ws/install/arduinobot_moveit:/home/albert/arduinobot_ws/install/arduinobot_description:/home/albert/arduinobot_ws/install/arduinobot_controller:/home/albert/rad_ws/install/agbot_full_nav2:/home/albert/rad_ws/install/agbot_full_msgs:/home/albert/rad_ws/install/agbot_full_moveit_setup:/home/albert/rad_ws/install/agbot_full_moveit:/home/albert/rad_ws/install/agbot_full_description:/home/albert/rad_ws/install/agbot_full_cpp:/home/albert/rad_ws/install/agbot_full_controller:/home/albert/rad_ws/install/agbot_full_cartogropher:/home/albert/dev_ws/install/my_bot:/home/albert/ag_car_ws/install/car_nav2:/home/albert/ag_car_ws/install/car_description:/home/albert/ag_car_ws/install/car_controller:/home/albert/ag_car_ws/install/car_cartographer:/home/albert/ag_arm_ws/install/arm_py:/home/albert/ws_moveit2/install/moveit_configs_utils:/home/albert/ws_moveit2/install/launch_param_builder:/home/albert/umov_ws/install/arduino_py_examples:/home/albert/udem2_ws/install/actions_py:/home/albert/udem2_ws/install/lifecycle_py:/home/albert/udem2_ws/install/executors_py:/home/albert/udem2_ws/install/components_py:/home/albert/udem_ws/install/turtlesim_catcher:/home/albert/udem_ws/install/my_py_pkg:/home/albert/udem_ws/install/lifecycle_py:/home/albert/bcdc_ws/install/agbot_teleop:/home/albert/bcdc_ws/install/agbot_py:/home/albert/arduinobot_ws/install/arduinobot_py_examples:/opt/ros/humble /home/albert/.local/bin/cmake --install /home/albert/ag_arm_ws/build/arm_setup_moveit
[1.544s] Level 1:colcon.colcon_core.environment:checking '/home/albert/ag_arm_ws/install/arm_setup_moveit' for CMake config files
[1.544s] Level 1:colcon.colcon_core.shell:create_environment_hook('arm_setup_moveit', 'cmake_prefix_path')
[1.545s] INFO:colcon.colcon_core.shell:Creating environment hook '/home/albert/ag_arm_ws/install/arm_setup_moveit/share/arm_setup_moveit/hook/cmake_prefix_path.ps1'
[1.546s] INFO:colcon.colcon_core.shell:Creating environment descriptor '/home/albert/ag_arm_ws/install/arm_setup_moveit/share/arm_setup_moveit/hook/cmake_prefix_path.dsv'
[1.546s] INFO:colcon.colcon_core.shell:Creating environment hook '/home/albert/ag_arm_ws/install/arm_setup_moveit/share/arm_setup_moveit/hook/cmake_prefix_path.sh'
[1.547s] Level 1:colcon.colcon_core.environment:checking '/home/albert/ag_arm_ws/install/arm_setup_moveit/bin'
[1.547s] Level 1:colcon.colcon_core.environment:checking '/home/albert/ag_arm_ws/install/arm_setup_moveit/lib/pkgconfig/arm_setup_moveit.pc'
[1.548s] Level 1:colcon.colcon_core.environment:checking '/home/albert/ag_arm_ws/install/arm_setup_moveit/lib/python3.10/site-packages'
[1.548s] Level 1:colcon.colcon_core.environment:checking '/home/albert/ag_arm_ws/install/arm_setup_moveit/bin'
[1.549s] INFO:colcon.colcon_core.shell:Creating package script '/home/albert/ag_arm_ws/install/arm_setup_moveit/share/arm_setup_moveit/package.ps1'
[1.550s] INFO:colcon.colcon_core.shell:Creating package descriptor '/home/albert/ag_arm_ws/install/arm_setup_moveit/share/arm_setup_moveit/package.dsv'
[1.550s] INFO:colcon.colcon_core.shell:Creating package script '/home/albert/ag_arm_ws/install/arm_setup_moveit/share/arm_setup_moveit/package.sh'
[1.551s] INFO:colcon.colcon_core.shell:Creating package script '/home/albert/ag_arm_ws/install/arm_setup_moveit/share/arm_setup_moveit/package.bash'
[1.552s] INFO:colcon.colcon_core.shell:Creating package script '/home/albert/ag_arm_ws/install/arm_setup_moveit/share/arm_setup_moveit/package.zsh'
[1.552s] Level 1:colcon.colcon_core.environment:create_file_with_runtime_dependencies(/home/albert/ag_arm_ws/install/arm_setup_moveit/share/colcon-core/packages/arm_setup_moveit)
[1.553s] Level 1:colcon.colcon_core.environment:create_environment_scripts_only(arm_setup_moveit)
[1.554s] Level 1:colcon.colcon_core.environment:checking '/home/albert/ag_arm_ws/install/arm_setup_moveit' for CMake module files
[1.554s] Level 1:colcon.colcon_core.environment:checking '/home/albert/ag_arm_ws/install/arm_setup_moveit' for CMake config files
[1.555s] Level 1:colcon.colcon_core.shell:create_environment_hook('arm_setup_moveit', 'cmake_prefix_path')
[1.555s] INFO:colcon.colcon_core.shell:Creating environment hook '/home/albert/ag_arm_ws/install/arm_setup_moveit/share/arm_setup_moveit/hook/cmake_prefix_path.ps1'
[1.556s] INFO:colcon.colcon_core.shell:Creating environment descriptor '/home/albert/ag_arm_ws/install/arm_setup_moveit/share/arm_setup_moveit/hook/cmake_prefix_path.dsv'
[1.557s] INFO:colcon.colcon_core.shell:Creating environment hook '/home/albert/ag_arm_ws/install/arm_setup_moveit/share/arm_setup_moveit/hook/cmake_prefix_path.sh'
[1.558s] Level 1:colcon.colcon_core.environment:checking '/home/albert/ag_arm_ws/install/arm_setup_moveit/bin'
[1.558s] Level 1:colcon.colcon_core.environment:checking '/home/albert/ag_arm_ws/install/arm_setup_moveit/lib/pkgconfig/arm_setup_moveit.pc'
[1.558s] Level 1:colcon.colcon_core.environment:checking '/home/albert/ag_arm_ws/install/arm_setup_moveit/lib/python3.10/site-packages'
[1.559s] Level 1:colcon.colcon_core.environment:checking '/home/albert/ag_arm_ws/install/arm_setup_moveit/bin'
[1.560s] INFO:colcon.colcon_core.shell:Creating package script '/home/albert/ag_arm_ws/install/arm_setup_moveit/share/arm_setup_moveit/package.ps1'
[1.561s] INFO:colcon.colcon_core.shell:Creating package descriptor '/home/albert/ag_arm_ws/install/arm_setup_moveit/share/arm_setup_moveit/package.dsv'
[1.562s] INFO:colcon.colcon_core.shell:Creating package script '/home/albert/ag_arm_ws/install/arm_setup_moveit/share/arm_setup_moveit/package.sh'
[1.563s] INFO:colcon.colcon_core.shell:Creating package script '/home/albert/ag_arm_ws/install/arm_setup_moveit/share/arm_setup_moveit/package.bash'
[1.563s] INFO:colcon.colcon_core.shell:Creating package script '/home/albert/ag_arm_ws/install/arm_setup_moveit/share/arm_setup_moveit/package.zsh'
[1.564s] Level 1:colcon.colcon_core.environment:create_file_with_runtime_dependencies(/home/albert/ag_arm_ws/install/arm_setup_moveit/share/colcon-core/packages/arm_setup_moveit)
[1.601s] DEBUG:colcon.colcon_core.event_handler.log_command:Invoked command in '/home/albert/ag_arm_ws/build/arm_cpp' returned '0': CMAKE_PREFIX_PATH=/home/albert/ag_arm_ws/install/arm_msgs:/home/albert/ag_arm_ws/install/arm_setup_moveit:/home/albert/ag_arm_ws/install/arm_remote:/home/albert/ag_arm_ws/install/arm_cpp:/home/albert/ag_arm_ws/install/arm_moveit:/home/albert/ag_arm_ws/install/arm_description:/home/albert/ag_arm_ws/install/arm_controller:/home/albert/ag_arm_ws/install/arm_bringup:/home/albert/ws_moveit2/install/pilz_industrial_motion_planner_testutils:/home/albert/ws_moveit2/install/moveit_runtime:/home/albert/ws_moveit2/install/moveit2_tutorials:/home/albert/ws_moveit2/install/moveit:/home/albert/ws_moveit2/install/moveit_planners:/home/albert/ws_moveit2/install/pilz_industrial_motion_planner:/home/albert/ws_moveit2/install/moveit_visual_tools:/home/albert/ws_moveit2/install/moveit_task_constructor_visualization:/home/albert/ws_moveit2/install/moveit_task_constructor_demo:/home/albert/ws_moveit2/install/moveit_task_constructor_capabilities:/home/albert/ws_moveit2/install/moveit_task_constructor_core:/home/albert/ws_moveit2/install/moveit_ros_control_interface:/home/albert/ws_moveit2/install/moveit_plugins:/home/albert/ws_moveit2/install/moveit_simple_controller_manager:/home/albert/ws_moveit2/install/moveit_setup_assistant:/home/albert/ws_moveit2/install/moveit_setup_srdf_plugins:/home/albert/ws_moveit2/install/moveit_setup_core_plugins:/home/albert/ws_moveit2/install/moveit_setup_controllers:/home/albert/ws_moveit2/install/moveit_setup_app_plugins:/home/albert/ws_moveit2/install/moveit_setup_framework:/home/albert/ws_moveit2/install/moveit_servo:/home/albert/ws_moveit2/install/moveit_ros:/home/albert/ws_moveit2/install/moveit_ros_visualization:/home/albert/ws_moveit2/install/moveit_hybrid_planning:/home/albert/ws_moveit2/install/moveit_ros_planning_interface:/home/albert/ws_moveit2/install/moveit_ros_benchmarks:/home/albert/ws_moveit2/install/moveit_ros_warehouse:/home/albert/ws_moveit2/install/moveit_ros_robot_interaction:/home/albert/ws_moveit2/install/moveit_ros_perception:/home/albert/ws_moveit2/install/moveit_resources_prbt_pg70_support:/home/albert/ws_moveit2/install/moveit_resources_prbt_moveit_config:/home/albert/ws_moveit2/install/moveit_ros_move_group:/home/albert/ws_moveit2/install/moveit_planners_ompl:/home/albert/ws_moveit2/install/moveit_ros_planning:/home/albert/ws_moveit2/install/moveit_ros_occupancy_map_monitor:/home/albert/ws_moveit2/install/moveit_resources_prbt_ikfast_manipulator_plugin:/home/albert/ws_moveit2/install/moveit_planners_chomp:/home/albert/ws_moveit2/install/moveit_kinematics:/home/albert/ws_moveit2/install/moveit_chomp_optimizer_adapter:/home/albert/ws_moveit2/install/chomp_motion_planner:/home/albert/ws_moveit2/install/moveit_core:/home/albert/ws_moveit2/install/srdfdom:/home/albert/ws_moveit2/install/rviz_marker_tools:/home/albert/ws_moveit2/install/rosparam_shortcuts:/home/albert/ws_moveit2/install/moveit_task_constructor_msgs:/home/albert/ws_moveit2/install/moveit_resources_prbt_support:/home/albert/ws_moveit2/install/moveit_resources:/home/albert/ws_moveit2/install/moveit_resources_pr2_description:/home/albert/ws_moveit2/install/moveit_resources_panda_moveit_config:/home/albert/ws_moveit2/install/moveit_resources_panda_description:/home/albert/ws_moveit2/install/moveit_resources_fanuc_moveit_config:/home/albert/ws_moveit2/install/moveit_resources_fanuc_description:/home/albert/ws_moveit2/install/moveit_common:/home/albert/umov_ws/install/moveitassistant:/home/albert/umov_ws/install/description:/home/albert/umov_ws/install/arduino_utils:/home/albert/umov_ws/install/arduino_remote:/home/albert/umov_ws/install/arduino_cpp_examples:/home/albert/umov_ws/install/arduino_msgs:/home/albert/umov_ws/install/arduino_moveit:/home/albert/umov_ws/install/arduino_firmware:/home/albert/umov_ws/install/arduino_controller:/home/albert/umov_ws/install/arduino_bringup:/home/albert/unav_ws/install/turtlebot3_fake_node:/home/albert/unav_ws/install/robot_bringup:/home/albert/unav_ws/install/nav2_robot_description:/home/albert/udem2_ws/install/robot_bringup:/home/albert/udem2_ws/install/my_robot_bringup:/home/albert/udem2_ws/install/lifecycle_cpp:/home/albert/udem2_ws/install/final_project_cpp:/home/albert/udem2_ws/install/actions_cpp:/home/albert/udem2_ws/install/robot_interfaces:/home/albert/udem2_ws/install/executors_cpp:/home/albert/udem2_ws/install/components_cpp:/home/albert/udem_ws/install/my_robot_bringup:/home/albert/udem_ws/install/my_cpp_pkg:/home/albert/udem_ws/install/my_robot_interfaces:/home/albert/udem_ws/install/my_robot_description:/home/albert/udem_ws/install/lifecycle_cpp:/home/albert/bcdc_ws/install/aggiebot_cpp:/home/albert/bcdc_ws/install/aggiebot_msgs:/home/albert/bcdc_ws/install/aggiebot_description:/home/albert/bcdc_ws/install/aggiebot_controller:/home/albert/bcdc_ws/install/aggiebot_bringup:/home/albert/bcdc_ws/install/aggiebot_arm_moveit:/home/albert/bcdc_ws/install/aggiebot_arm_description:/home/albert/bcdc_ws/install/aggiebot_arm_controller:/home/albert/bcdc_ws/install/agbot_setup_moveit:/home/albert/bcdc_ws/install/agbot_cpp:/home/albert/bcdc_ws/install/agbot_msgs:/home/albert/bcdc_ws/install/agbot_moveit:/home/albert/bcdc_ws/install/agbot_description:/home/albert/bcdc_ws/install/agbot_controller:/home/albert/bcdc_ws/install/agbot_bringup:/home/albert/bcdc_ws/install/agbot_arm_controller:/home/albert/arduinobot_ws/install/arduinobot_utils:/home/albert/arduinobot_ws/install/arduinobot_remote:/home/albert/arduinobot_ws/install/arduinobot_cpp_examples:/home/albert/arduinobot_ws/install/arduinobot_msgs:/home/albert/arduinobot_ws/install/arduinobot_moveit_setup:/home/albert/arduinobot_ws/install/arduinobot_moveit:/home/albert/arduinobot_ws/install/arduinobot_description:/home/albert/arduinobot_ws/install/arduinobot_controller:/home/albert/rad_ws/install/agbot_full_nav2:/home/albert/rad_ws/install/agbot_full_msgs:/home/albert/rad_ws/install/agbot_full_moveit_setup:/home/albert/rad_ws/install/agbot_full_moveit:/home/albert/rad_ws/install/agbot_full_description:/home/albert/rad_ws/install/agbot_full_cpp:/home/albert/rad_ws/install/agbot_full_controller:/home/albert/rad_ws/install/agbot_full_cartogropher:/home/albert/dev_ws/install/my_bot:/home/albert/ag_car_ws/install/car_nav2:/home/albert/ag_car_ws/install/car_description:/home/albert/ag_car_ws/install/car_controller:/home/albert/ag_car_ws/install/car_cartographer:/home/albert/ag_arm_ws/install/arm_py:/home/albert/ws_moveit2/install/moveit_configs_utils:/home/albert/ws_moveit2/install/launch_param_builder:/home/albert/umov_ws/install/arduino_py_examples:/home/albert/udem2_ws/install/actions_py:/home/albert/udem2_ws/install/lifecycle_py:/home/albert/udem2_ws/install/executors_py:/home/albert/udem2_ws/install/components_py:/home/albert/udem_ws/install/turtlesim_catcher:/home/albert/udem_ws/install/my_py_pkg:/home/albert/udem_ws/install/lifecycle_py:/home/albert/bcdc_ws/install/agbot_teleop:/home/albert/bcdc_ws/install/agbot_py:/home/albert/arduinobot_ws/install/arduinobot_py_examples:/opt/ros/humble LD_LIBRARY_PATH=/home/albert/ag_arm_ws/install/arm_msgs/lib:/home/albert/ag_arm_ws/install/arm_remote/lib:/home/albert/ws_moveit2/install/pilz_industrial_motion_planner_testutils/lib:/home/albert/ws_moveit2/install/pilz_industrial_motion_planner/lib:/home/albert/ws_moveit2/install/moveit_visual_tools/lib:/home/albert/ws_moveit2/install/moveit_task_constructor_visualization/lib:/home/albert/ws_moveit2/install/moveit_task_constructor_demo/lib:/home/albert/ws_moveit2/install/moveit_task_constructor_capabilities/lib:/home/albert/ws_moveit2/install/moveit_task_constructor_core/lib:/home/albert/ws_moveit2/install/moveit_ros_control_interface/lib:/home/albert/ws_moveit2/install/moveit_simple_controller_manager/lib:/home/albert/ws_moveit2/install/moveit_setup_assistant/lib:/home/albert/ws_moveit2/install/moveit_setup_srdf_plugins/lib:/home/albert/ws_moveit2/install/moveit_setup_core_plugins/lib:/home/albert/ws_moveit2/install/moveit_setup_controllers/lib:/home/albert/ws_moveit2/install/moveit_setup_app_plugins/lib:/home/albert/ws_moveit2/install/moveit_setup_framework/lib:/home/albert/ws_moveit2/install/moveit_servo/lib:/home/albert/ws_moveit2/install/moveit_ros_visualization/lib:/home/albert/ws_moveit2/install/moveit_hybrid_planning/lib:/home/albert/ws_moveit2/install/moveit_ros_planning_interface/lib:/home/albert/ws_moveit2/install/moveit_ros_benchmarks/lib:/home/albert/ws_moveit2/install/moveit_ros_warehouse/lib:/home/albert/ws_moveit2/install/moveit_ros_robot_interaction/lib:/home/albert/ws_moveit2/install/moveit_ros_perception/lib:/home/albert/ws_moveit2/install/moveit_ros_move_group/lib:/home/albert/ws_moveit2/install/moveit_planners_ompl/lib:/home/albert/ws_moveit2/install/moveit_ros_planning/lib:/home/albert/ws_moveit2/install/moveit_ros_occupancy_map_monitor/lib:/home/albert/ws_moveit2/install/moveit_resources_prbt_ikfast_manipulator_plugin/lib:/home/albert/ws_moveit2/install/moveit_planners_chomp/lib:/home/albert/ws_moveit2/install/moveit_kinematics/lib:/home/albert/ws_moveit2/install/moveit_chomp_optimizer_adapter/lib:/home/albert/ws_moveit2/install/chomp_motion_planner/lib:/home/albert/ws_moveit2/install/moveit_core/lib:/home/albert/ws_moveit2/install/srdfdom/lib:/home/albert/ws_moveit2/install/rviz_marker_tools/lib:/home/albert/ws_moveit2/install/rosparam_shortcuts/lib:/home/albert/ws_moveit2/install/moveit_task_constructor_msgs/lib:/home/albert/umov_ws/install/arduino_remote/lib:/home/albert/umov_ws/install/arduino_cpp_examples/lib:/home/albert/umov_ws/install/arduino_msgs/lib:/home/albert/umov_ws/install/arduino_controller/lib:/home/albert/udem2_ws/install/final_project_cpp/lib:/home/albert/udem2_ws/install/robot_interfaces/lib:/home/albert/udem2_ws/install/components_cpp/lib:/home/albert/udem_ws/install/my_robot_interfaces/lib:/home/albert/bcdc_ws/install/aggiebot_msgs/lib:/home/albert/bcdc_ws/install/agbot_msgs/lib:/home/albert/arduinobot_ws/install/arduinobot_remote/lib:/home/albert/arduinobot_ws/install/arduinobot_cpp_examples/lib:/home/albert/arduinobot_ws/install/arduinobot_msgs/lib:/usr/lib/x86_64-linux-gnu/gazebo-11/plugins:/opt/ros/humble/opt/rviz_ogre_vendor/lib:/opt/ros/humble/lib/x86_64-linux-gnu:/opt/ros/humble/lib:/usr/share/gazebo/../../lib/x86_64-linux-gnu/gazebo-11/plugins /home/albert/.local/bin/cmake --build /home/albert/ag_arm_ws/build/arm_cpp -- -j8 -l8
[1.604s] DEBUG:colcon.colcon_core.event_handler.log_command:Invoking command in '/home/albert/ag_arm_ws/build/arm_cpp': CMAKE_PREFIX_PATH=/home/albert/ag_arm_ws/install/arm_msgs:/home/albert/ag_arm_ws/install/arm_setup_moveit:/home/albert/ag_arm_ws/install/arm_remote:/home/albert/ag_arm_ws/install/arm_cpp:/home/albert/ag_arm_ws/install/arm_moveit:/home/albert/ag_arm_ws/install/arm_description:/home/albert/ag_arm_ws/install/arm_controller:/home/albert/ag_arm_ws/install/arm_bringup:/home/albert/ws_moveit2/install/pilz_industrial_motion_planner_testutils:/home/albert/ws_moveit2/install/moveit_runtime:/home/albert/ws_moveit2/install/moveit2_tutorials:/home/albert/ws_moveit2/install/moveit:/home/albert/ws_moveit2/install/moveit_planners:/home/albert/ws_moveit2/install/pilz_industrial_motion_planner:/home/albert/ws_moveit2/install/moveit_visual_tools:/home/albert/ws_moveit2/install/moveit_task_constructor_visualization:/home/albert/ws_moveit2/install/moveit_task_constructor_demo:/home/albert/ws_moveit2/install/moveit_task_constructor_capabilities:/home/albert/ws_moveit2/install/moveit_task_constructor_core:/home/albert/ws_moveit2/install/moveit_ros_control_interface:/home/albert/ws_moveit2/install/moveit_plugins:/home/albert/ws_moveit2/install/moveit_simple_controller_manager:/home/albert/ws_moveit2/install/moveit_setup_assistant:/home/albert/ws_moveit2/install/moveit_setup_srdf_plugins:/home/albert/ws_moveit2/install/moveit_setup_core_plugins:/home/albert/ws_moveit2/install/moveit_setup_controllers:/home/albert/ws_moveit2/install/moveit_setup_app_plugins:/home/albert/ws_moveit2/install/moveit_setup_framework:/home/albert/ws_moveit2/install/moveit_servo:/home/albert/ws_moveit2/install/moveit_ros:/home/albert/ws_moveit2/install/moveit_ros_visualization:/home/albert/ws_moveit2/install/moveit_hybrid_planning:/home/albert/ws_moveit2/install/moveit_ros_planning_interface:/home/albert/ws_moveit2/install/moveit_ros_benchmarks:/home/albert/ws_moveit2/install/moveit_ros_warehouse:/home/albert/ws_moveit2/install/moveit_ros_robot_interaction:/home/albert/ws_moveit2/install/moveit_ros_perception:/home/albert/ws_moveit2/install/moveit_resources_prbt_pg70_support:/home/albert/ws_moveit2/install/moveit_resources_prbt_moveit_config:/home/albert/ws_moveit2/install/moveit_ros_move_group:/home/albert/ws_moveit2/install/moveit_planners_ompl:/home/albert/ws_moveit2/install/moveit_ros_planning:/home/albert/ws_moveit2/install/moveit_ros_occupancy_map_monitor:/home/albert/ws_moveit2/install/moveit_resources_prbt_ikfast_manipulator_plugin:/home/albert/ws_moveit2/install/moveit_planners_chomp:/home/albert/ws_moveit2/install/moveit_kinematics:/home/albert/ws_moveit2/install/moveit_chomp_optimizer_adapter:/home/albert/ws_moveit2/install/chomp_motion_planner:/home/albert/ws_moveit2/install/moveit_core:/home/albert/ws_moveit2/install/srdfdom:/home/albert/ws_moveit2/install/rviz_marker_tools:/home/albert/ws_moveit2/install/rosparam_shortcuts:/home/albert/ws_moveit2/install/moveit_task_constructor_msgs:/home/albert/ws_moveit2/install/moveit_resources_prbt_support:/home/albert/ws_moveit2/install/moveit_resources:/home/albert/ws_moveit2/install/moveit_resources_pr2_description:/home/albert/ws_moveit2/install/moveit_resources_panda_moveit_config:/home/albert/ws_moveit2/install/moveit_resources_panda_description:/home/albert/ws_moveit2/install/moveit_resources_fanuc_moveit_config:/home/albert/ws_moveit2/install/moveit_resources_fanuc_description:/home/albert/ws_moveit2/install/moveit_common:/home/albert/umov_ws/install/moveitassistant:/home/albert/umov_ws/install/description:/home/albert/umov_ws/install/arduino_utils:/home/albert/umov_ws/install/arduino_remote:/home/albert/umov_ws/install/arduino_cpp_examples:/home/albert/umov_ws/install/arduino_msgs:/home/albert/umov_ws/install/arduino_moveit:/home/albert/umov_ws/install/arduino_firmware:/home/albert/umov_ws/install/arduino_controller:/home/albert/umov_ws/install/arduino_bringup:/home/albert/unav_ws/install/turtlebot3_fake_node:/home/albert/unav_ws/install/robot_bringup:/home/albert/unav_ws/install/nav2_robot_description:/home/albert/udem2_ws/install/robot_bringup:/home/albert/udem2_ws/install/my_robot_bringup:/home/albert/udem2_ws/install/lifecycle_cpp:/home/albert/udem2_ws/install/final_project_cpp:/home/albert/udem2_ws/install/actions_cpp:/home/albert/udem2_ws/install/robot_interfaces:/home/albert/udem2_ws/install/executors_cpp:/home/albert/udem2_ws/install/components_cpp:/home/albert/udem_ws/install/my_robot_bringup:/home/albert/udem_ws/install/my_cpp_pkg:/home/albert/udem_ws/install/my_robot_interfaces:/home/albert/udem_ws/install/my_robot_description:/home/albert/udem_ws/install/lifecycle_cpp:/home/albert/bcdc_ws/install/aggiebot_cpp:/home/albert/bcdc_ws/install/aggiebot_msgs:/home/albert/bcdc_ws/install/aggiebot_description:/home/albert/bcdc_ws/install/aggiebot_controller:/home/albert/bcdc_ws/install/aggiebot_bringup:/home/albert/bcdc_ws/install/aggiebot_arm_moveit:/home/albert/bcdc_ws/install/aggiebot_arm_description:/home/albert/bcdc_ws/install/aggiebot_arm_controller:/home/albert/bcdc_ws/install/agbot_setup_moveit:/home/albert/bcdc_ws/install/agbot_cpp:/home/albert/bcdc_ws/install/agbot_msgs:/home/albert/bcdc_ws/install/agbot_moveit:/home/albert/bcdc_ws/install/agbot_description:/home/albert/bcdc_ws/install/agbot_controller:/home/albert/bcdc_ws/install/agbot_bringup:/home/albert/bcdc_ws/install/agbot_arm_controller:/home/albert/arduinobot_ws/install/arduinobot_utils:/home/albert/arduinobot_ws/install/arduinobot_remote:/home/albert/arduinobot_ws/install/arduinobot_cpp_examples:/home/albert/arduinobot_ws/install/arduinobot_msgs:/home/albert/arduinobot_ws/install/arduinobot_moveit_setup:/home/albert/arduinobot_ws/install/arduinobot_moveit:/home/albert/arduinobot_ws/install/arduinobot_description:/home/albert/arduinobot_ws/install/arduinobot_controller:/home/albert/rad_ws/install/agbot_full_nav2:/home/albert/rad_ws/install/agbot_full_msgs:/home/albert/rad_ws/install/agbot_full_moveit_setup:/home/albert/rad_ws/install/agbot_full_moveit:/home/albert/rad_ws/install/agbot_full_description:/home/albert/rad_ws/install/agbot_full_cpp:/home/albert/rad_ws/install/agbot_full_controller:/home/albert/rad_ws/install/agbot_full_cartogropher:/home/albert/dev_ws/install/my_bot:/home/albert/ag_car_ws/install/car_nav2:/home/albert/ag_car_ws/install/car_description:/home/albert/ag_car_ws/install/car_controller:/home/albert/ag_car_ws/install/car_cartographer:/home/albert/ag_arm_ws/install/arm_py:/home/albert/ws_moveit2/install/moveit_configs_utils:/home/albert/ws_moveit2/install/launch_param_builder:/home/albert/umov_ws/install/arduino_py_examples:/home/albert/udem2_ws/install/actions_py:/home/albert/udem2_ws/install/lifecycle_py:/home/albert/udem2_ws/install/executors_py:/home/albert/udem2_ws/install/components_py:/home/albert/udem_ws/install/turtlesim_catcher:/home/albert/udem_ws/install/my_py_pkg:/home/albert/udem_ws/install/lifecycle_py:/home/albert/bcdc_ws/install/agbot_teleop:/home/albert/bcdc_ws/install/agbot_py:/home/albert/arduinobot_ws/install/arduinobot_py_examples:/opt/ros/humble LD_LIBRARY_PATH=/home/albert/ag_arm_ws/install/arm_msgs/lib:/home/albert/ag_arm_ws/install/arm_remote/lib:/home/albert/ws_moveit2/install/pilz_industrial_motion_planner_testutils/lib:/home/albert/ws_moveit2/install/pilz_industrial_motion_planner/lib:/home/albert/ws_moveit2/install/moveit_visual_tools/lib:/home/albert/ws_moveit2/install/moveit_task_constructor_visualization/lib:/home/albert/ws_moveit2/install/moveit_task_constructor_demo/lib:/home/albert/ws_moveit2/install/moveit_task_constructor_capabilities/lib:/home/albert/ws_moveit2/install/moveit_task_constructor_core/lib:/home/albert/ws_moveit2/install/moveit_ros_control_interface/lib:/home/albert/ws_moveit2/install/moveit_simple_controller_manager/lib:/home/albert/ws_moveit2/install/moveit_setup_assistant/lib:/home/albert/ws_moveit2/install/moveit_setup_srdf_plugins/lib:/home/albert/ws_moveit2/install/moveit_setup_core_plugins/lib:/home/albert/ws_moveit2/install/moveit_setup_controllers/lib:/home/albert/ws_moveit2/install/moveit_setup_app_plugins/lib:/home/albert/ws_moveit2/install/moveit_setup_framework/lib:/home/albert/ws_moveit2/install/moveit_servo/lib:/home/albert/ws_moveit2/install/moveit_ros_visualization/lib:/home/albert/ws_moveit2/install/moveit_hybrid_planning/lib:/home/albert/ws_moveit2/install/moveit_ros_planning_interface/lib:/home/albert/ws_moveit2/install/moveit_ros_benchmarks/lib:/home/albert/ws_moveit2/install/moveit_ros_warehouse/lib:/home/albert/ws_moveit2/install/moveit_ros_robot_interaction/lib:/home/albert/ws_moveit2/install/moveit_ros_perception/lib:/home/albert/ws_moveit2/install/moveit_ros_move_group/lib:/home/albert/ws_moveit2/install/moveit_planners_ompl/lib:/home/albert/ws_moveit2/install/moveit_ros_planning/lib:/home/albert/ws_moveit2/install/moveit_ros_occupancy_map_monitor/lib:/home/albert/ws_moveit2/install/moveit_resources_prbt_ikfast_manipulator_plugin/lib:/home/albert/ws_moveit2/install/moveit_planners_chomp/lib:/home/albert/ws_moveit2/install/moveit_kinematics/lib:/home/albert/ws_moveit2/install/moveit_chomp_optimizer_adapter/lib:/home/albert/ws_moveit2/install/chomp_motion_planner/lib:/home/albert/ws_moveit2/install/moveit_core/lib:/home/albert/ws_moveit2/install/srdfdom/lib:/home/albert/ws_moveit2/install/rviz_marker_tools/lib:/home/albert/ws_moveit2/install/rosparam_shortcuts/lib:/home/albert/ws_moveit2/install/moveit_task_constructor_msgs/lib:/home/albert/umov_ws/install/arduino_remote/lib:/home/albert/umov_ws/install/arduino_cpp_examples/lib:/home/albert/umov_ws/install/arduino_msgs/lib:/home/albert/umov_ws/install/arduino_controller/lib:/home/albert/udem2_ws/install/final_project_cpp/lib:/home/albert/udem2_ws/install/robot_interfaces/lib:/home/albert/udem2_ws/install/components_cpp/lib:/home/albert/udem_ws/install/my_robot_interfaces/lib:/home/albert/bcdc_ws/install/aggiebot_msgs/lib:/home/albert/bcdc_ws/install/agbot_msgs/lib:/home/albert/arduinobot_ws/install/arduinobot_remote/lib:/home/albert/arduinobot_ws/install/arduinobot_cpp_examples/lib:/home/albert/arduinobot_ws/install/arduinobot_msgs/lib:/usr/lib/x86_64-linux-gnu/gazebo-11/plugins:/opt/ros/humble/opt/rviz_ogre_vendor/lib:/opt/ros/humble/lib/x86_64-linux-gnu:/opt/ros/humble/lib:/usr/share/gazebo/../../lib/x86_64-linux-gnu/gazebo-11/plugins /home/albert/.local/bin/cmake --install /home/albert/ag_arm_ws/build/arm_cpp
[1.611s] Level 1:colcon.colcon_core.environment:create_environment_scripts_only(arm_cpp)
[1.612s] Level 1:colcon.colcon_core.environment:checking '/home/albert/ag_arm_ws/install/arm_cpp' for CMake module files
[1.613s] DEBUG:colcon.colcon_core.event_handler.log_command:Invoked command in '/home/albert/ag_arm_ws/build/arm_cpp' returned '0': CMAKE_PREFIX_PATH=/home/albert/ag_arm_ws/install/arm_msgs:/home/albert/ag_arm_ws/install/arm_setup_moveit:/home/albert/ag_arm_ws/install/arm_remote:/home/albert/ag_arm_ws/install/arm_cpp:/home/albert/ag_arm_ws/install/arm_moveit:/home/albert/ag_arm_ws/install/arm_description:/home/albert/ag_arm_ws/install/arm_controller:/home/albert/ag_arm_ws/install/arm_bringup:/home/albert/ws_moveit2/install/pilz_industrial_motion_planner_testutils:/home/albert/ws_moveit2/install/moveit_runtime:/home/albert/ws_moveit2/install/moveit2_tutorials:/home/albert/ws_moveit2/install/moveit:/home/albert/ws_moveit2/install/moveit_planners:/home/albert/ws_moveit2/install/pilz_industrial_motion_planner:/home/albert/ws_moveit2/install/moveit_visual_tools:/home/albert/ws_moveit2/install/moveit_task_constructor_visualization:/home/albert/ws_moveit2/install/moveit_task_constructor_demo:/home/albert/ws_moveit2/install/moveit_task_constructor_capabilities:/home/albert/ws_moveit2/install/moveit_task_constructor_core:/home/albert/ws_moveit2/install/moveit_ros_control_interface:/home/albert/ws_moveit2/install/moveit_plugins:/home/albert/ws_moveit2/install/moveit_simple_controller_manager:/home/albert/ws_moveit2/install/moveit_setup_assistant:/home/albert/ws_moveit2/install/moveit_setup_srdf_plugins:/home/albert/ws_moveit2/install/moveit_setup_core_plugins:/home/albert/ws_moveit2/install/moveit_setup_controllers:/home/albert/ws_moveit2/install/moveit_setup_app_plugins:/home/albert/ws_moveit2/install/moveit_setup_framework:/home/albert/ws_moveit2/install/moveit_servo:/home/albert/ws_moveit2/install/moveit_ros:/home/albert/ws_moveit2/install/moveit_ros_visualization:/home/albert/ws_moveit2/install/moveit_hybrid_planning:/home/albert/ws_moveit2/install/moveit_ros_planning_interface:/home/albert/ws_moveit2/install/moveit_ros_benchmarks:/home/albert/ws_moveit2/install/moveit_ros_warehouse:/home/albert/ws_moveit2/install/moveit_ros_robot_interaction:/home/albert/ws_moveit2/install/moveit_ros_perception:/home/albert/ws_moveit2/install/moveit_resources_prbt_pg70_support:/home/albert/ws_moveit2/install/moveit_resources_prbt_moveit_config:/home/albert/ws_moveit2/install/moveit_ros_move_group:/home/albert/ws_moveit2/install/moveit_planners_ompl:/home/albert/ws_moveit2/install/moveit_ros_planning:/home/albert/ws_moveit2/install/moveit_ros_occupancy_map_monitor:/home/albert/ws_moveit2/install/moveit_resources_prbt_ikfast_manipulator_plugin:/home/albert/ws_moveit2/install/moveit_planners_chomp:/home/albert/ws_moveit2/install/moveit_kinematics:/home/albert/ws_moveit2/install/moveit_chomp_optimizer_adapter:/home/albert/ws_moveit2/install/chomp_motion_planner:/home/albert/ws_moveit2/install/moveit_core:/home/albert/ws_moveit2/install/srdfdom:/home/albert/ws_moveit2/install/rviz_marker_tools:/home/albert/ws_moveit2/install/rosparam_shortcuts:/home/albert/ws_moveit2/install/moveit_task_constructor_msgs:/home/albert/ws_moveit2/install/moveit_resources_prbt_support:/home/albert/ws_moveit2/install/moveit_resources:/home/albert/ws_moveit2/install/moveit_resources_pr2_description:/home/albert/ws_moveit2/install/moveit_resources_panda_moveit_config:/home/albert/ws_moveit2/install/moveit_resources_panda_description:/home/albert/ws_moveit2/install/moveit_resources_fanuc_moveit_config:/home/albert/ws_moveit2/install/moveit_resources_fanuc_description:/home/albert/ws_moveit2/install/moveit_common:/home/albert/umov_ws/install/moveitassistant:/home/albert/umov_ws/install/description:/home/albert/umov_ws/install/arduino_utils:/home/albert/umov_ws/install/arduino_remote:/home/albert/umov_ws/install/arduino_cpp_examples:/home/albert/umov_ws/install/arduino_msgs:/home/albert/umov_ws/install/arduino_moveit:/home/albert/umov_ws/install/arduino_firmware:/home/albert/umov_ws/install/arduino_controller:/home/albert/umov_ws/install/arduino_bringup:/home/albert/unav_ws/install/turtlebot3_fake_node:/home/albert/unav_ws/install/robot_bringup:/home/albert/unav_ws/install/nav2_robot_description:/home/albert/udem2_ws/install/robot_bringup:/home/albert/udem2_ws/install/my_robot_bringup:/home/albert/udem2_ws/install/lifecycle_cpp:/home/albert/udem2_ws/install/final_project_cpp:/home/albert/udem2_ws/install/actions_cpp:/home/albert/udem2_ws/install/robot_interfaces:/home/albert/udem2_ws/install/executors_cpp:/home/albert/udem2_ws/install/components_cpp:/home/albert/udem_ws/install/my_robot_bringup:/home/albert/udem_ws/install/my_cpp_pkg:/home/albert/udem_ws/install/my_robot_interfaces:/home/albert/udem_ws/install/my_robot_description:/home/albert/udem_ws/install/lifecycle_cpp:/home/albert/bcdc_ws/install/aggiebot_cpp:/home/albert/bcdc_ws/install/aggiebot_msgs:/home/albert/bcdc_ws/install/aggiebot_description:/home/albert/bcdc_ws/install/aggiebot_controller:/home/albert/bcdc_ws/install/aggiebot_bringup:/home/albert/bcdc_ws/install/aggiebot_arm_moveit:/home/albert/bcdc_ws/install/aggiebot_arm_description:/home/albert/bcdc_ws/install/aggiebot_arm_controller:/home/albert/bcdc_ws/install/agbot_setup_moveit:/home/albert/bcdc_ws/install/agbot_cpp:/home/albert/bcdc_ws/install/agbot_msgs:/home/albert/bcdc_ws/install/agbot_moveit:/home/albert/bcdc_ws/install/agbot_description:/home/albert/bcdc_ws/install/agbot_controller:/home/albert/bcdc_ws/install/agbot_bringup:/home/albert/bcdc_ws/install/agbot_arm_controller:/home/albert/arduinobot_ws/install/arduinobot_utils:/home/albert/arduinobot_ws/install/arduinobot_remote:/home/albert/arduinobot_ws/install/arduinobot_cpp_examples:/home/albert/arduinobot_ws/install/arduinobot_msgs:/home/albert/arduinobot_ws/install/arduinobot_moveit_setup:/home/albert/arduinobot_ws/install/arduinobot_moveit:/home/albert/arduinobot_ws/install/arduinobot_description:/home/albert/arduinobot_ws/install/arduinobot_controller:/home/albert/rad_ws/install/agbot_full_nav2:/home/albert/rad_ws/install/agbot_full_msgs:/home/albert/rad_ws/install/agbot_full_moveit_setup:/home/albert/rad_ws/install/agbot_full_moveit:/home/albert/rad_ws/install/agbot_full_description:/home/albert/rad_ws/install/agbot_full_cpp:/home/albert/rad_ws/install/agbot_full_controller:/home/albert/rad_ws/install/agbot_full_cartogropher:/home/albert/dev_ws/install/my_bot:/home/albert/ag_car_ws/install/car_nav2:/home/albert/ag_car_ws/install/car_description:/home/albert/ag_car_ws/install/car_controller:/home/albert/ag_car_ws/install/car_cartographer:/home/albert/ag_arm_ws/install/arm_py:/home/albert/ws_moveit2/install/moveit_configs_utils:/home/albert/ws_moveit2/install/launch_param_builder:/home/albert/umov_ws/install/arduino_py_examples:/home/albert/udem2_ws/install/actions_py:/home/albert/udem2_ws/install/lifecycle_py:/home/albert/udem2_ws/install/executors_py:/home/albert/udem2_ws/install/components_py:/home/albert/udem_ws/install/turtlesim_catcher:/home/albert/udem_ws/install/my_py_pkg:/home/albert/udem_ws/install/lifecycle_py:/home/albert/bcdc_ws/install/agbot_teleop:/home/albert/bcdc_ws/install/agbot_py:/home/albert/arduinobot_ws/install/arduinobot_py_examples:/opt/ros/humble LD_LIBRARY_PATH=/home/albert/ag_arm_ws/install/arm_msgs/lib:/home/albert/ag_arm_ws/install/arm_remote/lib:/home/albert/ws_moveit2/install/pilz_industrial_motion_planner_testutils/lib:/home/albert/ws_moveit2/install/pilz_industrial_motion_planner/lib:/home/albert/ws_moveit2/install/moveit_visual_tools/lib:/home/albert/ws_moveit2/install/moveit_task_constructor_visualization/lib:/home/albert/ws_moveit2/install/moveit_task_constructor_demo/lib:/home/albert/ws_moveit2/install/moveit_task_constructor_capabilities/lib:/home/albert/ws_moveit2/install/moveit_task_constructor_core/lib:/home/albert/ws_moveit2/install/moveit_ros_control_interface/lib:/home/albert/ws_moveit2/install/moveit_simple_controller_manager/lib:/home/albert/ws_moveit2/install/moveit_setup_assistant/lib:/home/albert/ws_moveit2/install/moveit_setup_srdf_plugins/lib:/home/albert/ws_moveit2/install/moveit_setup_core_plugins/lib:/home/albert/ws_moveit2/install/moveit_setup_controllers/lib:/home/albert/ws_moveit2/install/moveit_setup_app_plugins/lib:/home/albert/ws_moveit2/install/moveit_setup_framework/lib:/home/albert/ws_moveit2/install/moveit_servo/lib:/home/albert/ws_moveit2/install/moveit_ros_visualization/lib:/home/albert/ws_moveit2/install/moveit_hybrid_planning/lib:/home/albert/ws_moveit2/install/moveit_ros_planning_interface/lib:/home/albert/ws_moveit2/install/moveit_ros_benchmarks/lib:/home/albert/ws_moveit2/install/moveit_ros_warehouse/lib:/home/albert/ws_moveit2/install/moveit_ros_robot_interaction/lib:/home/albert/ws_moveit2/install/moveit_ros_perception/lib:/home/albert/ws_moveit2/install/moveit_ros_move_group/lib:/home/albert/ws_moveit2/install/moveit_planners_ompl/lib:/home/albert/ws_moveit2/install/moveit_ros_planning/lib:/home/albert/ws_moveit2/install/moveit_ros_occupancy_map_monitor/lib:/home/albert/ws_moveit2/install/moveit_resources_prbt_ikfast_manipulator_plugin/lib:/home/albert/ws_moveit2/install/moveit_planners_chomp/lib:/home/albert/ws_moveit2/install/moveit_kinematics/lib:/home/albert/ws_moveit2/install/moveit_chomp_optimizer_adapter/lib:/home/albert/ws_moveit2/install/chomp_motion_planner/lib:/home/albert/ws_moveit2/install/moveit_core/lib:/home/albert/ws_moveit2/install/srdfdom/lib:/home/albert/ws_moveit2/install/rviz_marker_tools/lib:/home/albert/ws_moveit2/install/rosparam_shortcuts/lib:/home/albert/ws_moveit2/install/moveit_task_constructor_msgs/lib:/home/albert/umov_ws/install/arduino_remote/lib:/home/albert/umov_ws/install/arduino_cpp_examples/lib:/home/albert/umov_ws/install/arduino_msgs/lib:/home/albert/umov_ws/install/arduino_controller/lib:/home/albert/udem2_ws/install/final_project_cpp/lib:/home/albert/udem2_ws/install/robot_interfaces/lib:/home/albert/udem2_ws/install/components_cpp/lib:/home/albert/udem_ws/install/my_robot_interfaces/lib:/home/albert/bcdc_ws/install/aggiebot_msgs/lib:/home/albert/bcdc_ws/install/agbot_msgs/lib:/home/albert/arduinobot_ws/install/arduinobot_remote/lib:/home/albert/arduinobot_ws/install/arduinobot_cpp_examples/lib:/home/albert/arduinobot_ws/install/arduinobot_msgs/lib:/usr/lib/x86_64-linux-gnu/gazebo-11/plugins:/opt/ros/humble/opt/rviz_ogre_vendor/lib:/opt/ros/humble/lib/x86_64-linux-gnu:/opt/ros/humble/lib:/usr/share/gazebo/../../lib/x86_64-linux-gnu/gazebo-11/plugins /home/albert/.local/bin/cmake --install /home/albert/ag_arm_ws/build/arm_cpp
[1.613s] Level 1:colcon.colcon_core.environment:checking '/home/albert/ag_arm_ws/install/arm_cpp' for CMake config files
[1.613s] Level 1:colcon.colcon_core.shell:create_environment_hook('arm_cpp', 'cmake_prefix_path')
[1.614s] INFO:colcon.colcon_core.shell:Creating environment hook '/home/albert/ag_arm_ws/install/arm_cpp/share/arm_cpp/hook/cmake_prefix_path.ps1'
[1.615s] INFO:colcon.colcon_core.shell:Creating environment descriptor '/home/albert/ag_arm_ws/install/arm_cpp/share/arm_cpp/hook/cmake_prefix_path.dsv'
[1.615s] INFO:colcon.colcon_core.shell:Creating environment hook '/home/albert/ag_arm_ws/install/arm_cpp/share/arm_cpp/hook/cmake_prefix_path.sh'
[1.616s] Level 1:colcon.colcon_core.environment:checking '/home/albert/ag_arm_ws/install/arm_cpp/lib'
[1.616s] Level 1:colcon.colcon_core.environment:checking '/home/albert/ag_arm_ws/install/arm_cpp/bin'
[1.616s] Level 1:colcon.colcon_core.environment:checking '/home/albert/ag_arm_ws/install/arm_cpp/lib/pkgconfig/arm_cpp.pc'
[1.617s] Level 1:colcon.colcon_core.environment:checking '/home/albert/ag_arm_ws/install/arm_cpp/lib/python3.10/site-packages'
[1.617s] Level 1:colcon.colcon_core.environment:checking '/home/albert/ag_arm_ws/install/arm_cpp/bin'
[1.617s] INFO:colcon.colcon_core.shell:Creating package script '/home/albert/ag_arm_ws/install/arm_cpp/share/arm_cpp/package.ps1'
[1.618s] INFO:colcon.colcon_core.shell:Creating package descriptor '/home/albert/ag_arm_ws/install/arm_cpp/share/arm_cpp/package.dsv'
[1.619s] INFO:colcon.colcon_core.shell:Creating package script '/home/albert/ag_arm_ws/install/arm_cpp/share/arm_cpp/package.sh'
[1.619s] INFO:colcon.colcon_core.shell:Creating package script '/home/albert/ag_arm_ws/install/arm_cpp/share/arm_cpp/package.bash'
[1.620s] INFO:colcon.colcon_core.shell:Creating package script '/home/albert/ag_arm_ws/install/arm_cpp/share/arm_cpp/package.zsh'
[1.620s] Level 1:colcon.colcon_core.environment:create_file_with_runtime_dependencies(/home/albert/ag_arm_ws/install/arm_cpp/share/colcon-core/packages/arm_cpp)
[1.621s] Level 1:colcon.colcon_core.environment:create_environment_scripts_only(arm_cpp)
[1.622s] Level 1:colcon.colcon_core.environment:checking '/home/albert/ag_arm_ws/install/arm_cpp' for CMake module files
[1.623s] Level 1:colcon.colcon_core.environment:checking '/home/albert/ag_arm_ws/install/arm_cpp' for CMake config files
[1.623s] Level 1:colcon.colcon_core.shell:create_environment_hook('arm_cpp', 'cmake_prefix_path')
[1.624s] INFO:colcon.colcon_core.shell:Creating environment hook '/home/albert/ag_arm_ws/install/arm_cpp/share/arm_cpp/hook/cmake_prefix_path.ps1'
[1.624s] INFO:colcon.colcon_core.shell:Creating environment descriptor '/home/albert/ag_arm_ws/install/arm_cpp/share/arm_cpp/hook/cmake_prefix_path.dsv'
[1.625s] INFO:colcon.colcon_core.shell:Creating environment hook '/home/albert/ag_arm_ws/install/arm_cpp/share/arm_cpp/hook/cmake_prefix_path.sh'
[1.625s] Level 1:colcon.colcon_core.environment:checking '/home/albert/ag_arm_ws/install/arm_cpp/lib'
[1.626s] Level 1:colcon.colcon_core.environment:checking '/home/albert/ag_arm_ws/install/arm_cpp/bin'
[1.626s] Level 1:colcon.colcon_core.environment:checking '/home/albert/ag_arm_ws/install/arm_cpp/lib/pkgconfig/arm_cpp.pc'
[1.626s] Level 1:colcon.colcon_core.environment:checking '/home/albert/ag_arm_ws/install/arm_cpp/lib/python3.10/site-packages'
[1.626s] Level 1:colcon.colcon_core.environment:checking '/home/albert/ag_arm_ws/install/arm_cpp/bin'
[1.627s] INFO:colcon.colcon_core.shell:Creating package script '/home/albert/ag_arm_ws/install/arm_cpp/share/arm_cpp/package.ps1'
[1.628s] INFO:colcon.colcon_core.shell:Creating package descriptor '/home/albert/ag_arm_ws/install/arm_cpp/share/arm_cpp/package.dsv'
[1.628s] INFO:colcon.colcon_core.shell:Creating package script '/home/albert/ag_arm_ws/install/arm_cpp/share/arm_cpp/package.sh'
[1.629s] INFO:colcon.colcon_core.shell:Creating package script '/home/albert/ag_arm_ws/install/arm_cpp/share/arm_cpp/package.bash'
[1.629s] INFO:colcon.colcon_core.shell:Creating package script '/home/albert/ag_arm_ws/install/arm_cpp/share/arm_cpp/package.zsh'
[1.630s] Level 1:colcon.colcon_core.environment:create_file_with_runtime_dependencies(/home/albert/ag_arm_ws/install/arm_cpp/share/colcon-core/packages/arm_cpp)
[1.994s] DEBUG:colcon.colcon_core.event_handler.log_command:Invoking command in '/home/albert/ag_arm_ws/src/arm_py': PYTHONPATH=/home/albert/ag_arm_ws/build/arm_py/prefix_override:/usr/lib/python3/dist-packages/colcon_core/task/python/colcon_distutils_commands:/home/albert/ag_arm_ws/install/arm_py/lib/python3.10/site-packages:${PYTHONPATH} /usr/bin/python3 -W ignore:setup.py install is deprecated -W ignore:easy_install command is deprecated setup.py egg_info --egg-base ../../build/arm_py build --build-base /home/albert/ag_arm_ws/build/arm_py/build install --record /home/albert/ag_arm_ws/build/arm_py/install.log --single-version-externally-managed install_data
[2.141s] DEBUG:colcon.colcon_core.event_handler.log_command:Invoked command in '/home/albert/ag_arm_ws/build/arm_remote' returned '0': CMAKE_PREFIX_PATH=/home/albert/ag_arm_ws/install/arm_msgs:/home/albert/ag_arm_ws/install/arm_moveit:/home/albert/ag_arm_ws/install/arm_setup_moveit:/home/albert/ag_arm_ws/install/arm_remote:/home/albert/ag_arm_ws/install/arm_cpp:/home/albert/ag_arm_ws/install/arm_description:/home/albert/ag_arm_ws/install/arm_controller:/home/albert/ag_arm_ws/install/arm_bringup:/home/albert/ws_moveit2/install/pilz_industrial_motion_planner_testutils:/home/albert/ws_moveit2/install/moveit_runtime:/home/albert/ws_moveit2/install/moveit2_tutorials:/home/albert/ws_moveit2/install/moveit:/home/albert/ws_moveit2/install/moveit_planners:/home/albert/ws_moveit2/install/pilz_industrial_motion_planner:/home/albert/ws_moveit2/install/moveit_visual_tools:/home/albert/ws_moveit2/install/moveit_task_constructor_visualization:/home/albert/ws_moveit2/install/moveit_task_constructor_demo:/home/albert/ws_moveit2/install/moveit_task_constructor_capabilities:/home/albert/ws_moveit2/install/moveit_task_constructor_core:/home/albert/ws_moveit2/install/moveit_ros_control_interface:/home/albert/ws_moveit2/install/moveit_plugins:/home/albert/ws_moveit2/install/moveit_simple_controller_manager:/home/albert/ws_moveit2/install/moveit_setup_assistant:/home/albert/ws_moveit2/install/moveit_setup_srdf_plugins:/home/albert/ws_moveit2/install/moveit_setup_core_plugins:/home/albert/ws_moveit2/install/moveit_setup_controllers:/home/albert/ws_moveit2/install/moveit_setup_app_plugins:/home/albert/ws_moveit2/install/moveit_setup_framework:/home/albert/ws_moveit2/install/moveit_servo:/home/albert/ws_moveit2/install/moveit_ros:/home/albert/ws_moveit2/install/moveit_ros_visualization:/home/albert/ws_moveit2/install/moveit_hybrid_planning:/home/albert/ws_moveit2/install/moveit_ros_planning_interface:/home/albert/ws_moveit2/install/moveit_ros_benchmarks:/home/albert/ws_moveit2/install/moveit_ros_warehouse:/home/albert/ws_moveit2/install/moveit_ros_robot_interaction:/home/albert/ws_moveit2/install/moveit_ros_perception:/home/albert/ws_moveit2/install/moveit_resources_prbt_pg70_support:/home/albert/ws_moveit2/install/moveit_resources_prbt_moveit_config:/home/albert/ws_moveit2/install/moveit_ros_move_group:/home/albert/ws_moveit2/install/moveit_planners_ompl:/home/albert/ws_moveit2/install/moveit_ros_planning:/home/albert/ws_moveit2/install/moveit_ros_occupancy_map_monitor:/home/albert/ws_moveit2/install/moveit_resources_prbt_ikfast_manipulator_plugin:/home/albert/ws_moveit2/install/moveit_planners_chomp:/home/albert/ws_moveit2/install/moveit_kinematics:/home/albert/ws_moveit2/install/moveit_chomp_optimizer_adapter:/home/albert/ws_moveit2/install/chomp_motion_planner:/home/albert/ws_moveit2/install/moveit_core:/home/albert/ws_moveit2/install/srdfdom:/home/albert/ws_moveit2/install/rviz_marker_tools:/home/albert/ws_moveit2/install/rosparam_shortcuts:/home/albert/ws_moveit2/install/moveit_task_constructor_msgs:/home/albert/ws_moveit2/install/moveit_resources_prbt_support:/home/albert/ws_moveit2/install/moveit_resources:/home/albert/ws_moveit2/install/moveit_resources_pr2_description:/home/albert/ws_moveit2/install/moveit_resources_panda_moveit_config:/home/albert/ws_moveit2/install/moveit_resources_panda_description:/home/albert/ws_moveit2/install/moveit_resources_fanuc_moveit_config:/home/albert/ws_moveit2/install/moveit_resources_fanuc_description:/home/albert/ws_moveit2/install/moveit_common:/home/albert/umov_ws/install/moveitassistant:/home/albert/umov_ws/install/description:/home/albert/umov_ws/install/arduino_utils:/home/albert/umov_ws/install/arduino_remote:/home/albert/umov_ws/install/arduino_cpp_examples:/home/albert/umov_ws/install/arduino_msgs:/home/albert/umov_ws/install/arduino_moveit:/home/albert/umov_ws/install/arduino_firmware:/home/albert/umov_ws/install/arduino_controller:/home/albert/umov_ws/install/arduino_bringup:/home/albert/unav_ws/install/turtlebot3_fake_node:/home/albert/unav_ws/install/robot_bringup:/home/albert/unav_ws/install/nav2_robot_description:/home/albert/udem2_ws/install/robot_bringup:/home/albert/udem2_ws/install/my_robot_bringup:/home/albert/udem2_ws/install/lifecycle_cpp:/home/albert/udem2_ws/install/final_project_cpp:/home/albert/udem2_ws/install/actions_cpp:/home/albert/udem2_ws/install/robot_interfaces:/home/albert/udem2_ws/install/executors_cpp:/home/albert/udem2_ws/install/components_cpp:/home/albert/udem_ws/install/my_robot_bringup:/home/albert/udem_ws/install/my_cpp_pkg:/home/albert/udem_ws/install/my_robot_interfaces:/home/albert/udem_ws/install/my_robot_description:/home/albert/udem_ws/install/lifecycle_cpp:/home/albert/bcdc_ws/install/aggiebot_cpp:/home/albert/bcdc_ws/install/aggiebot_msgs:/home/albert/bcdc_ws/install/aggiebot_description:/home/albert/bcdc_ws/install/aggiebot_controller:/home/albert/bcdc_ws/install/aggiebot_bringup:/home/albert/bcdc_ws/install/aggiebot_arm_moveit:/home/albert/bcdc_ws/install/aggiebot_arm_description:/home/albert/bcdc_ws/install/aggiebot_arm_controller:/home/albert/bcdc_ws/install/agbot_setup_moveit:/home/albert/bcdc_ws/install/agbot_cpp:/home/albert/bcdc_ws/install/agbot_msgs:/home/albert/bcdc_ws/install/agbot_moveit:/home/albert/bcdc_ws/install/agbot_description:/home/albert/bcdc_ws/install/agbot_controller:/home/albert/bcdc_ws/install/agbot_bringup:/home/albert/bcdc_ws/install/agbot_arm_controller:/home/albert/arduinobot_ws/install/arduinobot_utils:/home/albert/arduinobot_ws/install/arduinobot_remote:/home/albert/arduinobot_ws/install/arduinobot_cpp_examples:/home/albert/arduinobot_ws/install/arduinobot_msgs:/home/albert/arduinobot_ws/install/arduinobot_moveit_setup:/home/albert/arduinobot_ws/install/arduinobot_moveit:/home/albert/arduinobot_ws/install/arduinobot_description:/home/albert/arduinobot_ws/install/arduinobot_controller:/home/albert/rad_ws/install/agbot_full_nav2:/home/albert/rad_ws/install/agbot_full_msgs:/home/albert/rad_ws/install/agbot_full_moveit_setup:/home/albert/rad_ws/install/agbot_full_moveit:/home/albert/rad_ws/install/agbot_full_description:/home/albert/rad_ws/install/agbot_full_cpp:/home/albert/rad_ws/install/agbot_full_controller:/home/albert/rad_ws/install/agbot_full_cartogropher:/home/albert/dev_ws/install/my_bot:/home/albert/ag_car_ws/install/car_nav2:/home/albert/ag_car_ws/install/car_description:/home/albert/ag_car_ws/install/car_controller:/home/albert/ag_car_ws/install/car_cartographer:/home/albert/ag_arm_ws/install/arm_py:/home/albert/ws_moveit2/install/moveit_configs_utils:/home/albert/ws_moveit2/install/launch_param_builder:/home/albert/umov_ws/install/arduino_py_examples:/home/albert/udem2_ws/install/actions_py:/home/albert/udem2_ws/install/lifecycle_py:/home/albert/udem2_ws/install/executors_py:/home/albert/udem2_ws/install/components_py:/home/albert/udem_ws/install/turtlesim_catcher:/home/albert/udem_ws/install/my_py_pkg:/home/albert/udem_ws/install/lifecycle_py:/home/albert/bcdc_ws/install/agbot_teleop:/home/albert/bcdc_ws/install/agbot_py:/home/albert/arduinobot_ws/install/arduinobot_py_examples:/opt/ros/humble LD_LIBRARY_PATH=/home/albert/ag_arm_ws/install/arm_msgs/lib:/home/albert/ag_arm_ws/install/arm_remote/lib:/home/albert/ws_moveit2/install/pilz_industrial_motion_planner_testutils/lib:/home/albert/ws_moveit2/install/pilz_industrial_motion_planner/lib:/home/albert/ws_moveit2/install/moveit_visual_tools/lib:/home/albert/ws_moveit2/install/moveit_task_constructor_visualization/lib:/home/albert/ws_moveit2/install/moveit_task_constructor_demo/lib:/home/albert/ws_moveit2/install/moveit_task_constructor_capabilities/lib:/home/albert/ws_moveit2/install/moveit_task_constructor_core/lib:/home/albert/ws_moveit2/install/moveit_ros_control_interface/lib:/home/albert/ws_moveit2/install/moveit_simple_controller_manager/lib:/home/albert/ws_moveit2/install/moveit_setup_assistant/lib:/home/albert/ws_moveit2/install/moveit_setup_srdf_plugins/lib:/home/albert/ws_moveit2/install/moveit_setup_core_plugins/lib:/home/albert/ws_moveit2/install/moveit_setup_controllers/lib:/home/albert/ws_moveit2/install/moveit_setup_app_plugins/lib:/home/albert/ws_moveit2/install/moveit_setup_framework/lib:/home/albert/ws_moveit2/install/moveit_servo/lib:/home/albert/ws_moveit2/install/moveit_ros_visualization/lib:/home/albert/ws_moveit2/install/moveit_hybrid_planning/lib:/home/albert/ws_moveit2/install/moveit_ros_planning_interface/lib:/home/albert/ws_moveit2/install/moveit_ros_benchmarks/lib:/home/albert/ws_moveit2/install/moveit_ros_warehouse/lib:/home/albert/ws_moveit2/install/moveit_ros_robot_interaction/lib:/home/albert/ws_moveit2/install/moveit_ros_perception/lib:/home/albert/ws_moveit2/install/moveit_ros_move_group/lib:/home/albert/ws_moveit2/install/moveit_planners_ompl/lib:/home/albert/ws_moveit2/install/moveit_ros_planning/lib:/home/albert/ws_moveit2/install/moveit_ros_occupancy_map_monitor/lib:/home/albert/ws_moveit2/install/moveit_resources_prbt_ikfast_manipulator_plugin/lib:/home/albert/ws_moveit2/install/moveit_planners_chomp/lib:/home/albert/ws_moveit2/install/moveit_kinematics/lib:/home/albert/ws_moveit2/install/moveit_chomp_optimizer_adapter/lib:/home/albert/ws_moveit2/install/chomp_motion_planner/lib:/home/albert/ws_moveit2/install/moveit_core/lib:/home/albert/ws_moveit2/install/srdfdom/lib:/home/albert/ws_moveit2/install/rviz_marker_tools/lib:/home/albert/ws_moveit2/install/rosparam_shortcuts/lib:/home/albert/ws_moveit2/install/moveit_task_constructor_msgs/lib:/home/albert/umov_ws/install/arduino_remote/lib:/home/albert/umov_ws/install/arduino_cpp_examples/lib:/home/albert/umov_ws/install/arduino_msgs/lib:/home/albert/umov_ws/install/arduino_controller/lib:/home/albert/udem2_ws/install/final_project_cpp/lib:/home/albert/udem2_ws/install/robot_interfaces/lib:/home/albert/udem2_ws/install/components_cpp/lib:/home/albert/udem_ws/install/my_robot_interfaces/lib:/home/albert/bcdc_ws/install/aggiebot_msgs/lib:/home/albert/bcdc_ws/install/agbot_msgs/lib:/home/albert/arduinobot_ws/install/arduinobot_remote/lib:/home/albert/arduinobot_ws/install/arduinobot_cpp_examples/lib:/home/albert/arduinobot_ws/install/arduinobot_msgs/lib:/usr/lib/x86_64-linux-gnu/gazebo-11/plugins:/opt/ros/humble/opt/rviz_ogre_vendor/lib:/opt/ros/humble/lib/x86_64-linux-gnu:/opt/ros/humble/lib:/usr/share/gazebo/../../lib/x86_64-linux-gnu/gazebo-11/plugins /home/albert/.local/bin/cmake --build /home/albert/ag_arm_ws/build/arm_remote -- -j8 -l8
[2.144s] DEBUG:colcon.colcon_core.event_handler.log_command:Invoking command in '/home/albert/ag_arm_ws/build/arm_remote': CMAKE_PREFIX_PATH=/home/albert/ag_arm_ws/install/arm_msgs:/home/albert/ag_arm_ws/install/arm_moveit:/home/albert/ag_arm_ws/install/arm_setup_moveit:/home/albert/ag_arm_ws/install/arm_remote:/home/albert/ag_arm_ws/install/arm_cpp:/home/albert/ag_arm_ws/install/arm_description:/home/albert/ag_arm_ws/install/arm_controller:/home/albert/ag_arm_ws/install/arm_bringup:/home/albert/ws_moveit2/install/pilz_industrial_motion_planner_testutils:/home/albert/ws_moveit2/install/moveit_runtime:/home/albert/ws_moveit2/install/moveit2_tutorials:/home/albert/ws_moveit2/install/moveit:/home/albert/ws_moveit2/install/moveit_planners:/home/albert/ws_moveit2/install/pilz_industrial_motion_planner:/home/albert/ws_moveit2/install/moveit_visual_tools:/home/albert/ws_moveit2/install/moveit_task_constructor_visualization:/home/albert/ws_moveit2/install/moveit_task_constructor_demo:/home/albert/ws_moveit2/install/moveit_task_constructor_capabilities:/home/albert/ws_moveit2/install/moveit_task_constructor_core:/home/albert/ws_moveit2/install/moveit_ros_control_interface:/home/albert/ws_moveit2/install/moveit_plugins:/home/albert/ws_moveit2/install/moveit_simple_controller_manager:/home/albert/ws_moveit2/install/moveit_setup_assistant:/home/albert/ws_moveit2/install/moveit_setup_srdf_plugins:/home/albert/ws_moveit2/install/moveit_setup_core_plugins:/home/albert/ws_moveit2/install/moveit_setup_controllers:/home/albert/ws_moveit2/install/moveit_setup_app_plugins:/home/albert/ws_moveit2/install/moveit_setup_framework:/home/albert/ws_moveit2/install/moveit_servo:/home/albert/ws_moveit2/install/moveit_ros:/home/albert/ws_moveit2/install/moveit_ros_visualization:/home/albert/ws_moveit2/install/moveit_hybrid_planning:/home/albert/ws_moveit2/install/moveit_ros_planning_interface:/home/albert/ws_moveit2/install/moveit_ros_benchmarks:/home/albert/ws_moveit2/install/moveit_ros_warehouse:/home/albert/ws_moveit2/install/moveit_ros_robot_interaction:/home/albert/ws_moveit2/install/moveit_ros_perception:/home/albert/ws_moveit2/install/moveit_resources_prbt_pg70_support:/home/albert/ws_moveit2/install/moveit_resources_prbt_moveit_config:/home/albert/ws_moveit2/install/moveit_ros_move_group:/home/albert/ws_moveit2/install/moveit_planners_ompl:/home/albert/ws_moveit2/install/moveit_ros_planning:/home/albert/ws_moveit2/install/moveit_ros_occupancy_map_monitor:/home/albert/ws_moveit2/install/moveit_resources_prbt_ikfast_manipulator_plugin:/home/albert/ws_moveit2/install/moveit_planners_chomp:/home/albert/ws_moveit2/install/moveit_kinematics:/home/albert/ws_moveit2/install/moveit_chomp_optimizer_adapter:/home/albert/ws_moveit2/install/chomp_motion_planner:/home/albert/ws_moveit2/install/moveit_core:/home/albert/ws_moveit2/install/srdfdom:/home/albert/ws_moveit2/install/rviz_marker_tools:/home/albert/ws_moveit2/install/rosparam_shortcuts:/home/albert/ws_moveit2/install/moveit_task_constructor_msgs:/home/albert/ws_moveit2/install/moveit_resources_prbt_support:/home/albert/ws_moveit2/install/moveit_resources:/home/albert/ws_moveit2/install/moveit_resources_pr2_description:/home/albert/ws_moveit2/install/moveit_resources_panda_moveit_config:/home/albert/ws_moveit2/install/moveit_resources_panda_description:/home/albert/ws_moveit2/install/moveit_resources_fanuc_moveit_config:/home/albert/ws_moveit2/install/moveit_resources_fanuc_description:/home/albert/ws_moveit2/install/moveit_common:/home/albert/umov_ws/install/moveitassistant:/home/albert/umov_ws/install/description:/home/albert/umov_ws/install/arduino_utils:/home/albert/umov_ws/install/arduino_remote:/home/albert/umov_ws/install/arduino_cpp_examples:/home/albert/umov_ws/install/arduino_msgs:/home/albert/umov_ws/install/arduino_moveit:/home/albert/umov_ws/install/arduino_firmware:/home/albert/umov_ws/install/arduino_controller:/home/albert/umov_ws/install/arduino_bringup:/home/albert/unav_ws/install/turtlebot3_fake_node:/home/albert/unav_ws/install/robot_bringup:/home/albert/unav_ws/install/nav2_robot_description:/home/albert/udem2_ws/install/robot_bringup:/home/albert/udem2_ws/install/my_robot_bringup:/home/albert/udem2_ws/install/lifecycle_cpp:/home/albert/udem2_ws/install/final_project_cpp:/home/albert/udem2_ws/install/actions_cpp:/home/albert/udem2_ws/install/robot_interfaces:/home/albert/udem2_ws/install/executors_cpp:/home/albert/udem2_ws/install/components_cpp:/home/albert/udem_ws/install/my_robot_bringup:/home/albert/udem_ws/install/my_cpp_pkg:/home/albert/udem_ws/install/my_robot_interfaces:/home/albert/udem_ws/install/my_robot_description:/home/albert/udem_ws/install/lifecycle_cpp:/home/albert/bcdc_ws/install/aggiebot_cpp:/home/albert/bcdc_ws/install/aggiebot_msgs:/home/albert/bcdc_ws/install/aggiebot_description:/home/albert/bcdc_ws/install/aggiebot_controller:/home/albert/bcdc_ws/install/aggiebot_bringup:/home/albert/bcdc_ws/install/aggiebot_arm_moveit:/home/albert/bcdc_ws/install/aggiebot_arm_description:/home/albert/bcdc_ws/install/aggiebot_arm_controller:/home/albert/bcdc_ws/install/agbot_setup_moveit:/home/albert/bcdc_ws/install/agbot_cpp:/home/albert/bcdc_ws/install/agbot_msgs:/home/albert/bcdc_ws/install/agbot_moveit:/home/albert/bcdc_ws/install/agbot_description:/home/albert/bcdc_ws/install/agbot_controller:/home/albert/bcdc_ws/install/agbot_bringup:/home/albert/bcdc_ws/install/agbot_arm_controller:/home/albert/arduinobot_ws/install/arduinobot_utils:/home/albert/arduinobot_ws/install/arduinobot_remote:/home/albert/arduinobot_ws/install/arduinobot_cpp_examples:/home/albert/arduinobot_ws/install/arduinobot_msgs:/home/albert/arduinobot_ws/install/arduinobot_moveit_setup:/home/albert/arduinobot_ws/install/arduinobot_moveit:/home/albert/arduinobot_ws/install/arduinobot_description:/home/albert/arduinobot_ws/install/arduinobot_controller:/home/albert/rad_ws/install/agbot_full_nav2:/home/albert/rad_ws/install/agbot_full_msgs:/home/albert/rad_ws/install/agbot_full_moveit_setup:/home/albert/rad_ws/install/agbot_full_moveit:/home/albert/rad_ws/install/agbot_full_description:/home/albert/rad_ws/install/agbot_full_cpp:/home/albert/rad_ws/install/agbot_full_controller:/home/albert/rad_ws/install/agbot_full_cartogropher:/home/albert/dev_ws/install/my_bot:/home/albert/ag_car_ws/install/car_nav2:/home/albert/ag_car_ws/install/car_description:/home/albert/ag_car_ws/install/car_controller:/home/albert/ag_car_ws/install/car_cartographer:/home/albert/ag_arm_ws/install/arm_py:/home/albert/ws_moveit2/install/moveit_configs_utils:/home/albert/ws_moveit2/install/launch_param_builder:/home/albert/umov_ws/install/arduino_py_examples:/home/albert/udem2_ws/install/actions_py:/home/albert/udem2_ws/install/lifecycle_py:/home/albert/udem2_ws/install/executors_py:/home/albert/udem2_ws/install/components_py:/home/albert/udem_ws/install/turtlesim_catcher:/home/albert/udem_ws/install/my_py_pkg:/home/albert/udem_ws/install/lifecycle_py:/home/albert/bcdc_ws/install/agbot_teleop:/home/albert/bcdc_ws/install/agbot_py:/home/albert/arduinobot_ws/install/arduinobot_py_examples:/opt/ros/humble LD_LIBRARY_PATH=/home/albert/ag_arm_ws/install/arm_msgs/lib:/home/albert/ag_arm_ws/install/arm_remote/lib:/home/albert/ws_moveit2/install/pilz_industrial_motion_planner_testutils/lib:/home/albert/ws_moveit2/install/pilz_industrial_motion_planner/lib:/home/albert/ws_moveit2/install/moveit_visual_tools/lib:/home/albert/ws_moveit2/install/moveit_task_constructor_visualization/lib:/home/albert/ws_moveit2/install/moveit_task_constructor_demo/lib:/home/albert/ws_moveit2/install/moveit_task_constructor_capabilities/lib:/home/albert/ws_moveit2/install/moveit_task_constructor_core/lib:/home/albert/ws_moveit2/install/moveit_ros_control_interface/lib:/home/albert/ws_moveit2/install/moveit_simple_controller_manager/lib:/home/albert/ws_moveit2/install/moveit_setup_assistant/lib:/home/albert/ws_moveit2/install/moveit_setup_srdf_plugins/lib:/home/albert/ws_moveit2/install/moveit_setup_core_plugins/lib:/home/albert/ws_moveit2/install/moveit_setup_controllers/lib:/home/albert/ws_moveit2/install/moveit_setup_app_plugins/lib:/home/albert/ws_moveit2/install/moveit_setup_framework/lib:/home/albert/ws_moveit2/install/moveit_servo/lib:/home/albert/ws_moveit2/install/moveit_ros_visualization/lib:/home/albert/ws_moveit2/install/moveit_hybrid_planning/lib:/home/albert/ws_moveit2/install/moveit_ros_planning_interface/lib:/home/albert/ws_moveit2/install/moveit_ros_benchmarks/lib:/home/albert/ws_moveit2/install/moveit_ros_warehouse/lib:/home/albert/ws_moveit2/install/moveit_ros_robot_interaction/lib:/home/albert/ws_moveit2/install/moveit_ros_perception/lib:/home/albert/ws_moveit2/install/moveit_ros_move_group/lib:/home/albert/ws_moveit2/install/moveit_planners_ompl/lib:/home/albert/ws_moveit2/install/moveit_ros_planning/lib:/home/albert/ws_moveit2/install/moveit_ros_occupancy_map_monitor/lib:/home/albert/ws_moveit2/install/moveit_resources_prbt_ikfast_manipulator_plugin/lib:/home/albert/ws_moveit2/install/moveit_planners_chomp/lib:/home/albert/ws_moveit2/install/moveit_kinematics/lib:/home/albert/ws_moveit2/install/moveit_chomp_optimizer_adapter/lib:/home/albert/ws_moveit2/install/chomp_motion_planner/lib:/home/albert/ws_moveit2/install/moveit_core/lib:/home/albert/ws_moveit2/install/srdfdom/lib:/home/albert/ws_moveit2/install/rviz_marker_tools/lib:/home/albert/ws_moveit2/install/rosparam_shortcuts/lib:/home/albert/ws_moveit2/install/moveit_task_constructor_msgs/lib:/home/albert/umov_ws/install/arduino_remote/lib:/home/albert/umov_ws/install/arduino_cpp_examples/lib:/home/albert/umov_ws/install/arduino_msgs/lib:/home/albert/umov_ws/install/arduino_controller/lib:/home/albert/udem2_ws/install/final_project_cpp/lib:/home/albert/udem2_ws/install/robot_interfaces/lib:/home/albert/udem2_ws/install/components_cpp/lib:/home/albert/udem_ws/install/my_robot_interfaces/lib:/home/albert/bcdc_ws/install/aggiebot_msgs/lib:/home/albert/bcdc_ws/install/agbot_msgs/lib:/home/albert/arduinobot_ws/install/arduinobot_remote/lib:/home/albert/arduinobot_ws/install/arduinobot_cpp_examples/lib:/home/albert/arduinobot_ws/install/arduinobot_msgs/lib:/usr/lib/x86_64-linux-gnu/gazebo-11/plugins:/opt/ros/humble/opt/rviz_ogre_vendor/lib:/opt/ros/humble/lib/x86_64-linux-gnu:/opt/ros/humble/lib:/usr/share/gazebo/../../lib/x86_64-linux-gnu/gazebo-11/plugins /home/albert/.local/bin/cmake --install /home/albert/ag_arm_ws/build/arm_remote
[2.219s] Level 1:colcon.colcon_core.environment:create_environment_scripts_only(arm_remote)
[2.219s] Level 1:colcon.colcon_core.environment:checking '/home/albert/ag_arm_ws/install/arm_remote' for CMake module files
[2.220s] DEBUG:colcon.colcon_core.event_handler.log_command:Invoked command in '/home/albert/ag_arm_ws/build/arm_remote' returned '0': CMAKE_PREFIX_PATH=/home/albert/ag_arm_ws/install/arm_msgs:/home/albert/ag_arm_ws/install/arm_moveit:/home/albert/ag_arm_ws/install/arm_setup_moveit:/home/albert/ag_arm_ws/install/arm_remote:/home/albert/ag_arm_ws/install/arm_cpp:/home/albert/ag_arm_ws/install/arm_description:/home/albert/ag_arm_ws/install/arm_controller:/home/albert/ag_arm_ws/install/arm_bringup:/home/albert/ws_moveit2/install/pilz_industrial_motion_planner_testutils:/home/albert/ws_moveit2/install/moveit_runtime:/home/albert/ws_moveit2/install/moveit2_tutorials:/home/albert/ws_moveit2/install/moveit:/home/albert/ws_moveit2/install/moveit_planners:/home/albert/ws_moveit2/install/pilz_industrial_motion_planner:/home/albert/ws_moveit2/install/moveit_visual_tools:/home/albert/ws_moveit2/install/moveit_task_constructor_visualization:/home/albert/ws_moveit2/install/moveit_task_constructor_demo:/home/albert/ws_moveit2/install/moveit_task_constructor_capabilities:/home/albert/ws_moveit2/install/moveit_task_constructor_core:/home/albert/ws_moveit2/install/moveit_ros_control_interface:/home/albert/ws_moveit2/install/moveit_plugins:/home/albert/ws_moveit2/install/moveit_simple_controller_manager:/home/albert/ws_moveit2/install/moveit_setup_assistant:/home/albert/ws_moveit2/install/moveit_setup_srdf_plugins:/home/albert/ws_moveit2/install/moveit_setup_core_plugins:/home/albert/ws_moveit2/install/moveit_setup_controllers:/home/albert/ws_moveit2/install/moveit_setup_app_plugins:/home/albert/ws_moveit2/install/moveit_setup_framework:/home/albert/ws_moveit2/install/moveit_servo:/home/albert/ws_moveit2/install/moveit_ros:/home/albert/ws_moveit2/install/moveit_ros_visualization:/home/albert/ws_moveit2/install/moveit_hybrid_planning:/home/albert/ws_moveit2/install/moveit_ros_planning_interface:/home/albert/ws_moveit2/install/moveit_ros_benchmarks:/home/albert/ws_moveit2/install/moveit_ros_warehouse:/home/albert/ws_moveit2/install/moveit_ros_robot_interaction:/home/albert/ws_moveit2/install/moveit_ros_perception:/home/albert/ws_moveit2/install/moveit_resources_prbt_pg70_support:/home/albert/ws_moveit2/install/moveit_resources_prbt_moveit_config:/home/albert/ws_moveit2/install/moveit_ros_move_group:/home/albert/ws_moveit2/install/moveit_planners_ompl:/home/albert/ws_moveit2/install/moveit_ros_planning:/home/albert/ws_moveit2/install/moveit_ros_occupancy_map_monitor:/home/albert/ws_moveit2/install/moveit_resources_prbt_ikfast_manipulator_plugin:/home/albert/ws_moveit2/install/moveit_planners_chomp:/home/albert/ws_moveit2/install/moveit_kinematics:/home/albert/ws_moveit2/install/moveit_chomp_optimizer_adapter:/home/albert/ws_moveit2/install/chomp_motion_planner:/home/albert/ws_moveit2/install/moveit_core:/home/albert/ws_moveit2/install/srdfdom:/home/albert/ws_moveit2/install/rviz_marker_tools:/home/albert/ws_moveit2/install/rosparam_shortcuts:/home/albert/ws_moveit2/install/moveit_task_constructor_msgs:/home/albert/ws_moveit2/install/moveit_resources_prbt_support:/home/albert/ws_moveit2/install/moveit_resources:/home/albert/ws_moveit2/install/moveit_resources_pr2_description:/home/albert/ws_moveit2/install/moveit_resources_panda_moveit_config:/home/albert/ws_moveit2/install/moveit_resources_panda_description:/home/albert/ws_moveit2/install/moveit_resources_fanuc_moveit_config:/home/albert/ws_moveit2/install/moveit_resources_fanuc_description:/home/albert/ws_moveit2/install/moveit_common:/home/albert/umov_ws/install/moveitassistant:/home/albert/umov_ws/install/description:/home/albert/umov_ws/install/arduino_utils:/home/albert/umov_ws/install/arduino_remote:/home/albert/umov_ws/install/arduino_cpp_examples:/home/albert/umov_ws/install/arduino_msgs:/home/albert/umov_ws/install/arduino_moveit:/home/albert/umov_ws/install/arduino_firmware:/home/albert/umov_ws/install/arduino_controller:/home/albert/umov_ws/install/arduino_bringup:/home/albert/unav_ws/install/turtlebot3_fake_node:/home/albert/unav_ws/install/robot_bringup:/home/albert/unav_ws/install/nav2_robot_description:/home/albert/udem2_ws/install/robot_bringup:/home/albert/udem2_ws/install/my_robot_bringup:/home/albert/udem2_ws/install/lifecycle_cpp:/home/albert/udem2_ws/install/final_project_cpp:/home/albert/udem2_ws/install/actions_cpp:/home/albert/udem2_ws/install/robot_interfaces:/home/albert/udem2_ws/install/executors_cpp:/home/albert/udem2_ws/install/components_cpp:/home/albert/udem_ws/install/my_robot_bringup:/home/albert/udem_ws/install/my_cpp_pkg:/home/albert/udem_ws/install/my_robot_interfaces:/home/albert/udem_ws/install/my_robot_description:/home/albert/udem_ws/install/lifecycle_cpp:/home/albert/bcdc_ws/install/aggiebot_cpp:/home/albert/bcdc_ws/install/aggiebot_msgs:/home/albert/bcdc_ws/install/aggiebot_description:/home/albert/bcdc_ws/install/aggiebot_controller:/home/albert/bcdc_ws/install/aggiebot_bringup:/home/albert/bcdc_ws/install/aggiebot_arm_moveit:/home/albert/bcdc_ws/install/aggiebot_arm_description:/home/albert/bcdc_ws/install/aggiebot_arm_controller:/home/albert/bcdc_ws/install/agbot_setup_moveit:/home/albert/bcdc_ws/install/agbot_cpp:/home/albert/bcdc_ws/install/agbot_msgs:/home/albert/bcdc_ws/install/agbot_moveit:/home/albert/bcdc_ws/install/agbot_description:/home/albert/bcdc_ws/install/agbot_controller:/home/albert/bcdc_ws/install/agbot_bringup:/home/albert/bcdc_ws/install/agbot_arm_controller:/home/albert/arduinobot_ws/install/arduinobot_utils:/home/albert/arduinobot_ws/install/arduinobot_remote:/home/albert/arduinobot_ws/install/arduinobot_cpp_examples:/home/albert/arduinobot_ws/install/arduinobot_msgs:/home/albert/arduinobot_ws/install/arduinobot_moveit_setup:/home/albert/arduinobot_ws/install/arduinobot_moveit:/home/albert/arduinobot_ws/install/arduinobot_description:/home/albert/arduinobot_ws/install/arduinobot_controller:/home/albert/rad_ws/install/agbot_full_nav2:/home/albert/rad_ws/install/agbot_full_msgs:/home/albert/rad_ws/install/agbot_full_moveit_setup:/home/albert/rad_ws/install/agbot_full_moveit:/home/albert/rad_ws/install/agbot_full_description:/home/albert/rad_ws/install/agbot_full_cpp:/home/albert/rad_ws/install/agbot_full_controller:/home/albert/rad_ws/install/agbot_full_cartogropher:/home/albert/dev_ws/install/my_bot:/home/albert/ag_car_ws/install/car_nav2:/home/albert/ag_car_ws/install/car_description:/home/albert/ag_car_ws/install/car_controller:/home/albert/ag_car_ws/install/car_cartographer:/home/albert/ag_arm_ws/install/arm_py:/home/albert/ws_moveit2/install/moveit_configs_utils:/home/albert/ws_moveit2/install/launch_param_builder:/home/albert/umov_ws/install/arduino_py_examples:/home/albert/udem2_ws/install/actions_py:/home/albert/udem2_ws/install/lifecycle_py:/home/albert/udem2_ws/install/executors_py:/home/albert/udem2_ws/install/components_py:/home/albert/udem_ws/install/turtlesim_catcher:/home/albert/udem_ws/install/my_py_pkg:/home/albert/udem_ws/install/lifecycle_py:/home/albert/bcdc_ws/install/agbot_teleop:/home/albert/bcdc_ws/install/agbot_py:/home/albert/arduinobot_ws/install/arduinobot_py_examples:/opt/ros/humble LD_LIBRARY_PATH=/home/albert/ag_arm_ws/install/arm_msgs/lib:/home/albert/ag_arm_ws/install/arm_remote/lib:/home/albert/ws_moveit2/install/pilz_industrial_motion_planner_testutils/lib:/home/albert/ws_moveit2/install/pilz_industrial_motion_planner/lib:/home/albert/ws_moveit2/install/moveit_visual_tools/lib:/home/albert/ws_moveit2/install/moveit_task_constructor_visualization/lib:/home/albert/ws_moveit2/install/moveit_task_constructor_demo/lib:/home/albert/ws_moveit2/install/moveit_task_constructor_capabilities/lib:/home/albert/ws_moveit2/install/moveit_task_constructor_core/lib:/home/albert/ws_moveit2/install/moveit_ros_control_interface/lib:/home/albert/ws_moveit2/install/moveit_simple_controller_manager/lib:/home/albert/ws_moveit2/install/moveit_setup_assistant/lib:/home/albert/ws_moveit2/install/moveit_setup_srdf_plugins/lib:/home/albert/ws_moveit2/install/moveit_setup_core_plugins/lib:/home/albert/ws_moveit2/install/moveit_setup_controllers/lib:/home/albert/ws_moveit2/install/moveit_setup_app_plugins/lib:/home/albert/ws_moveit2/install/moveit_setup_framework/lib:/home/albert/ws_moveit2/install/moveit_servo/lib:/home/albert/ws_moveit2/install/moveit_ros_visualization/lib:/home/albert/ws_moveit2/install/moveit_hybrid_planning/lib:/home/albert/ws_moveit2/install/moveit_ros_planning_interface/lib:/home/albert/ws_moveit2/install/moveit_ros_benchmarks/lib:/home/albert/ws_moveit2/install/moveit_ros_warehouse/lib:/home/albert/ws_moveit2/install/moveit_ros_robot_interaction/lib:/home/albert/ws_moveit2/install/moveit_ros_perception/lib:/home/albert/ws_moveit2/install/moveit_ros_move_group/lib:/home/albert/ws_moveit2/install/moveit_planners_ompl/lib:/home/albert/ws_moveit2/install/moveit_ros_planning/lib:/home/albert/ws_moveit2/install/moveit_ros_occupancy_map_monitor/lib:/home/albert/ws_moveit2/install/moveit_resources_prbt_ikfast_manipulator_plugin/lib:/home/albert/ws_moveit2/install/moveit_planners_chomp/lib:/home/albert/ws_moveit2/install/moveit_kinematics/lib:/home/albert/ws_moveit2/install/moveit_chomp_optimizer_adapter/lib:/home/albert/ws_moveit2/install/chomp_motion_planner/lib:/home/albert/ws_moveit2/install/moveit_core/lib:/home/albert/ws_moveit2/install/srdfdom/lib:/home/albert/ws_moveit2/install/rviz_marker_tools/lib:/home/albert/ws_moveit2/install/rosparam_shortcuts/lib:/home/albert/ws_moveit2/install/moveit_task_constructor_msgs/lib:/home/albert/umov_ws/install/arduino_remote/lib:/home/albert/umov_ws/install/arduino_cpp_examples/lib:/home/albert/umov_ws/install/arduino_msgs/lib:/home/albert/umov_ws/install/arduino_controller/lib:/home/albert/udem2_ws/install/final_project_cpp/lib:/home/albert/udem2_ws/install/robot_interfaces/lib:/home/albert/udem2_ws/install/components_cpp/lib:/home/albert/udem_ws/install/my_robot_interfaces/lib:/home/albert/bcdc_ws/install/aggiebot_msgs/lib:/home/albert/bcdc_ws/install/agbot_msgs/lib:/home/albert/arduinobot_ws/install/arduinobot_remote/lib:/home/albert/arduinobot_ws/install/arduinobot_cpp_examples/lib:/home/albert/arduinobot_ws/install/arduinobot_msgs/lib:/usr/lib/x86_64-linux-gnu/gazebo-11/plugins:/opt/ros/humble/opt/rviz_ogre_vendor/lib:/opt/ros/humble/lib/x86_64-linux-gnu:/opt/ros/humble/lib:/usr/share/gazebo/../../lib/x86_64-linux-gnu/gazebo-11/plugins /home/albert/.local/bin/cmake --install /home/albert/ag_arm_ws/build/arm_remote
[2.220s] Level 1:colcon.colcon_core.environment:checking '/home/albert/ag_arm_ws/install/arm_remote' for CMake config files
[2.221s] Level 1:colcon.colcon_core.shell:create_environment_hook('arm_remote', 'cmake_prefix_path')
[2.221s] INFO:colcon.colcon_core.shell:Creating environment hook '/home/albert/ag_arm_ws/install/arm_remote/share/arm_remote/hook/cmake_prefix_path.ps1'
[2.222s] INFO:colcon.colcon_core.shell:Creating environment descriptor '/home/albert/ag_arm_ws/install/arm_remote/share/arm_remote/hook/cmake_prefix_path.dsv'
[2.222s] INFO:colcon.colcon_core.shell:Creating environment hook '/home/albert/ag_arm_ws/install/arm_remote/share/arm_remote/hook/cmake_prefix_path.sh'
[2.222s] Level 1:colcon.colcon_core.environment:checking '/home/albert/ag_arm_ws/install/arm_remote/lib'
[2.222s] Level 1:colcon.colcon_core.shell:create_environment_hook('arm_remote', 'ld_library_path_lib')
[2.223s] INFO:colcon.colcon_core.shell:Creating environment hook '/home/albert/ag_arm_ws/install/arm_remote/share/arm_remote/hook/ld_library_path_lib.ps1'
[2.223s] INFO:colcon.colcon_core.shell:Creating environment descriptor '/home/albert/ag_arm_ws/install/arm_remote/share/arm_remote/hook/ld_library_path_lib.dsv'
[2.223s] INFO:colcon.colcon_core.shell:Creating environment hook '/home/albert/ag_arm_ws/install/arm_remote/share/arm_remote/hook/ld_library_path_lib.sh'
[2.224s] Level 1:colcon.colcon_core.environment:checking '/home/albert/ag_arm_ws/install/arm_remote/bin'
[2.224s] Level 1:colcon.colcon_core.environment:checking '/home/albert/ag_arm_ws/install/arm_remote/lib/pkgconfig/arm_remote.pc'
[2.224s] Level 1:colcon.colcon_core.environment:checking '/home/albert/ag_arm_ws/install/arm_remote/lib/python3.10/site-packages'
[2.224s] Level 1:colcon.colcon_core.environment:checking '/home/albert/ag_arm_ws/install/arm_remote/bin'
[2.225s] INFO:colcon.colcon_core.shell:Creating package script '/home/albert/ag_arm_ws/install/arm_remote/share/arm_remote/package.ps1'
[2.225s] INFO:colcon.colcon_core.shell:Creating package descriptor '/home/albert/ag_arm_ws/install/arm_remote/share/arm_remote/package.dsv'
[2.226s] INFO:colcon.colcon_core.shell:Creating package script '/home/albert/ag_arm_ws/install/arm_remote/share/arm_remote/package.sh'
[2.226s] INFO:colcon.colcon_core.shell:Creating package script '/home/albert/ag_arm_ws/install/arm_remote/share/arm_remote/package.bash'
[2.226s] INFO:colcon.colcon_core.shell:Creating package script '/home/albert/ag_arm_ws/install/arm_remote/share/arm_remote/package.zsh'
[2.227s] Level 1:colcon.colcon_core.environment:create_file_with_runtime_dependencies(/home/albert/ag_arm_ws/install/arm_remote/share/colcon-core/packages/arm_remote)
[2.227s] Level 1:colcon.colcon_core.environment:create_environment_scripts_only(arm_remote)
[2.228s] Level 1:colcon.colcon_core.environment:checking '/home/albert/ag_arm_ws/install/arm_remote' for CMake module files
[2.228s] Level 1:colcon.colcon_core.environment:checking '/home/albert/ag_arm_ws/install/arm_remote' for CMake config files
[2.228s] Level 1:colcon.colcon_core.shell:create_environment_hook('arm_remote', 'cmake_prefix_path')
[2.229s] INFO:colcon.colcon_core.shell:Creating environment hook '/home/albert/ag_arm_ws/install/arm_remote/share/arm_remote/hook/cmake_prefix_path.ps1'
[2.229s] INFO:colcon.colcon_core.shell:Creating environment descriptor '/home/albert/ag_arm_ws/install/arm_remote/share/arm_remote/hook/cmake_prefix_path.dsv'
[2.230s] INFO:colcon.colcon_core.shell:Creating environment hook '/home/albert/ag_arm_ws/install/arm_remote/share/arm_remote/hook/cmake_prefix_path.sh'
[2.231s] Level 1:colcon.colcon_core.environment:checking '/home/albert/ag_arm_ws/install/arm_remote/lib'
[2.231s] Level 1:colcon.colcon_core.shell:create_environment_hook('arm_remote', 'ld_library_path_lib')
[2.231s] INFO:colcon.colcon_core.shell:Creating environment hook '/home/albert/ag_arm_ws/install/arm_remote/share/arm_remote/hook/ld_library_path_lib.ps1'
[2.232s] INFO:colcon.colcon_core.shell:Creating environment descriptor '/home/albert/ag_arm_ws/install/arm_remote/share/arm_remote/hook/ld_library_path_lib.dsv'
[2.232s] INFO:colcon.colcon_core.shell:Creating environment hook '/home/albert/ag_arm_ws/install/arm_remote/share/arm_remote/hook/ld_library_path_lib.sh'
[2.233s] Level 1:colcon.colcon_core.environment:checking '/home/albert/ag_arm_ws/install/arm_remote/bin'
[2.233s] Level 1:colcon.colcon_core.environment:checking '/home/albert/ag_arm_ws/install/arm_remote/lib/pkgconfig/arm_remote.pc'
[2.233s] Level 1:colcon.colcon_core.environment:checking '/home/albert/ag_arm_ws/install/arm_remote/lib/python3.10/site-packages'
[2.233s] Level 1:colcon.colcon_core.environment:checking '/home/albert/ag_arm_ws/install/arm_remote/bin'
[2.234s] INFO:colcon.colcon_core.shell:Creating package script '/home/albert/ag_arm_ws/install/arm_remote/share/arm_remote/package.ps1'
[2.234s] INFO:colcon.colcon_core.shell:Creating package descriptor '/home/albert/ag_arm_ws/install/arm_remote/share/arm_remote/package.dsv'
[2.235s] INFO:colcon.colcon_core.shell:Creating package script '/home/albert/ag_arm_ws/install/arm_remote/share/arm_remote/package.sh'
[2.236s] INFO:colcon.colcon_core.shell:Creating package script '/home/albert/ag_arm_ws/install/arm_remote/share/arm_remote/package.bash'
[2.236s] INFO:colcon.colcon_core.shell:Creating package script '/home/albert/ag_arm_ws/install/arm_remote/share/arm_remote/package.zsh'
[2.236s] Level 1:colcon.colcon_core.environment:create_file_with_runtime_dependencies(/home/albert/ag_arm_ws/install/arm_remote/share/colcon-core/packages/arm_remote)
[2.532s] Level 1:colcon.colcon_core.environment:checking '/home/albert/ag_arm_ws/install/arm_py' for CMake module files
[2.533s] DEBUG:colcon.colcon_core.event_handler.log_command:Invoked command in '/home/albert/ag_arm_ws/src/arm_py' returned '0': PYTHONPATH=/home/albert/ag_arm_ws/build/arm_py/prefix_override:/usr/lib/python3/dist-packages/colcon_core/task/python/colcon_distutils_commands:/home/albert/ag_arm_ws/install/arm_py/lib/python3.10/site-packages:${PYTHONPATH} /usr/bin/python3 -W ignore:setup.py install is deprecated -W ignore:easy_install command is deprecated setup.py egg_info --egg-base ../../build/arm_py build --build-base /home/albert/ag_arm_ws/build/arm_py/build install --record /home/albert/ag_arm_ws/build/arm_py/install.log --single-version-externally-managed install_data
[2.534s] Level 1:colcon.colcon_core.environment:checking '/home/albert/ag_arm_ws/install/arm_py' for CMake config files
[2.534s] Level 1:colcon.colcon_core.environment:checking '/home/albert/ag_arm_ws/install/arm_py/lib'
[2.534s] Level 1:colcon.colcon_core.environment:checking '/home/albert/ag_arm_ws/install/arm_py/bin'
[2.534s] Level 1:colcon.colcon_core.environment:checking '/home/albert/ag_arm_ws/install/arm_py/lib/pkgconfig/arm_py.pc'
[2.535s] Level 1:colcon.colcon_core.environment:checking '/home/albert/ag_arm_ws/install/arm_py/lib/python3.10/site-packages'
[2.535s] Level 1:colcon.colcon_core.shell:create_environment_hook('arm_py', 'pythonpath')
[2.535s] INFO:colcon.colcon_core.shell:Creating environment hook '/home/albert/ag_arm_ws/install/arm_py/share/arm_py/hook/pythonpath.ps1'
[2.536s] INFO:colcon.colcon_core.shell:Creating environment descriptor '/home/albert/ag_arm_ws/install/arm_py/share/arm_py/hook/pythonpath.dsv'
[2.536s] INFO:colcon.colcon_core.shell:Creating environment hook '/home/albert/ag_arm_ws/install/arm_py/share/arm_py/hook/pythonpath.sh'
[2.537s] Level 1:colcon.colcon_core.environment:checking '/home/albert/ag_arm_ws/install/arm_py/bin'
[2.537s] Level 1:colcon.colcon_core.environment:create_environment_scripts_only(arm_py)
[2.537s] INFO:colcon.colcon_core.shell:Creating package script '/home/albert/ag_arm_ws/install/arm_py/share/arm_py/package.ps1'
[2.537s] INFO:colcon.colcon_core.shell:Creating package descriptor '/home/albert/ag_arm_ws/install/arm_py/share/arm_py/package.dsv'
[2.538s] INFO:colcon.colcon_core.shell:Creating package script '/home/albert/ag_arm_ws/install/arm_py/share/arm_py/package.sh'
[2.538s] INFO:colcon.colcon_core.shell:Creating package script '/home/albert/ag_arm_ws/install/arm_py/share/arm_py/package.bash'
[2.539s] INFO:colcon.colcon_core.shell:Creating package script '/home/albert/ag_arm_ws/install/arm_py/share/arm_py/package.zsh'
[2.539s] Level 1:colcon.colcon_core.environment:create_file_with_runtime_dependencies(/home/albert/ag_arm_ws/install/arm_py/share/colcon-core/packages/arm_py)
[2.539s] DEBUG:colcon.colcon_parallel_executor.executor.parallel:closing loop
[2.540s] DEBUG:colcon.colcon_parallel_executor.executor.parallel:loop closed
[2.540s] DEBUG:colcon.colcon_parallel_executor.executor.parallel:run_until_complete finished with '0'
[2.540s] DEBUG:colcon.colcon_core.event_reactor:joining thread
[2.551s] INFO:colcon.colcon_core.plugin_system:Skipping extension 'colcon_notification.desktop_notification.terminal_notifier': Not used on non-Darwin systems
[2.551s] INFO:colcon.colcon_core.plugin_system:Skipping extension 'colcon_notification.desktop_notification.win32': Not used on non-Windows systems
[2.551s] INFO:colcon.colcon_notification.desktop_notification:Sending desktop notification using 'notify2'
[2.562s] DEBUG:colcon.colcon_core.event_reactor:joined thread
[2.563s] INFO:colcon.colcon_core.shell:Creating prefix script '/home/albert/ag_arm_ws/install/local_setup.ps1'
[2.565s] INFO:colcon.colcon_core.shell:Creating prefix util module '/home/albert/ag_arm_ws/install/_local_setup_util_ps1.py'
[2.569s] INFO:colcon.colcon_core.shell:Creating prefix chain script '/home/albert/ag_arm_ws/install/setup.ps1'
[2.582s] INFO:colcon.colcon_core.shell:Creating prefix script '/home/albert/ag_arm_ws/install/local_setup.sh'
[2.583s] INFO:colcon.colcon_core.shell:Creating prefix util module '/home/albert/ag_arm_ws/install/_local_setup_util_sh.py'
[2.584s] INFO:colcon.colcon_core.shell:Creating prefix chain script '/home/albert/ag_arm_ws/install/setup.sh'
[2.592s] INFO:colcon.colcon_core.shell:Creating prefix script '/home/albert/ag_arm_ws/install/local_setup.bash'
[2.592s] INFO:colcon.colcon_core.shell:Creating prefix chain script '/home/albert/ag_arm_ws/install/setup.bash'
[2.601s] INFO:colcon.colcon_core.shell:Creating prefix script '/home/albert/ag_arm_ws/install/local_setup.zsh'
[2.602s] INFO:colcon.colcon_core.shell:Creating prefix chain script '/home/albert/ag_arm_ws/install/setup.zsh'
