[0.181s] DEBUG:colcon:Command line arguments: ['/usr/bin/colcon', 'build']
[0.181s] DEBUG:colcon:Parsed command line arguments: Namespace(log_base=None, log_level=None, verb_name='build', build_base='build', install_base='install', merge_install=False, symlink_install=False, test_result_base=None, continue_on_error=False, executor='parallel', parallel_workers=8, event_handlers=None, ignore_user_meta=False, metas=['./colcon.meta'], base_paths=['.'], packages_ignore=None, packages_ignore_regex=None, paths=None, packages_up_to=None, packages_up_to_regex=None, packages_above=None, packages_above_and_dependencies=None, packages_above_depth=None, packages_select_by_dep=None, packages_skip_by_dep=None, packages_skip_up_to=None, packages_select_build_failed=False, packages_skip_build_finished=False, packages_select_test_failures=False, packages_skip_test_passed=False, packages_select=None, packages_skip=None, packages_select_regex=None, packages_skip_regex=None, packages_start=None, packages_end=None, allow_overriding=[], cmake_args=None, cmake_target=None, cmake_target_skip_unavailable=False, cmake_clean_cache=False, cmake_clean_first=False, cmake_force_configure=False, ament_cmake_args=None, catkin_cmake_args=None, catkin_skip_building_tests=False, mixin_files=None, mixin=None, verb_parser=<colcon_mixin.mixin.mixin_argument.MixinArgumentDecorator object at 0x790fbb96bb80>, verb_extension=<colcon_core.verb.build.BuildVerb object at 0x790fbbab0ac0>, main=<bound method BuildVerb.main of <colcon_core.verb.build.BuildVerb object at 0x790fbbab0ac0>>, mixin_verb=('build',))
[0.563s] Level 1:colcon.colcon_core.package_discovery:discover_packages(colcon_meta) check parameters
[0.563s] Level 1:colcon.colcon_core.package_discovery:discover_packages(recursive) check parameters
[0.563s] Level 1:colcon.colcon_core.package_discovery:discover_packages(ignore) check parameters
[0.563s] Level 1:colcon.colcon_core.package_discovery:discover_packages(path) check parameters
[0.563s] Level 1:colcon.colcon_core.package_discovery:discover_packages(colcon_meta) discover
[0.564s] Level 1:colcon.colcon_core.package_discovery:discover_packages(recursive) discover
[0.564s] INFO:colcon.colcon_core.package_discovery:Crawling recursively for packages in '/home/albert/ag_arm_ws'
[0.564s] Level 1:colcon.colcon_core.package_identification:_identify(.) by extensions ['ignore', 'ignore_ament_install']
[0.564s] Level 1:colcon.colcon_core.package_identification:_identify(.) by extension 'ignore'
[0.564s] Level 1:colcon.colcon_core.package_identification:_identify(.) by extension 'ignore_ament_install'
[0.564s] Level 1:colcon.colcon_core.package_identification:_identify(.) by extensions ['colcon_pkg']
[0.564s] Level 1:colcon.colcon_core.package_identification:_identify(.) by extension 'colcon_pkg'
[0.564s] Level 1:colcon.colcon_core.package_identification:_identify(.) by extensions ['colcon_meta']
[0.564s] Level 1:colcon.colcon_core.package_identification:_identify(.) by extension 'colcon_meta'
[0.564s] Level 1:colcon.colcon_core.package_identification:_identify(.) by extensions ['ros']
[0.564s] Level 1:colcon.colcon_core.package_identification:_identify(.) by extension 'ros'
[0.590s] Level 1:colcon.colcon_core.package_identification:_identify(.) by extensions ['cmake', 'python']
[0.590s] Level 1:colcon.colcon_core.package_identification:_identify(.) by extension 'cmake'
[0.590s] Level 1:colcon.colcon_core.package_identification:_identify(.) by extension 'python'
[0.590s] Level 1:colcon.colcon_core.package_identification:_identify(.) by extensions ['python_setup_py']
[0.590s] Level 1:colcon.colcon_core.package_identification:_identify(.) by extension 'python_setup_py'
[0.591s] Level 1:colcon.colcon_core.package_identification:_identify(build) by extensions ['ignore', 'ignore_ament_install']
[0.591s] Level 1:colcon.colcon_core.package_identification:_identify(build) by extension 'ignore'
[0.591s] Level 1:colcon.colcon_core.package_identification:_identify(build) ignored
[0.591s] Level 1:colcon.colcon_core.package_identification:_identify(install) by extensions ['ignore', 'ignore_ament_install']
[0.591s] Level 1:colcon.colcon_core.package_identification:_identify(install) by extension 'ignore'
[0.591s] Level 1:colcon.colcon_core.package_identification:_identify(install) ignored
[0.592s] Level 1:colcon.colcon_core.package_identification:_identify(log) by extensions ['ignore', 'ignore_ament_install']
[0.592s] Level 1:colcon.colcon_core.package_identification:_identify(log) by extension 'ignore'
[0.592s] Level 1:colcon.colcon_core.package_identification:_identify(log) ignored
[0.592s] Level 1:colcon.colcon_core.package_identification:_identify(src) by extensions ['ignore', 'ignore_ament_install']
[0.592s] Level 1:colcon.colcon_core.package_identification:_identify(src) by extension 'ignore'
[0.592s] Level 1:colcon.colcon_core.package_identification:_identify(src) by extension 'ignore_ament_install'
[0.592s] Level 1:colcon.colcon_core.package_identification:_identify(src) by extensions ['colcon_pkg']
[0.592s] Level 1:colcon.colcon_core.package_identification:_identify(src) by extension 'colcon_pkg'
[0.592s] Level 1:colcon.colcon_core.package_identification:_identify(src) by extensions ['colcon_meta']
[0.592s] Level 1:colcon.colcon_core.package_identification:_identify(src) by extension 'colcon_meta'
[0.593s] Level 1:colcon.colcon_core.package_identification:_identify(src) by extensions ['ros']
[0.593s] Level 1:colcon.colcon_core.package_identification:_identify(src) by extension 'ros'
[0.593s] Level 1:colcon.colcon_core.package_identification:_identify(src) by extensions ['cmake', 'python']
[0.593s] Level 1:colcon.colcon_core.package_identification:_identify(src) by extension 'cmake'
[0.593s] Level 1:colcon.colcon_core.package_identification:_identify(src) by extension 'python'
[0.593s] Level 1:colcon.colcon_core.package_identification:_identify(src) by extensions ['python_setup_py']
[0.593s] Level 1:colcon.colcon_core.package_identification:_identify(src) by extension 'python_setup_py'
[0.593s] Level 1:colcon.colcon_core.package_identification:_identify(src/arm_bringup) by extensions ['ignore', 'ignore_ament_install']
[0.593s] Level 1:colcon.colcon_core.package_identification:_identify(src/arm_bringup) by extension 'ignore'
[0.593s] Level 1:colcon.colcon_core.package_identification:_identify(src/arm_bringup) by extension 'ignore_ament_install'
[0.593s] Level 1:colcon.colcon_core.package_identification:_identify(src/arm_bringup) by extensions ['colcon_pkg']
[0.593s] Level 1:colcon.colcon_core.package_identification:_identify(src/arm_bringup) by extension 'colcon_pkg'
[0.593s] Level 1:colcon.colcon_core.package_identification:_identify(src/arm_bringup) by extensions ['colcon_meta']
[0.594s] Level 1:colcon.colcon_core.package_identification:_identify(src/arm_bringup) by extension 'colcon_meta'
[0.594s] Level 1:colcon.colcon_core.package_identification:_identify(src/arm_bringup) by extensions ['ros']
[0.594s] Level 1:colcon.colcon_core.package_identification:_identify(src/arm_bringup) by extension 'ros'
[0.597s] DEBUG:colcon.colcon_core.package_identification:Package 'src/arm_bringup' with type 'ros.ament_cmake' and name 'arm_bringup'
[0.597s] Level 1:colcon.colcon_core.package_identification:_identify(src/arm_controller) by extensions ['ignore', 'ignore_ament_install']
[0.597s] Level 1:colcon.colcon_core.package_identification:_identify(src/arm_controller) by extension 'ignore'
[0.597s] Level 1:colcon.colcon_core.package_identification:_identify(src/arm_controller) by extension 'ignore_ament_install'
[0.597s] Level 1:colcon.colcon_core.package_identification:_identify(src/arm_controller) by extensions ['colcon_pkg']
[0.597s] Level 1:colcon.colcon_core.package_identification:_identify(src/arm_controller) by extension 'colcon_pkg'
[0.598s] Level 1:colcon.colcon_core.package_identification:_identify(src/arm_controller) by extensions ['colcon_meta']
[0.598s] Level 1:colcon.colcon_core.package_identification:_identify(src/arm_controller) by extension 'colcon_meta'
[0.598s] Level 1:colcon.colcon_core.package_identification:_identify(src/arm_controller) by extensions ['ros']
[0.598s] Level 1:colcon.colcon_core.package_identification:_identify(src/arm_controller) by extension 'ros'
[0.599s] DEBUG:colcon.colcon_core.package_identification:Package 'src/arm_controller' with type 'ros.ament_cmake' and name 'arm_controller'
[0.599s] Level 1:colcon.colcon_core.package_identification:_identify(src/arm_cpp) by extensions ['ignore', 'ignore_ament_install']
[0.600s] Level 1:colcon.colcon_core.package_identification:_identify(src/arm_cpp) by extension 'ignore'
[0.600s] Level 1:colcon.colcon_core.package_identification:_identify(src/arm_cpp) by extension 'ignore_ament_install'
[0.600s] Level 1:colcon.colcon_core.package_identification:_identify(src/arm_cpp) by extensions ['colcon_pkg']
[0.600s] Level 1:colcon.colcon_core.package_identification:_identify(src/arm_cpp) by extension 'colcon_pkg'
[0.600s] Level 1:colcon.colcon_core.package_identification:_identify(src/arm_cpp) by extensions ['colcon_meta']
[0.600s] Level 1:colcon.colcon_core.package_identification:_identify(src/arm_cpp) by extension 'colcon_meta'
[0.600s] Level 1:colcon.colcon_core.package_identification:_identify(src/arm_cpp) by extensions ['ros']
[0.600s] Level 1:colcon.colcon_core.package_identification:_identify(src/arm_cpp) by extension 'ros'
[0.602s] DEBUG:colcon.colcon_core.package_identification:Package 'src/arm_cpp' with type 'ros.ament_cmake' and name 'arm_cpp'
[0.602s] Level 1:colcon.colcon_core.package_identification:_identify(src/arm_description) by extensions ['ignore', 'ignore_ament_install']
[0.602s] Level 1:colcon.colcon_core.package_identification:_identify(src/arm_description) by extension 'ignore'
[0.602s] Level 1:colcon.colcon_core.package_identification:_identify(src/arm_description) by extension 'ignore_ament_install'
[0.602s] Level 1:colcon.colcon_core.package_identification:_identify(src/arm_description) by extensions ['colcon_pkg']
[0.602s] Level 1:colcon.colcon_core.package_identification:_identify(src/arm_description) by extension 'colcon_pkg'
[0.602s] Level 1:colcon.colcon_core.package_identification:_identify(src/arm_description) by extensions ['colcon_meta']
[0.602s] Level 1:colcon.colcon_core.package_identification:_identify(src/arm_description) by extension 'colcon_meta'
[0.602s] Level 1:colcon.colcon_core.package_identification:_identify(src/arm_description) by extensions ['ros']
[0.602s] Level 1:colcon.colcon_core.package_identification:_identify(src/arm_description) by extension 'ros'
[0.603s] DEBUG:colcon.colcon_core.package_identification:Package 'src/arm_description' with type 'ros.ament_cmake' and name 'arm_description'
[0.603s] Level 1:colcon.colcon_core.package_identification:_identify(src/arm_moveit) by extensions ['ignore', 'ignore_ament_install']
[0.603s] Level 1:colcon.colcon_core.package_identification:_identify(src/arm_moveit) by extension 'ignore'
[0.603s] Level 1:colcon.colcon_core.package_identification:_identify(src/arm_moveit) by extension 'ignore_ament_install'
[0.603s] Level 1:colcon.colcon_core.package_identification:_identify(src/arm_moveit) by extensions ['colcon_pkg']
[0.604s] Level 1:colcon.colcon_core.package_identification:_identify(src/arm_moveit) by extension 'colcon_pkg'
[0.604s] Level 1:colcon.colcon_core.package_identification:_identify(src/arm_moveit) by extensions ['colcon_meta']
[0.604s] Level 1:colcon.colcon_core.package_identification:_identify(src/arm_moveit) by extension 'colcon_meta'
[0.604s] Level 1:colcon.colcon_core.package_identification:_identify(src/arm_moveit) by extensions ['ros']
[0.604s] Level 1:colcon.colcon_core.package_identification:_identify(src/arm_moveit) by extension 'ros'
[0.605s] DEBUG:colcon.colcon_core.package_identification:Package 'src/arm_moveit' with type 'ros.ament_cmake' and name 'arm_moveit'
[0.605s] Level 1:colcon.colcon_core.package_identification:_identify(src/arm_msgs) by extensions ['ignore', 'ignore_ament_install']
[0.605s] Level 1:colcon.colcon_core.package_identification:_identify(src/arm_msgs) by extension 'ignore'
[0.605s] Level 1:colcon.colcon_core.package_identification:_identify(src/arm_msgs) by extension 'ignore_ament_install'
[0.605s] Level 1:colcon.colcon_core.package_identification:_identify(src/arm_msgs) by extensions ['colcon_pkg']
[0.605s] Level 1:colcon.colcon_core.package_identification:_identify(src/arm_msgs) by extension 'colcon_pkg'
[0.606s] Level 1:colcon.colcon_core.package_identification:_identify(src/arm_msgs) by extensions ['colcon_meta']
[0.606s] Level 1:colcon.colcon_core.package_identification:_identify(src/arm_msgs) by extension 'colcon_meta'
[0.606s] Level 1:colcon.colcon_core.package_identification:_identify(src/arm_msgs) by extensions ['ros']
[0.606s] Level 1:colcon.colcon_core.package_identification:_identify(src/arm_msgs) by extension 'ros'
[0.606s] DEBUG:colcon.colcon_core.package_identification:Package 'src/arm_msgs' with type 'ros.ament_cmake' and name 'arm_msgs'
[0.607s] Level 1:colcon.colcon_core.package_identification:_identify(src/arm_py) by extensions ['ignore', 'ignore_ament_install']
[0.607s] Level 1:colcon.colcon_core.package_identification:_identify(src/arm_py) by extension 'ignore'
[0.607s] Level 1:colcon.colcon_core.package_identification:_identify(src/arm_py) by extension 'ignore_ament_install'
[0.607s] Level 1:colcon.colcon_core.package_identification:_identify(src/arm_py) by extensions ['colcon_pkg']
[0.607s] Level 1:colcon.colcon_core.package_identification:_identify(src/arm_py) by extension 'colcon_pkg'
[0.607s] Level 1:colcon.colcon_core.package_identification:_identify(src/arm_py) by extensions ['colcon_meta']
[0.607s] Level 1:colcon.colcon_core.package_identification:_identify(src/arm_py) by extension 'colcon_meta'
[0.607s] Level 1:colcon.colcon_core.package_identification:_identify(src/arm_py) by extensions ['ros']
[0.607s] Level 1:colcon.colcon_core.package_identification:_identify(src/arm_py) by extension 'ros'
[0.608s] DEBUG:colcon.colcon_core.package_identification:Package 'src/arm_py' with type 'ros.ament_python' and name 'arm_py'
[0.608s] Level 1:colcon.colcon_core.package_identification:_identify(src/arm_remote) by extensions ['ignore', 'ignore_ament_install']
[0.608s] Level 1:colcon.colcon_core.package_identification:_identify(src/arm_remote) by extension 'ignore'
[0.608s] Level 1:colcon.colcon_core.package_identification:_identify(src/arm_remote) by extension 'ignore_ament_install'
[0.609s] Level 1:colcon.colcon_core.package_identification:_identify(src/arm_remote) by extensions ['colcon_pkg']
[0.609s] Level 1:colcon.colcon_core.package_identification:_identify(src/arm_remote) by extension 'colcon_pkg'
[0.609s] Level 1:colcon.colcon_core.package_identification:_identify(src/arm_remote) by extensions ['colcon_meta']
[0.609s] Level 1:colcon.colcon_core.package_identification:_identify(src/arm_remote) by extension 'colcon_meta'
[0.609s] Level 1:colcon.colcon_core.package_identification:_identify(src/arm_remote) by extensions ['ros']
[0.609s] Level 1:colcon.colcon_core.package_identification:_identify(src/arm_remote) by extension 'ros'
[0.613s] DEBUG:colcon.colcon_core.package_identification:Package 'src/arm_remote' with type 'ros.ament_cmake' and name 'arm_remote'
[0.613s] Level 1:colcon.colcon_core.package_identification:_identify(src/arm_setup_moveit) by extensions ['ignore', 'ignore_ament_install']
[0.613s] Level 1:colcon.colcon_core.package_identification:_identify(src/arm_setup_moveit) by extension 'ignore'
[0.613s] Level 1:colcon.colcon_core.package_identification:_identify(src/arm_setup_moveit) by extension 'ignore_ament_install'
[0.613s] Level 1:colcon.colcon_core.package_identification:_identify(src/arm_setup_moveit) by extensions ['colcon_pkg']
[0.613s] Level 1:colcon.colcon_core.package_identification:_identify(src/arm_setup_moveit) by extension 'colcon_pkg'
[0.613s] Level 1:colcon.colcon_core.package_identification:_identify(src/arm_setup_moveit) by extensions ['colcon_meta']
[0.613s] Level 1:colcon.colcon_core.package_identification:_identify(src/arm_setup_moveit) by extension 'colcon_meta'
[0.613s] Level 1:colcon.colcon_core.package_identification:_identify(src/arm_setup_moveit) by extensions ['ros']
[0.613s] Level 1:colcon.colcon_core.package_identification:_identify(src/arm_setup_moveit) by extension 'ros'
[0.615s] DEBUG:colcon.colcon_core.package_identification:Package 'src/arm_setup_moveit' with type 'ros.ament_cmake' and name 'arm_setup_moveit'
[0.615s] Level 1:colcon.colcon_core.package_identification:_identify(src/build) by extensions ['ignore', 'ignore_ament_install']
[0.615s] Level 1:colcon.colcon_core.package_identification:_identify(src/build) by extension 'ignore'
[0.615s] Level 1:colcon.colcon_core.package_identification:_identify(src/build) ignored
[0.615s] Level 1:colcon.colcon_core.package_identification:_identify(src/install) by extensions ['ignore', 'ignore_ament_install']
[0.615s] Level 1:colcon.colcon_core.package_identification:_identify(src/install) by extension 'ignore'
[0.615s] Level 1:colcon.colcon_core.package_identification:_identify(src/install) ignored
[0.616s] Level 1:colcon.colcon_core.package_identification:_identify(src/log) by extensions ['ignore', 'ignore_ament_install']
[0.616s] Level 1:colcon.colcon_core.package_identification:_identify(src/log) by extension 'ignore'
[0.616s] Level 1:colcon.colcon_core.package_identification:_identify(src/log) ignored
[0.616s] Level 1:colcon.colcon_core.package_discovery:discover_packages(recursive) using defaults
[0.616s] Level 1:colcon.colcon_core.package_discovery:discover_packages(ignore) discover
[0.616s] Level 1:colcon.colcon_core.package_discovery:discover_packages(ignore) using defaults
[0.616s] Level 1:colcon.colcon_core.package_discovery:discover_packages(path) discover
[0.616s] Level 1:colcon.colcon_core.package_discovery:discover_packages(path) using defaults
[0.651s] Level 1:colcon.colcon_core.package_discovery:discover_packages(prefix_path) check parameters
[0.651s] Level 1:colcon.colcon_core.package_discovery:discover_packages(prefix_path) discover
[0.662s] DEBUG:colcon.colcon_installed_package_information.package_discovery:Found 9 installed packages in /home/albert/ag_arm_ws/install
[0.665s] DEBUG:colcon.colcon_installed_package_information.package_discovery:Found 55 installed packages in /home/albert/ws_moveit2/install
[0.666s] DEBUG:colcon.colcon_installed_package_information.package_discovery:Found 11 installed packages in /home/albert/umov_ws/install
[0.667s] DEBUG:colcon.colcon_installed_package_information.package_discovery:Found 3 installed packages in /home/albert/unav_ws/install
[0.668s] DEBUG:colcon.colcon_installed_package_information.package_discovery:Found 12 installed packages in /home/albert/udem2_ws/install
[0.669s] DEBUG:colcon.colcon_installed_package_information.package_discovery:Found 8 installed packages in /home/albert/udem_ws/install
[0.670s] DEBUG:colcon.colcon_installed_package_information.package_discovery:Found 18 installed packages in /home/albert/bcdc_ws/install
[0.671s] DEBUG:colcon.colcon_installed_package_information.package_discovery:Found 9 installed packages in /home/albert/arduinobot_ws/install
[0.672s] DEBUG:colcon.colcon_installed_package_information.package_discovery:Found 8 installed packages in /home/albert/rad_ws/install
[0.673s] DEBUG:colcon.colcon_installed_package_information.package_discovery:Found 1 installed packages in /home/albert/dev_ws/install
[0.673s] DEBUG:colcon.colcon_installed_package_information.package_discovery:Found 4 installed packages in /home/albert/ag_car_ws/install
[0.676s] DEBUG:colcon.colcon_installed_package_information.package_discovery:Found 440 installed packages in /opt/ros/humble
[0.680s] Level 1:colcon.colcon_core.package_discovery:discover_packages(prefix_path) using defaults
[0.773s] Level 5:colcon.colcon_core.verb:set package 'arm_bringup' build argument 'cmake_args' from command line to 'None'
[0.773s] Level 5:colcon.colcon_core.verb:set package 'arm_bringup' build argument 'cmake_target' from command line to 'None'
[0.773s] Level 5:colcon.colcon_core.verb:set package 'arm_bringup' build argument 'cmake_target_skip_unavailable' from command line to 'False'
[0.773s] Level 5:colcon.colcon_core.verb:set package 'arm_bringup' build argument 'cmake_clean_cache' from command line to 'False'
[0.773s] Level 5:colcon.colcon_core.verb:set package 'arm_bringup' build argument 'cmake_clean_first' from command line to 'False'
[0.773s] Level 5:colcon.colcon_core.verb:set package 'arm_bringup' build argument 'cmake_force_configure' from command line to 'False'
[0.773s] Level 5:colcon.colcon_core.verb:set package 'arm_bringup' build argument 'ament_cmake_args' from command line to 'None'
[0.773s] Level 5:colcon.colcon_core.verb:set package 'arm_bringup' build argument 'catkin_cmake_args' from command line to 'None'
[0.773s] Level 5:colcon.colcon_core.verb:set package 'arm_bringup' build argument 'catkin_skip_building_tests' from command line to 'False'
[0.774s] DEBUG:colcon.colcon_core.verb:Building package 'arm_bringup' with the following arguments: {'ament_cmake_args': None, 'build_base': '/home/albert/ag_arm_ws/build/arm_bringup', 'catkin_cmake_args': None, 'catkin_skip_building_tests': False, 'cmake_args': None, 'cmake_clean_cache': False, 'cmake_clean_first': False, 'cmake_force_configure': False, 'cmake_target': None, 'cmake_target_skip_unavailable': False, 'install_base': '/home/albert/ag_arm_ws/install/arm_bringup', 'merge_install': False, 'path': '/home/albert/ag_arm_ws/src/arm_bringup', 'symlink_install': False, 'test_result_base': None}
[0.774s] Level 5:colcon.colcon_core.verb:set package 'arm_controller' build argument 'cmake_args' from command line to 'None'
[0.774s] Level 5:colcon.colcon_core.verb:set package 'arm_controller' build argument 'cmake_target' from command line to 'None'
[0.774s] Level 5:colcon.colcon_core.verb:set package 'arm_controller' build argument 'cmake_target_skip_unavailable' from command line to 'False'
[0.774s] Level 5:colcon.colcon_core.verb:set package 'arm_controller' build argument 'cmake_clean_cache' from command line to 'False'
[0.774s] Level 5:colcon.colcon_core.verb:set package 'arm_controller' build argument 'cmake_clean_first' from command line to 'False'
[0.774s] Level 5:colcon.colcon_core.verb:set package 'arm_controller' build argument 'cmake_force_configure' from command line to 'False'
[0.774s] Level 5:colcon.colcon_core.verb:set package 'arm_controller' build argument 'ament_cmake_args' from command line to 'None'
[0.774s] Level 5:colcon.colcon_core.verb:set package 'arm_controller' build argument 'catkin_cmake_args' from command line to 'None'
[0.774s] Level 5:colcon.colcon_core.verb:set package 'arm_controller' build argument 'catkin_skip_building_tests' from command line to 'False'
[0.774s] DEBUG:colcon.colcon_core.verb:Building package 'arm_controller' with the following arguments: {'ament_cmake_args': None, 'build_base': '/home/albert/ag_arm_ws/build/arm_controller', 'catkin_cmake_args': None, 'catkin_skip_building_tests': False, 'cmake_args': None, 'cmake_clean_cache': False, 'cmake_clean_first': False, 'cmake_force_configure': False, 'cmake_target': None, 'cmake_target_skip_unavailable': False, 'install_base': '/home/albert/ag_arm_ws/install/arm_controller', 'merge_install': False, 'path': '/home/albert/ag_arm_ws/src/arm_controller', 'symlink_install': False, 'test_result_base': None}
[0.775s] Level 5:colcon.colcon_core.verb:set package 'arm_description' build argument 'cmake_args' from command line to 'None'
[0.775s] Level 5:colcon.colcon_core.verb:set package 'arm_description' build argument 'cmake_target' from command line to 'None'
[0.775s] Level 5:colcon.colcon_core.verb:set package 'arm_description' build argument 'cmake_target_skip_unavailable' from command line to 'False'
[0.775s] Level 5:colcon.colcon_core.verb:set package 'arm_description' build argument 'cmake_clean_cache' from command line to 'False'
[0.775s] Level 5:colcon.colcon_core.verb:set package 'arm_description' build argument 'cmake_clean_first' from command line to 'False'
[0.775s] Level 5:colcon.colcon_core.verb:set package 'arm_description' build argument 'cmake_force_configure' from command line to 'False'
[0.775s] Level 5:colcon.colcon_core.verb:set package 'arm_description' build argument 'ament_cmake_args' from command line to 'None'
[0.775s] Level 5:colcon.colcon_core.verb:set package 'arm_description' build argument 'catkin_cmake_args' from command line to 'None'
[0.775s] Level 5:colcon.colcon_core.verb:set package 'arm_description' build argument 'catkin_skip_building_tests' from command line to 'False'
[0.775s] DEBUG:colcon.colcon_core.verb:Building package 'arm_description' with the following arguments: {'ament_cmake_args': None, 'build_base': '/home/albert/ag_arm_ws/build/arm_description', 'catkin_cmake_args': None, 'catkin_skip_building_tests': False, 'cmake_args': None, 'cmake_clean_cache': False, 'cmake_clean_first': False, 'cmake_force_configure': False, 'cmake_target': None, 'cmake_target_skip_unavailable': False, 'install_base': '/home/albert/ag_arm_ws/install/arm_description', 'merge_install': False, 'path': '/home/albert/ag_arm_ws/src/arm_description', 'symlink_install': False, 'test_result_base': None}
[0.776s] Level 5:colcon.colcon_core.verb:set package 'arm_moveit' build argument 'cmake_args' from command line to 'None'
[0.776s] Level 5:colcon.colcon_core.verb:set package 'arm_moveit' build argument 'cmake_target' from command line to 'None'
[0.776s] Level 5:colcon.colcon_core.verb:set package 'arm_moveit' build argument 'cmake_target_skip_unavailable' from command line to 'False'
[0.776s] Level 5:colcon.colcon_core.verb:set package 'arm_moveit' build argument 'cmake_clean_cache' from command line to 'False'
[0.776s] Level 5:colcon.colcon_core.verb:set package 'arm_moveit' build argument 'cmake_clean_first' from command line to 'False'
[0.776s] Level 5:colcon.colcon_core.verb:set package 'arm_moveit' build argument 'cmake_force_configure' from command line to 'False'
[0.776s] Level 5:colcon.colcon_core.verb:set package 'arm_moveit' build argument 'ament_cmake_args' from command line to 'None'
[0.776s] Level 5:colcon.colcon_core.verb:set package 'arm_moveit' build argument 'catkin_cmake_args' from command line to 'None'
[0.776s] Level 5:colcon.colcon_core.verb:set package 'arm_moveit' build argument 'catkin_skip_building_tests' from command line to 'False'
[0.776s] DEBUG:colcon.colcon_core.verb:Building package 'arm_moveit' with the following arguments: {'ament_cmake_args': None, 'build_base': '/home/albert/ag_arm_ws/build/arm_moveit', 'catkin_cmake_args': None, 'catkin_skip_building_tests': False, 'cmake_args': None, 'cmake_clean_cache': False, 'cmake_clean_first': False, 'cmake_force_configure': False, 'cmake_target': None, 'cmake_target_skip_unavailable': False, 'install_base': '/home/albert/ag_arm_ws/install/arm_moveit', 'merge_install': False, 'path': '/home/albert/ag_arm_ws/src/arm_moveit', 'symlink_install': False, 'test_result_base': None}
[0.777s] Level 5:colcon.colcon_core.verb:set package 'arm_msgs' build argument 'cmake_args' from command line to 'None'
[0.777s] Level 5:colcon.colcon_core.verb:set package 'arm_msgs' build argument 'cmake_target' from command line to 'None'
[0.777s] Level 5:colcon.colcon_core.verb:set package 'arm_msgs' build argument 'cmake_target_skip_unavailable' from command line to 'False'
[0.777s] Level 5:colcon.colcon_core.verb:set package 'arm_msgs' build argument 'cmake_clean_cache' from command line to 'False'
[0.777s] Level 5:colcon.colcon_core.verb:set package 'arm_msgs' build argument 'cmake_clean_first' from command line to 'False'
[0.777s] Level 5:colcon.colcon_core.verb:set package 'arm_msgs' build argument 'cmake_force_configure' from command line to 'False'
[0.778s] Level 5:colcon.colcon_core.verb:set package 'arm_msgs' build argument 'ament_cmake_args' from command line to 'None'
[0.778s] Level 5:colcon.colcon_core.verb:set package 'arm_msgs' build argument 'catkin_cmake_args' from command line to 'None'
[0.778s] Level 5:colcon.colcon_core.verb:set package 'arm_msgs' build argument 'catkin_skip_building_tests' from command line to 'False'
[0.778s] DEBUG:colcon.colcon_core.verb:Building package 'arm_msgs' with the following arguments: {'ament_cmake_args': None, 'build_base': '/home/albert/ag_arm_ws/build/arm_msgs', 'catkin_cmake_args': None, 'catkin_skip_building_tests': False, 'cmake_args': None, 'cmake_clean_cache': False, 'cmake_clean_first': False, 'cmake_force_configure': False, 'cmake_target': None, 'cmake_target_skip_unavailable': False, 'install_base': '/home/albert/ag_arm_ws/install/arm_msgs', 'merge_install': False, 'path': '/home/albert/ag_arm_ws/src/arm_msgs', 'symlink_install': False, 'test_result_base': None}
[0.778s] Level 5:colcon.colcon_core.verb:set package 'arm_py' build argument 'cmake_args' from command line to 'None'
[0.779s] Level 5:colcon.colcon_core.verb:set package 'arm_py' build argument 'cmake_target' from command line to 'None'
[0.779s] Level 5:colcon.colcon_core.verb:set package 'arm_py' build argument 'cmake_target_skip_unavailable' from command line to 'False'
[0.779s] Level 5:colcon.colcon_core.verb:set package 'arm_py' build argument 'cmake_clean_cache' from command line to 'False'
[0.779s] Level 5:colcon.colcon_core.verb:set package 'arm_py' build argument 'cmake_clean_first' from command line to 'False'
[0.779s] Level 5:colcon.colcon_core.verb:set package 'arm_py' build argument 'cmake_force_configure' from command line to 'False'
[0.779s] Level 5:colcon.colcon_core.verb:set package 'arm_py' build argument 'ament_cmake_args' from command line to 'None'
[0.779s] Level 5:colcon.colcon_core.verb:set package 'arm_py' build argument 'catkin_cmake_args' from command line to 'None'
[0.779s] Level 5:colcon.colcon_core.verb:set package 'arm_py' build argument 'catkin_skip_building_tests' from command line to 'False'
[0.779s] DEBUG:colcon.colcon_core.verb:Building package 'arm_py' with the following arguments: {'ament_cmake_args': None, 'build_base': '/home/albert/ag_arm_ws/build/arm_py', 'catkin_cmake_args': None, 'catkin_skip_building_tests': False, 'cmake_args': None, 'cmake_clean_cache': False, 'cmake_clean_first': False, 'cmake_force_configure': False, 'cmake_target': None, 'cmake_target_skip_unavailable': False, 'install_base': '/home/albert/ag_arm_ws/install/arm_py', 'merge_install': False, 'path': '/home/albert/ag_arm_ws/src/arm_py', 'symlink_install': False, 'test_result_base': None}
[0.780s] Level 5:colcon.colcon_core.verb:set package 'arm_cpp' build argument 'cmake_args' from command line to 'None'
[0.780s] Level 5:colcon.colcon_core.verb:set package 'arm_cpp' build argument 'cmake_target' from command line to 'None'
[0.780s] Level 5:colcon.colcon_core.verb:set package 'arm_cpp' build argument 'cmake_target_skip_unavailable' from command line to 'False'
[0.780s] Level 5:colcon.colcon_core.verb:set package 'arm_cpp' build argument 'cmake_clean_cache' from command line to 'False'
[0.780s] Level 5:colcon.colcon_core.verb:set package 'arm_cpp' build argument 'cmake_clean_first' from command line to 'False'
[0.780s] Level 5:colcon.colcon_core.verb:set package 'arm_cpp' build argument 'cmake_force_configure' from command line to 'False'
[0.780s] Level 5:colcon.colcon_core.verb:set package 'arm_cpp' build argument 'ament_cmake_args' from command line to 'None'
[0.780s] Level 5:colcon.colcon_core.verb:set package 'arm_cpp' build argument 'catkin_cmake_args' from command line to 'None'
[0.780s] Level 5:colcon.colcon_core.verb:set package 'arm_cpp' build argument 'catkin_skip_building_tests' from command line to 'False'
[0.780s] DEBUG:colcon.colcon_core.verb:Building package 'arm_cpp' with the following arguments: {'ament_cmake_args': None, 'build_base': '/home/albert/ag_arm_ws/build/arm_cpp', 'catkin_cmake_args': None, 'catkin_skip_building_tests': False, 'cmake_args': None, 'cmake_clean_cache': False, 'cmake_clean_first': False, 'cmake_force_configure': False, 'cmake_target': None, 'cmake_target_skip_unavailable': False, 'install_base': '/home/albert/ag_arm_ws/install/arm_cpp', 'merge_install': False, 'path': '/home/albert/ag_arm_ws/src/arm_cpp', 'symlink_install': False, 'test_result_base': None}
[0.781s] Level 5:colcon.colcon_core.verb:set package 'arm_remote' build argument 'cmake_args' from command line to 'None'
[0.781s] Level 5:colcon.colcon_core.verb:set package 'arm_remote' build argument 'cmake_target' from command line to 'None'
[0.781s] Level 5:colcon.colcon_core.verb:set package 'arm_remote' build argument 'cmake_target_skip_unavailable' from command line to 'False'
[0.781s] Level 5:colcon.colcon_core.verb:set package 'arm_remote' build argument 'cmake_clean_cache' from command line to 'False'
[0.781s] Level 5:colcon.colcon_core.verb:set package 'arm_remote' build argument 'cmake_clean_first' from command line to 'False'
[0.781s] Level 5:colcon.colcon_core.verb:set package 'arm_remote' build argument 'cmake_force_configure' from command line to 'False'
[0.781s] Level 5:colcon.colcon_core.verb:set package 'arm_remote' build argument 'ament_cmake_args' from command line to 'None'
[0.781s] Level 5:colcon.colcon_core.verb:set package 'arm_remote' build argument 'catkin_cmake_args' from command line to 'None'
[0.781s] Level 5:colcon.colcon_core.verb:set package 'arm_remote' build argument 'catkin_skip_building_tests' from command line to 'False'
[0.781s] DEBUG:colcon.colcon_core.verb:Building package 'arm_remote' with the following arguments: {'ament_cmake_args': None, 'build_base': '/home/albert/ag_arm_ws/build/arm_remote', 'catkin_cmake_args': None, 'catkin_skip_building_tests': False, 'cmake_args': None, 'cmake_clean_cache': False, 'cmake_clean_first': False, 'cmake_force_configure': False, 'cmake_target': None, 'cmake_target_skip_unavailable': False, 'install_base': '/home/albert/ag_arm_ws/install/arm_remote', 'merge_install': False, 'path': '/home/albert/ag_arm_ws/src/arm_remote', 'symlink_install': False, 'test_result_base': None}
[0.782s] Level 5:colcon.colcon_core.verb:set package 'arm_setup_moveit' build argument 'cmake_args' from command line to 'None'
[0.782s] Level 5:colcon.colcon_core.verb:set package 'arm_setup_moveit' build argument 'cmake_target' from command line to 'None'
[0.782s] Level 5:colcon.colcon_core.verb:set package 'arm_setup_moveit' build argument 'cmake_target_skip_unavailable' from command line to 'False'
[0.782s] Level 5:colcon.colcon_core.verb:set package 'arm_setup_moveit' build argument 'cmake_clean_cache' from command line to 'False'
[0.782s] Level 5:colcon.colcon_core.verb:set package 'arm_setup_moveit' build argument 'cmake_clean_first' from command line to 'False'
[0.782s] Level 5:colcon.colcon_core.verb:set package 'arm_setup_moveit' build argument 'cmake_force_configure' from command line to 'False'
[0.782s] Level 5:colcon.colcon_core.verb:set package 'arm_setup_moveit' build argument 'ament_cmake_args' from command line to 'None'
[0.782s] Level 5:colcon.colcon_core.verb:set package 'arm_setup_moveit' build argument 'catkin_cmake_args' from command line to 'None'
[0.782s] Level 5:colcon.colcon_core.verb:set package 'arm_setup_moveit' build argument 'catkin_skip_building_tests' from command line to 'False'
[0.782s] DEBUG:colcon.colcon_core.verb:Building package 'arm_setup_moveit' with the following arguments: {'ament_cmake_args': None, 'build_base': '/home/albert/ag_arm_ws/build/arm_setup_moveit', 'catkin_cmake_args': None, 'catkin_skip_building_tests': False, 'cmake_args': None, 'cmake_clean_cache': False, 'cmake_clean_first': False, 'cmake_force_configure': False, 'cmake_target': None, 'cmake_target_skip_unavailable': False, 'install_base': '/home/albert/ag_arm_ws/install/arm_setup_moveit', 'merge_install': False, 'path': '/home/albert/ag_arm_ws/src/arm_setup_moveit', 'symlink_install': False, 'test_result_base': None}
[0.783s] INFO:colcon.colcon_core.executor:Executing jobs using 'parallel' executor
[0.784s] DEBUG:colcon.colcon_parallel_executor.executor.parallel:run_until_complete
[0.784s] INFO:colcon.colcon_ros.task.ament_cmake.build:Building ROS package in '/home/albert/ag_arm_ws/src/arm_msgs' with build type 'ament_cmake'
[0.784s] INFO:colcon.colcon_cmake.task.cmake.build:Building CMake package in '/home/albert/ag_arm_ws/src/arm_msgs'
[0.788s] INFO:colcon.colcon_core.plugin_system:Skipping extension 'colcon_core.shell.bat': Not used on non-Windows systems
[0.788s] INFO:colcon.colcon_core.shell:Skip shell extension 'powershell' for command environment: Not usable outside of PowerShell
[0.789s] DEBUG:colcon.colcon_core.shell:Skip shell extension 'dsv' for command environment
[0.817s] INFO:colcon.colcon_ros.task.ament_cmake.build:Building ROS package in '/home/albert/ag_arm_ws/src/arm_description' with build type 'ament_cmake'
[0.817s] INFO:colcon.colcon_cmake.task.cmake.build:Building CMake package in '/home/albert/ag_arm_ws/src/arm_description'
[0.818s] INFO:colcon.colcon_core.shell:Skip shell extension 'powershell' for command environment: Not usable outside of PowerShell
[0.818s] DEBUG:colcon.colcon_core.shell:Skip shell extension 'dsv' for command environment
[0.853s] INFO:colcon.colcon_ros.task.ament_cmake.build:Building ROS package in '/home/albert/ag_arm_ws/src/arm_moveit' with build type 'ament_cmake'
[0.853s] INFO:colcon.colcon_cmake.task.cmake.build:Building CMake package in '/home/albert/ag_arm_ws/src/arm_moveit'
[0.853s] INFO:colcon.colcon_core.shell:Skip shell extension 'powershell' for command environment: Not usable outside of PowerShell
[0.853s] DEBUG:colcon.colcon_core.shell:Skip shell extension 'dsv' for command environment
[0.879s] INFO:colcon.colcon_ros.task.ament_cmake.build:Building ROS package in '/home/albert/ag_arm_ws/src/arm_bringup' with build type 'ament_cmake'
[0.880s] INFO:colcon.colcon_cmake.task.cmake.build:Building CMake package in '/home/albert/ag_arm_ws/src/arm_bringup'
[0.880s] INFO:colcon.colcon_core.shell:Skip shell extension 'powershell' for command environment: Not usable outside of PowerShell
[0.880s] DEBUG:colcon.colcon_core.shell:Skip shell extension 'dsv' for command environment
[0.905s] INFO:colcon.colcon_ros.task.ament_cmake.build:Building ROS package in '/home/albert/ag_arm_ws/src/arm_controller' with build type 'ament_cmake'
[0.905s] INFO:colcon.colcon_cmake.task.cmake.build:Building CMake package in '/home/albert/ag_arm_ws/src/arm_controller'
[0.905s] INFO:colcon.colcon_core.shell:Skip shell extension 'powershell' for command environment: Not usable outside of PowerShell
[0.905s] DEBUG:colcon.colcon_core.shell:Skip shell extension 'dsv' for command environment
[0.932s] INFO:colcon.colcon_ros.task.ament_python.build:Building ROS package in '/home/albert/ag_arm_ws/src/arm_py' with build type 'ament_python'
[0.932s] Level 1:colcon.colcon_core.shell:create_environment_hook('arm_py', 'ament_prefix_path')
[0.933s] INFO:colcon.colcon_core.shell:Creating environment hook '/home/albert/ag_arm_ws/install/arm_py/share/arm_py/hook/ament_prefix_path.ps1'
[0.934s] INFO:colcon.colcon_core.shell:Creating environment descriptor '/home/albert/ag_arm_ws/install/arm_py/share/arm_py/hook/ament_prefix_path.dsv'
[0.936s] INFO:colcon.colcon_core.shell:Creating environment hook '/home/albert/ag_arm_ws/install/arm_py/share/arm_py/hook/ament_prefix_path.sh'
[0.937s] INFO:colcon.colcon_core.shell:Skip shell extension 'powershell' for command environment: Not usable outside of PowerShell
[0.937s] DEBUG:colcon.colcon_core.shell:Skip shell extension 'dsv' for command environment
[0.970s] DEBUG:colcon.colcon_core.event_handler.log_command:Invoking command in '/home/albert/ag_arm_ws/build/arm_msgs': CMAKE_PREFIX_PATH=${CMAKE_PREFIX_PATH}:/home/albert/ag_arm_ws/install/arm_py:/home/albert/ws_moveit2/install/moveit_configs_utils:/home/albert/ws_moveit2/install/launch_param_builder:/home/albert/umov_ws/install/arduino_py_examples:/home/albert/udem2_ws/install/actions_py:/home/albert/udem2_ws/install/lifecycle_py:/home/albert/udem2_ws/install/executors_py:/home/albert/udem2_ws/install/components_py:/home/albert/udem_ws/install/turtlesim_catcher:/home/albert/udem_ws/install/my_py_pkg:/home/albert/udem_ws/install/lifecycle_py:/home/albert/bcdc_ws/install/agbot_teleop:/home/albert/bcdc_ws/install/agbot_py:/home/albert/arduinobot_ws/install/arduinobot_py_examples:/opt/ros/humble /home/albert/.local/bin/cmake --build /home/albert/ag_arm_ws/build/arm_msgs -- -j8 -l8
[0.979s] DEBUG:colcon.colcon_core.event_handler.log_command:Invoking command in '/home/albert/ag_arm_ws/build/arm_description': CMAKE_PREFIX_PATH=${CMAKE_PREFIX_PATH}:/home/albert/ag_arm_ws/install/arm_py:/home/albert/ws_moveit2/install/moveit_configs_utils:/home/albert/ws_moveit2/install/launch_param_builder:/home/albert/umov_ws/install/arduino_py_examples:/home/albert/udem2_ws/install/actions_py:/home/albert/udem2_ws/install/lifecycle_py:/home/albert/udem2_ws/install/executors_py:/home/albert/udem2_ws/install/components_py:/home/albert/udem_ws/install/turtlesim_catcher:/home/albert/udem_ws/install/my_py_pkg:/home/albert/udem_ws/install/lifecycle_py:/home/albert/bcdc_ws/install/agbot_teleop:/home/albert/bcdc_ws/install/agbot_py:/home/albert/arduinobot_ws/install/arduinobot_py_examples:/opt/ros/humble /home/albert/.local/bin/cmake --build /home/albert/ag_arm_ws/build/arm_description -- -j8 -l8
[0.988s] DEBUG:colcon.colcon_core.event_handler.log_command:Invoking command in '/home/albert/ag_arm_ws/build/arm_moveit': CMAKE_PREFIX_PATH=${CMAKE_PREFIX_PATH}:/home/albert/ag_arm_ws/install/arm_py:/home/albert/ws_moveit2/install/moveit_configs_utils:/home/albert/ws_moveit2/install/launch_param_builder:/home/albert/umov_ws/install/arduino_py_examples:/home/albert/udem2_ws/install/actions_py:/home/albert/udem2_ws/install/lifecycle_py:/home/albert/udem2_ws/install/executors_py:/home/albert/udem2_ws/install/components_py:/home/albert/udem_ws/install/turtlesim_catcher:/home/albert/udem_ws/install/my_py_pkg:/home/albert/udem_ws/install/lifecycle_py:/home/albert/bcdc_ws/install/agbot_teleop:/home/albert/bcdc_ws/install/agbot_py:/home/albert/arduinobot_ws/install/arduinobot_py_examples:/opt/ros/humble /home/albert/.local/bin/cmake --build /home/albert/ag_arm_ws/build/arm_moveit -- -j8 -l8
[0.997s] DEBUG:colcon.colcon_core.event_handler.log_command:Invoking command in '/home/albert/ag_arm_ws/build/arm_bringup': CMAKE_PREFIX_PATH=${CMAKE_PREFIX_PATH}:/home/albert/ag_arm_ws/install/arm_py:/home/albert/ws_moveit2/install/moveit_configs_utils:/home/albert/ws_moveit2/install/launch_param_builder:/home/albert/umov_ws/install/arduino_py_examples:/home/albert/udem2_ws/install/actions_py:/home/albert/udem2_ws/install/lifecycle_py:/home/albert/udem2_ws/install/executors_py:/home/albert/udem2_ws/install/components_py:/home/albert/udem_ws/install/turtlesim_catcher:/home/albert/udem_ws/install/my_py_pkg:/home/albert/udem_ws/install/lifecycle_py:/home/albert/bcdc_ws/install/agbot_teleop:/home/albert/bcdc_ws/install/agbot_py:/home/albert/arduinobot_ws/install/arduinobot_py_examples:/opt/ros/humble /home/albert/.local/bin/cmake --build /home/albert/ag_arm_ws/build/arm_bringup -- -j8 -l8
[1.000s] DEBUG:colcon.colcon_core.event_handler.log_command:Invoking command in '/home/albert/ag_arm_ws/build/arm_controller': CMAKE_PREFIX_PATH=${CMAKE_PREFIX_PATH}:/home/albert/ag_arm_ws/install/arm_py:/home/albert/ws_moveit2/install/moveit_configs_utils:/home/albert/ws_moveit2/install/launch_param_builder:/home/albert/umov_ws/install/arduino_py_examples:/home/albert/udem2_ws/install/actions_py:/home/albert/udem2_ws/install/lifecycle_py:/home/albert/udem2_ws/install/executors_py:/home/albert/udem2_ws/install/components_py:/home/albert/udem_ws/install/turtlesim_catcher:/home/albert/udem_ws/install/my_py_pkg:/home/albert/udem_ws/install/lifecycle_py:/home/albert/bcdc_ws/install/agbot_teleop:/home/albert/bcdc_ws/install/agbot_py:/home/albert/arduinobot_ws/install/arduinobot_py_examples:/opt/ros/humble /home/albert/.local/bin/cmake --build /home/albert/ag_arm_ws/build/arm_controller -- -j8 -l8
[1.628s] INFO:colcon.colcon_core.task.python.build:Building Python package in '/home/albert/ag_arm_ws/src/arm_py'
[1.629s] INFO:colcon.colcon_core.shell:Skip shell extension 'powershell' for command environment: Not usable outside of PowerShell
[1.629s] DEBUG:colcon.colcon_core.shell:Skip shell extension 'dsv' for command environment
[1.656s] DEBUG:colcon.colcon_core.event_handler.log_command:Invoked command in '/home/albert/ag_arm_ws/build/arm_description' returned '0': CMAKE_PREFIX_PATH=${CMAKE_PREFIX_PATH}:/home/albert/ag_arm_ws/install/arm_py:/home/albert/ws_moveit2/install/moveit_configs_utils:/home/albert/ws_moveit2/install/launch_param_builder:/home/albert/umov_ws/install/arduino_py_examples:/home/albert/udem2_ws/install/actions_py:/home/albert/udem2_ws/install/lifecycle_py:/home/albert/udem2_ws/install/executors_py:/home/albert/udem2_ws/install/components_py:/home/albert/udem_ws/install/turtlesim_catcher:/home/albert/udem_ws/install/my_py_pkg:/home/albert/udem_ws/install/lifecycle_py:/home/albert/bcdc_ws/install/agbot_teleop:/home/albert/bcdc_ws/install/agbot_py:/home/albert/arduinobot_ws/install/arduinobot_py_examples:/opt/ros/humble /home/albert/.local/bin/cmake --build /home/albert/ag_arm_ws/build/arm_description -- -j8 -l8
[1.667s] DEBUG:colcon.colcon_core.event_handler.log_command:Invoking command in '/home/albert/ag_arm_ws/build/arm_description': CMAKE_PREFIX_PATH=${CMAKE_PREFIX_PATH}:/home/albert/ag_arm_ws/install/arm_py:/home/albert/ws_moveit2/install/moveit_configs_utils:/home/albert/ws_moveit2/install/launch_param_builder:/home/albert/umov_ws/install/arduino_py_examples:/home/albert/udem2_ws/install/actions_py:/home/albert/udem2_ws/install/lifecycle_py:/home/albert/udem2_ws/install/executors_py:/home/albert/udem2_ws/install/components_py:/home/albert/udem_ws/install/turtlesim_catcher:/home/albert/udem_ws/install/my_py_pkg:/home/albert/udem_ws/install/lifecycle_py:/home/albert/bcdc_ws/install/agbot_teleop:/home/albert/bcdc_ws/install/agbot_py:/home/albert/arduinobot_ws/install/arduinobot_py_examples:/opt/ros/humble /home/albert/.local/bin/cmake --install /home/albert/ag_arm_ws/build/arm_description
[1.669s] DEBUG:colcon.colcon_core.event_handler.log_command:Invoked command in '/home/albert/ag_arm_ws/build/arm_bringup' returned '0': CMAKE_PREFIX_PATH=${CMAKE_PREFIX_PATH}:/home/albert/ag_arm_ws/install/arm_py:/home/albert/ws_moveit2/install/moveit_configs_utils:/home/albert/ws_moveit2/install/launch_param_builder:/home/albert/umov_ws/install/arduino_py_examples:/home/albert/udem2_ws/install/actions_py:/home/albert/udem2_ws/install/lifecycle_py:/home/albert/udem2_ws/install/executors_py:/home/albert/udem2_ws/install/components_py:/home/albert/udem_ws/install/turtlesim_catcher:/home/albert/udem_ws/install/my_py_pkg:/home/albert/udem_ws/install/lifecycle_py:/home/albert/bcdc_ws/install/agbot_teleop:/home/albert/bcdc_ws/install/agbot_py:/home/albert/arduinobot_ws/install/arduinobot_py_examples:/opt/ros/humble /home/albert/.local/bin/cmake --build /home/albert/ag_arm_ws/build/arm_bringup -- -j8 -l8
[1.671s] DEBUG:colcon.colcon_core.event_handler.log_command:Invoking command in '/home/albert/ag_arm_ws/build/arm_bringup': CMAKE_PREFIX_PATH=${CMAKE_PREFIX_PATH}:/home/albert/ag_arm_ws/install/arm_py:/home/albert/ws_moveit2/install/moveit_configs_utils:/home/albert/ws_moveit2/install/launch_param_builder:/home/albert/umov_ws/install/arduino_py_examples:/home/albert/udem2_ws/install/actions_py:/home/albert/udem2_ws/install/lifecycle_py:/home/albert/udem2_ws/install/executors_py:/home/albert/udem2_ws/install/components_py:/home/albert/udem_ws/install/turtlesim_catcher:/home/albert/udem_ws/install/my_py_pkg:/home/albert/udem_ws/install/lifecycle_py:/home/albert/bcdc_ws/install/agbot_teleop:/home/albert/bcdc_ws/install/agbot_py:/home/albert/arduinobot_ws/install/arduinobot_py_examples:/opt/ros/humble /home/albert/.local/bin/cmake --install /home/albert/ag_arm_ws/build/arm_bringup
[1.673s] DEBUG:colcon.colcon_core.event_handler.log_command:Invoked command in '/home/albert/ag_arm_ws/build/arm_moveit' returned '0': CMAKE_PREFIX_PATH=${CMAKE_PREFIX_PATH}:/home/albert/ag_arm_ws/install/arm_py:/home/albert/ws_moveit2/install/moveit_configs_utils:/home/albert/ws_moveit2/install/launch_param_builder:/home/albert/umov_ws/install/arduino_py_examples:/home/albert/udem2_ws/install/actions_py:/home/albert/udem2_ws/install/lifecycle_py:/home/albert/udem2_ws/install/executors_py:/home/albert/udem2_ws/install/components_py:/home/albert/udem_ws/install/turtlesim_catcher:/home/albert/udem_ws/install/my_py_pkg:/home/albert/udem_ws/install/lifecycle_py:/home/albert/bcdc_ws/install/agbot_teleop:/home/albert/bcdc_ws/install/agbot_py:/home/albert/arduinobot_ws/install/arduinobot_py_examples:/opt/ros/humble /home/albert/.local/bin/cmake --build /home/albert/ag_arm_ws/build/arm_moveit -- -j8 -l8
[1.677s] DEBUG:colcon.colcon_core.event_handler.log_command:Invoking command in '/home/albert/ag_arm_ws/build/arm_moveit': CMAKE_PREFIX_PATH=${CMAKE_PREFIX_PATH}:/home/albert/ag_arm_ws/install/arm_py:/home/albert/ws_moveit2/install/moveit_configs_utils:/home/albert/ws_moveit2/install/launch_param_builder:/home/albert/umov_ws/install/arduino_py_examples:/home/albert/udem2_ws/install/actions_py:/home/albert/udem2_ws/install/lifecycle_py:/home/albert/udem2_ws/install/executors_py:/home/albert/udem2_ws/install/components_py:/home/albert/udem_ws/install/turtlesim_catcher:/home/albert/udem_ws/install/my_py_pkg:/home/albert/udem_ws/install/lifecycle_py:/home/albert/bcdc_ws/install/agbot_teleop:/home/albert/bcdc_ws/install/agbot_py:/home/albert/arduinobot_ws/install/arduinobot_py_examples:/opt/ros/humble /home/albert/.local/bin/cmake --install /home/albert/ag_arm_ws/build/arm_moveit
[1.681s] DEBUG:colcon.colcon_core.event_handler.log_command:Invoked command in '/home/albert/ag_arm_ws/build/arm_controller' returned '0': CMAKE_PREFIX_PATH=${CMAKE_PREFIX_PATH}:/home/albert/ag_arm_ws/install/arm_py:/home/albert/ws_moveit2/install/moveit_configs_utils:/home/albert/ws_moveit2/install/launch_param_builder:/home/albert/umov_ws/install/arduino_py_examples:/home/albert/udem2_ws/install/actions_py:/home/albert/udem2_ws/install/lifecycle_py:/home/albert/udem2_ws/install/executors_py:/home/albert/udem2_ws/install/components_py:/home/albert/udem_ws/install/turtlesim_catcher:/home/albert/udem_ws/install/my_py_pkg:/home/albert/udem_ws/install/lifecycle_py:/home/albert/bcdc_ws/install/agbot_teleop:/home/albert/bcdc_ws/install/agbot_py:/home/albert/arduinobot_ws/install/arduinobot_py_examples:/opt/ros/humble /home/albert/.local/bin/cmake --build /home/albert/ag_arm_ws/build/arm_controller -- -j8 -l8
[1.682s] DEBUG:colcon.colcon_core.event_handler.log_command:Invoking command in '/home/albert/ag_arm_ws/build/arm_controller': CMAKE_PREFIX_PATH=${CMAKE_PREFIX_PATH}:/home/albert/ag_arm_ws/install/arm_py:/home/albert/ws_moveit2/install/moveit_configs_utils:/home/albert/ws_moveit2/install/launch_param_builder:/home/albert/umov_ws/install/arduino_py_examples:/home/albert/udem2_ws/install/actions_py:/home/albert/udem2_ws/install/lifecycle_py:/home/albert/udem2_ws/install/executors_py:/home/albert/udem2_ws/install/components_py:/home/albert/udem_ws/install/turtlesim_catcher:/home/albert/udem_ws/install/my_py_pkg:/home/albert/udem_ws/install/lifecycle_py:/home/albert/bcdc_ws/install/agbot_teleop:/home/albert/bcdc_ws/install/agbot_py:/home/albert/arduinobot_ws/install/arduinobot_py_examples:/opt/ros/humble /home/albert/.local/bin/cmake --install /home/albert/ag_arm_ws/build/arm_controller
[1.694s] Level 1:colcon.colcon_core.environment:create_environment_scripts_only(arm_bringup)
[1.705s] Level 1:colcon.colcon_core.environment:checking '/home/albert/ag_arm_ws/install/arm_bringup' for CMake module files
[1.707s] Level 1:colcon.colcon_core.environment:checking '/home/albert/ag_arm_ws/install/arm_bringup' for CMake config files
[1.715s] Level 1:colcon.colcon_core.shell:create_environment_hook('arm_bringup', 'cmake_prefix_path')
[1.716s] INFO:colcon.colcon_core.shell:Creating environment hook '/home/albert/ag_arm_ws/install/arm_bringup/share/arm_bringup/hook/cmake_prefix_path.ps1'
[1.719s] INFO:colcon.colcon_core.shell:Creating environment descriptor '/home/albert/ag_arm_ws/install/arm_bringup/share/arm_bringup/hook/cmake_prefix_path.dsv'
[1.720s] INFO:colcon.colcon_core.shell:Creating environment hook '/home/albert/ag_arm_ws/install/arm_bringup/share/arm_bringup/hook/cmake_prefix_path.sh'
[1.722s] Level 1:colcon.colcon_core.environment:checking '/home/albert/ag_arm_ws/install/arm_bringup/bin'
[1.724s] Level 1:colcon.colcon_core.environment:checking '/home/albert/ag_arm_ws/install/arm_bringup/lib/pkgconfig/arm_bringup.pc'
[1.726s] Level 1:colcon.colcon_core.environment:checking '/home/albert/ag_arm_ws/install/arm_bringup/lib/python3.10/site-packages'
[1.727s] Level 1:colcon.colcon_core.environment:checking '/home/albert/ag_arm_ws/install/arm_bringup/bin'
[1.727s] INFO:colcon.colcon_core.shell:Creating package script '/home/albert/ag_arm_ws/install/arm_bringup/share/arm_bringup/package.ps1'
[1.730s] INFO:colcon.colcon_core.shell:Creating package descriptor '/home/albert/ag_arm_ws/install/arm_bringup/share/arm_bringup/package.dsv'
[1.731s] INFO:colcon.colcon_core.shell:Creating package script '/home/albert/ag_arm_ws/install/arm_bringup/share/arm_bringup/package.sh'
[1.733s] INFO:colcon.colcon_core.shell:Creating package script '/home/albert/ag_arm_ws/install/arm_bringup/share/arm_bringup/package.bash'
[1.734s] INFO:colcon.colcon_core.shell:Creating package script '/home/albert/ag_arm_ws/install/arm_bringup/share/arm_bringup/package.zsh'
[1.736s] Level 1:colcon.colcon_core.environment:create_file_with_runtime_dependencies(/home/albert/ag_arm_ws/install/arm_bringup/share/colcon-core/packages/arm_bringup)
[1.738s] Level 1:colcon.colcon_core.environment:create_environment_scripts_only(arm_bringup)
[1.738s] Level 1:colcon.colcon_core.environment:checking '/home/albert/ag_arm_ws/install/arm_bringup' for CMake module files
[1.740s] Level 1:colcon.colcon_core.environment:checking '/home/albert/ag_arm_ws/install/arm_bringup' for CMake config files
[1.741s] Level 1:colcon.colcon_core.shell:create_environment_hook('arm_bringup', 'cmake_prefix_path')
[1.741s] INFO:colcon.colcon_core.shell:Creating environment hook '/home/albert/ag_arm_ws/install/arm_bringup/share/arm_bringup/hook/cmake_prefix_path.ps1'
[1.743s] INFO:colcon.colcon_core.shell:Creating environment descriptor '/home/albert/ag_arm_ws/install/arm_bringup/share/arm_bringup/hook/cmake_prefix_path.dsv'
[1.745s] DEBUG:colcon.colcon_core.event_handler.log_command:Invoked command in '/home/albert/ag_arm_ws/build/arm_bringup' returned '0': CMAKE_PREFIX_PATH=${CMAKE_PREFIX_PATH}:/home/albert/ag_arm_ws/install/arm_py:/home/albert/ws_moveit2/install/moveit_configs_utils:/home/albert/ws_moveit2/install/launch_param_builder:/home/albert/umov_ws/install/arduino_py_examples:/home/albert/udem2_ws/install/actions_py:/home/albert/udem2_ws/install/lifecycle_py:/home/albert/udem2_ws/install/executors_py:/home/albert/udem2_ws/install/components_py:/home/albert/udem_ws/install/turtlesim_catcher:/home/albert/udem_ws/install/my_py_pkg:/home/albert/udem_ws/install/lifecycle_py:/home/albert/bcdc_ws/install/agbot_teleop:/home/albert/bcdc_ws/install/agbot_py:/home/albert/arduinobot_ws/install/arduinobot_py_examples:/opt/ros/humble /home/albert/.local/bin/cmake --install /home/albert/ag_arm_ws/build/arm_bringup
[1.747s] INFO:colcon.colcon_core.shell:Creating environment hook '/home/albert/ag_arm_ws/install/arm_bringup/share/arm_bringup/hook/cmake_prefix_path.sh'
[1.748s] Level 1:colcon.colcon_core.environment:checking '/home/albert/ag_arm_ws/install/arm_bringup/bin'
[1.748s] Level 1:colcon.colcon_core.environment:checking '/home/albert/ag_arm_ws/install/arm_bringup/lib/pkgconfig/arm_bringup.pc'
[1.748s] Level 1:colcon.colcon_core.environment:checking '/home/albert/ag_arm_ws/install/arm_bringup/lib/python3.10/site-packages'
[1.749s] Level 1:colcon.colcon_core.environment:checking '/home/albert/ag_arm_ws/install/arm_bringup/bin'
[1.749s] INFO:colcon.colcon_core.shell:Creating package script '/home/albert/ag_arm_ws/install/arm_bringup/share/arm_bringup/package.ps1'
[1.750s] INFO:colcon.colcon_core.shell:Creating package descriptor '/home/albert/ag_arm_ws/install/arm_bringup/share/arm_bringup/package.dsv'
[1.751s] INFO:colcon.colcon_core.shell:Creating package script '/home/albert/ag_arm_ws/install/arm_bringup/share/arm_bringup/package.sh'
[1.751s] INFO:colcon.colcon_core.shell:Creating package script '/home/albert/ag_arm_ws/install/arm_bringup/share/arm_bringup/package.bash'
[1.752s] INFO:colcon.colcon_core.shell:Creating package script '/home/albert/ag_arm_ws/install/arm_bringup/share/arm_bringup/package.zsh'
[1.752s] Level 1:colcon.colcon_core.environment:create_file_with_runtime_dependencies(/home/albert/ag_arm_ws/install/arm_bringup/share/colcon-core/packages/arm_bringup)
[1.753s] Level 1:colcon.colcon_core.environment:create_environment_scripts_only(arm_description)
[1.753s] Level 1:colcon.colcon_core.environment:checking '/home/albert/ag_arm_ws/install/arm_description' for CMake module files
[1.756s] DEBUG:colcon.colcon_core.event_handler.log_command:Invoked command in '/home/albert/ag_arm_ws/build/arm_description' returned '0': CMAKE_PREFIX_PATH=${CMAKE_PREFIX_PATH}:/home/albert/ag_arm_ws/install/arm_py:/home/albert/ws_moveit2/install/moveit_configs_utils:/home/albert/ws_moveit2/install/launch_param_builder:/home/albert/umov_ws/install/arduino_py_examples:/home/albert/udem2_ws/install/actions_py:/home/albert/udem2_ws/install/lifecycle_py:/home/albert/udem2_ws/install/executors_py:/home/albert/udem2_ws/install/components_py:/home/albert/udem_ws/install/turtlesim_catcher:/home/albert/udem_ws/install/my_py_pkg:/home/albert/udem_ws/install/lifecycle_py:/home/albert/bcdc_ws/install/agbot_teleop:/home/albert/bcdc_ws/install/agbot_py:/home/albert/arduinobot_ws/install/arduinobot_py_examples:/opt/ros/humble /home/albert/.local/bin/cmake --install /home/albert/ag_arm_ws/build/arm_description
[1.756s] Level 1:colcon.colcon_core.environment:checking '/home/albert/ag_arm_ws/install/arm_description' for CMake config files
[1.756s] Level 1:colcon.colcon_core.shell:create_environment_hook('arm_description', 'cmake_prefix_path')
[1.757s] INFO:colcon.colcon_core.shell:Creating environment hook '/home/albert/ag_arm_ws/install/arm_description/share/arm_description/hook/cmake_prefix_path.ps1'
[1.758s] INFO:colcon.colcon_core.shell:Creating environment descriptor '/home/albert/ag_arm_ws/install/arm_description/share/arm_description/hook/cmake_prefix_path.dsv'
[1.759s] INFO:colcon.colcon_core.shell:Creating environment hook '/home/albert/ag_arm_ws/install/arm_description/share/arm_description/hook/cmake_prefix_path.sh'
[1.760s] Level 1:colcon.colcon_core.environment:checking '/home/albert/ag_arm_ws/install/arm_description/bin'
[1.760s] Level 1:colcon.colcon_core.environment:checking '/home/albert/ag_arm_ws/install/arm_description/lib/pkgconfig/arm_description.pc'
[1.760s] Level 1:colcon.colcon_core.environment:checking '/home/albert/ag_arm_ws/install/arm_description/lib/python3.10/site-packages'
[1.760s] Level 1:colcon.colcon_core.environment:checking '/home/albert/ag_arm_ws/install/arm_description/bin'
[1.761s] INFO:colcon.colcon_core.shell:Creating package script '/home/albert/ag_arm_ws/install/arm_description/share/arm_description/package.ps1'
[1.762s] INFO:colcon.colcon_core.shell:Creating package descriptor '/home/albert/ag_arm_ws/install/arm_description/share/arm_description/package.dsv'
[1.763s] INFO:colcon.colcon_core.shell:Creating package script '/home/albert/ag_arm_ws/install/arm_description/share/arm_description/package.sh'
[1.764s] INFO:colcon.colcon_core.shell:Creating package script '/home/albert/ag_arm_ws/install/arm_description/share/arm_description/package.bash'
[1.764s] INFO:colcon.colcon_core.shell:Creating package script '/home/albert/ag_arm_ws/install/arm_description/share/arm_description/package.zsh'
[1.765s] Level 1:colcon.colcon_core.environment:create_file_with_runtime_dependencies(/home/albert/ag_arm_ws/install/arm_description/share/colcon-core/packages/arm_description)
[1.766s] Level 1:colcon.colcon_core.environment:create_environment_scripts_only(arm_description)
[1.766s] Level 1:colcon.colcon_core.environment:checking '/home/albert/ag_arm_ws/install/arm_description' for CMake module files
[1.767s] Level 1:colcon.colcon_core.environment:checking '/home/albert/ag_arm_ws/install/arm_description' for CMake config files
[1.768s] Level 1:colcon.colcon_core.shell:create_environment_hook('arm_description', 'cmake_prefix_path')
[1.769s] INFO:colcon.colcon_core.shell:Creating environment hook '/home/albert/ag_arm_ws/install/arm_description/share/arm_description/hook/cmake_prefix_path.ps1'
[1.769s] INFO:colcon.colcon_core.shell:Creating environment descriptor '/home/albert/ag_arm_ws/install/arm_description/share/arm_description/hook/cmake_prefix_path.dsv'
[1.770s] INFO:colcon.colcon_core.shell:Creating environment hook '/home/albert/ag_arm_ws/install/arm_description/share/arm_description/hook/cmake_prefix_path.sh'
[1.771s] Level 1:colcon.colcon_core.environment:checking '/home/albert/ag_arm_ws/install/arm_description/bin'
[1.771s] Level 1:colcon.colcon_core.environment:checking '/home/albert/ag_arm_ws/install/arm_description/lib/pkgconfig/arm_description.pc'
[1.771s] Level 1:colcon.colcon_core.environment:checking '/home/albert/ag_arm_ws/install/arm_description/lib/python3.10/site-packages'
[1.771s] Level 1:colcon.colcon_core.environment:checking '/home/albert/ag_arm_ws/install/arm_description/bin'
[1.772s] INFO:colcon.colcon_core.shell:Creating package script '/home/albert/ag_arm_ws/install/arm_description/share/arm_description/package.ps1'
[1.772s] INFO:colcon.colcon_core.shell:Creating package descriptor '/home/albert/ag_arm_ws/install/arm_description/share/arm_description/package.dsv'
[1.773s] INFO:colcon.colcon_core.shell:Creating package script '/home/albert/ag_arm_ws/install/arm_description/share/arm_description/package.sh'
[1.774s] INFO:colcon.colcon_core.shell:Creating package script '/home/albert/ag_arm_ws/install/arm_description/share/arm_description/package.bash'
[1.775s] INFO:colcon.colcon_core.shell:Creating package script '/home/albert/ag_arm_ws/install/arm_description/share/arm_description/package.zsh'
[1.776s] Level 1:colcon.colcon_core.environment:create_file_with_runtime_dependencies(/home/albert/ag_arm_ws/install/arm_description/share/colcon-core/packages/arm_description)
[1.777s] INFO:colcon.colcon_ros.task.ament_cmake.build:Building ROS package in '/home/albert/ag_arm_ws/src/arm_setup_moveit' with build type 'ament_cmake'
[1.777s] INFO:colcon.colcon_cmake.task.cmake.build:Building CMake package in '/home/albert/ag_arm_ws/src/arm_setup_moveit'
[1.778s] INFO:colcon.colcon_core.shell:Skip shell extension 'powershell' for command environment: Not usable outside of PowerShell
[1.778s] DEBUG:colcon.colcon_core.shell:Skip shell extension 'dsv' for command environment
[1.813s] Level 1:colcon.colcon_core.environment:create_environment_scripts_only(arm_controller)
[1.814s] Level 1:colcon.colcon_core.environment:checking '/home/albert/ag_arm_ws/install/arm_controller' for CMake module files
[1.815s] DEBUG:colcon.colcon_core.event_handler.log_command:Invoked command in '/home/albert/ag_arm_ws/build/arm_controller' returned '0': CMAKE_PREFIX_PATH=${CMAKE_PREFIX_PATH}:/home/albert/ag_arm_ws/install/arm_py:/home/albert/ws_moveit2/install/moveit_configs_utils:/home/albert/ws_moveit2/install/launch_param_builder:/home/albert/umov_ws/install/arduino_py_examples:/home/albert/udem2_ws/install/actions_py:/home/albert/udem2_ws/install/lifecycle_py:/home/albert/udem2_ws/install/executors_py:/home/albert/udem2_ws/install/components_py:/home/albert/udem_ws/install/turtlesim_catcher:/home/albert/udem_ws/install/my_py_pkg:/home/albert/udem_ws/install/lifecycle_py:/home/albert/bcdc_ws/install/agbot_teleop:/home/albert/bcdc_ws/install/agbot_py:/home/albert/arduinobot_ws/install/arduinobot_py_examples:/opt/ros/humble /home/albert/.local/bin/cmake --install /home/albert/ag_arm_ws/build/arm_controller
[1.817s] Level 1:colcon.colcon_core.environment:checking '/home/albert/ag_arm_ws/install/arm_controller' for CMake config files
[1.818s] Level 1:colcon.colcon_core.shell:create_environment_hook('arm_controller', 'cmake_prefix_path')
[1.818s] INFO:colcon.colcon_core.shell:Creating environment hook '/home/albert/ag_arm_ws/install/arm_controller/share/arm_controller/hook/cmake_prefix_path.ps1'
[1.819s] INFO:colcon.colcon_core.shell:Creating environment descriptor '/home/albert/ag_arm_ws/install/arm_controller/share/arm_controller/hook/cmake_prefix_path.dsv'
[1.820s] INFO:colcon.colcon_core.shell:Creating environment hook '/home/albert/ag_arm_ws/install/arm_controller/share/arm_controller/hook/cmake_prefix_path.sh'
[1.821s] Level 1:colcon.colcon_core.environment:checking '/home/albert/ag_arm_ws/install/arm_controller/bin'
[1.822s] Level 1:colcon.colcon_core.environment:checking '/home/albert/ag_arm_ws/install/arm_controller/lib/pkgconfig/arm_controller.pc'
[1.822s] Level 1:colcon.colcon_core.environment:checking '/home/albert/ag_arm_ws/install/arm_controller/lib/python3.10/site-packages'
[1.823s] Level 1:colcon.colcon_core.environment:checking '/home/albert/ag_arm_ws/install/arm_controller/bin'
[1.824s] INFO:colcon.colcon_core.shell:Creating package script '/home/albert/ag_arm_ws/install/arm_controller/share/arm_controller/package.ps1'
[1.825s] INFO:colcon.colcon_core.shell:Creating package descriptor '/home/albert/ag_arm_ws/install/arm_controller/share/arm_controller/package.dsv'
[1.827s] INFO:colcon.colcon_core.shell:Creating package script '/home/albert/ag_arm_ws/install/arm_controller/share/arm_controller/package.sh'
[1.828s] INFO:colcon.colcon_core.shell:Creating package script '/home/albert/ag_arm_ws/install/arm_controller/share/arm_controller/package.bash'
[1.828s] INFO:colcon.colcon_core.shell:Creating package script '/home/albert/ag_arm_ws/install/arm_controller/share/arm_controller/package.zsh'
[1.829s] Level 1:colcon.colcon_core.environment:create_file_with_runtime_dependencies(/home/albert/ag_arm_ws/install/arm_controller/share/colcon-core/packages/arm_controller)
[1.830s] Level 1:colcon.colcon_core.environment:create_environment_scripts_only(arm_controller)
[1.831s] Level 1:colcon.colcon_core.environment:checking '/home/albert/ag_arm_ws/install/arm_controller' for CMake module files
[1.831s] Level 1:colcon.colcon_core.environment:checking '/home/albert/ag_arm_ws/install/arm_controller' for CMake config files
[1.832s] Level 1:colcon.colcon_core.shell:create_environment_hook('arm_controller', 'cmake_prefix_path')
[1.832s] INFO:colcon.colcon_core.shell:Creating environment hook '/home/albert/ag_arm_ws/install/arm_controller/share/arm_controller/hook/cmake_prefix_path.ps1'
[1.833s] INFO:colcon.colcon_core.shell:Creating environment descriptor '/home/albert/ag_arm_ws/install/arm_controller/share/arm_controller/hook/cmake_prefix_path.dsv'
[1.834s] INFO:colcon.colcon_core.shell:Creating environment hook '/home/albert/ag_arm_ws/install/arm_controller/share/arm_controller/hook/cmake_prefix_path.sh'
[1.835s] Level 1:colcon.colcon_core.environment:checking '/home/albert/ag_arm_ws/install/arm_controller/bin'
[1.835s] Level 1:colcon.colcon_core.environment:checking '/home/albert/ag_arm_ws/install/arm_controller/lib/pkgconfig/arm_controller.pc'
[1.836s] Level 1:colcon.colcon_core.environment:checking '/home/albert/ag_arm_ws/install/arm_controller/lib/python3.10/site-packages'
[1.836s] Level 1:colcon.colcon_core.environment:checking '/home/albert/ag_arm_ws/install/arm_controller/bin'
[1.837s] INFO:colcon.colcon_core.shell:Creating package script '/home/albert/ag_arm_ws/install/arm_controller/share/arm_controller/package.ps1'
[1.838s] INFO:colcon.colcon_core.shell:Creating package descriptor '/home/albert/ag_arm_ws/install/arm_controller/share/arm_controller/package.dsv'
[1.839s] INFO:colcon.colcon_core.shell:Creating package script '/home/albert/ag_arm_ws/install/arm_controller/share/arm_controller/package.sh'
[1.839s] INFO:colcon.colcon_core.shell:Creating package script '/home/albert/ag_arm_ws/install/arm_controller/share/arm_controller/package.bash'
[1.840s] INFO:colcon.colcon_core.shell:Creating package script '/home/albert/ag_arm_ws/install/arm_controller/share/arm_controller/package.zsh'
[1.840s] Level 1:colcon.colcon_core.environment:create_file_with_runtime_dependencies(/home/albert/ag_arm_ws/install/arm_controller/share/colcon-core/packages/arm_controller)
[1.841s] Level 1:colcon.colcon_core.environment:create_environment_scripts_only(arm_moveit)
[1.841s] Level 1:colcon.colcon_core.environment:checking '/home/albert/ag_arm_ws/install/arm_moveit' for CMake module files
[1.844s] DEBUG:colcon.colcon_core.event_handler.log_command:Invoked command in '/home/albert/ag_arm_ws/build/arm_moveit' returned '0': CMAKE_PREFIX_PATH=${CMAKE_PREFIX_PATH}:/home/albert/ag_arm_ws/install/arm_py:/home/albert/ws_moveit2/install/moveit_configs_utils:/home/albert/ws_moveit2/install/launch_param_builder:/home/albert/umov_ws/install/arduino_py_examples:/home/albert/udem2_ws/install/actions_py:/home/albert/udem2_ws/install/lifecycle_py:/home/albert/udem2_ws/install/executors_py:/home/albert/udem2_ws/install/components_py:/home/albert/udem_ws/install/turtlesim_catcher:/home/albert/udem_ws/install/my_py_pkg:/home/albert/udem_ws/install/lifecycle_py:/home/albert/bcdc_ws/install/agbot_teleop:/home/albert/bcdc_ws/install/agbot_py:/home/albert/arduinobot_ws/install/arduinobot_py_examples:/opt/ros/humble /home/albert/.local/bin/cmake --install /home/albert/ag_arm_ws/build/arm_moveit
[1.844s] Level 1:colcon.colcon_core.environment:checking '/home/albert/ag_arm_ws/install/arm_moveit' for CMake config files
[1.845s] Level 1:colcon.colcon_core.shell:create_environment_hook('arm_moveit', 'cmake_prefix_path')
[1.846s] INFO:colcon.colcon_core.shell:Creating environment hook '/home/albert/ag_arm_ws/install/arm_moveit/share/arm_moveit/hook/cmake_prefix_path.ps1'
[1.847s] INFO:colcon.colcon_core.shell:Creating environment descriptor '/home/albert/ag_arm_ws/install/arm_moveit/share/arm_moveit/hook/cmake_prefix_path.dsv'
[1.848s] INFO:colcon.colcon_core.shell:Creating environment hook '/home/albert/ag_arm_ws/install/arm_moveit/share/arm_moveit/hook/cmake_prefix_path.sh'
[1.849s] Level 1:colcon.colcon_core.environment:checking '/home/albert/ag_arm_ws/install/arm_moveit/bin'
[1.849s] Level 1:colcon.colcon_core.environment:checking '/home/albert/ag_arm_ws/install/arm_moveit/lib/pkgconfig/arm_moveit.pc'
[1.850s] Level 1:colcon.colcon_core.environment:checking '/home/albert/ag_arm_ws/install/arm_moveit/lib/python3.10/site-packages'
[1.851s] Level 1:colcon.colcon_core.environment:checking '/home/albert/ag_arm_ws/install/arm_moveit/bin'
[1.852s] INFO:colcon.colcon_core.shell:Creating package script '/home/albert/ag_arm_ws/install/arm_moveit/share/arm_moveit/package.ps1'
[1.853s] INFO:colcon.colcon_core.shell:Creating package descriptor '/home/albert/ag_arm_ws/install/arm_moveit/share/arm_moveit/package.dsv'
[1.854s] INFO:colcon.colcon_core.shell:Creating package script '/home/albert/ag_arm_ws/install/arm_moveit/share/arm_moveit/package.sh'
[1.855s] INFO:colcon.colcon_core.shell:Creating package script '/home/albert/ag_arm_ws/install/arm_moveit/share/arm_moveit/package.bash'
[1.856s] INFO:colcon.colcon_core.shell:Creating package script '/home/albert/ag_arm_ws/install/arm_moveit/share/arm_moveit/package.zsh'
[1.856s] Level 1:colcon.colcon_core.environment:create_file_with_runtime_dependencies(/home/albert/ag_arm_ws/install/arm_moveit/share/colcon-core/packages/arm_moveit)
[1.858s] Level 1:colcon.colcon_core.environment:create_environment_scripts_only(arm_moveit)
[1.859s] Level 1:colcon.colcon_core.environment:checking '/home/albert/ag_arm_ws/install/arm_moveit' for CMake module files
[1.861s] Level 1:colcon.colcon_core.environment:checking '/home/albert/ag_arm_ws/install/arm_moveit' for CMake config files
[1.862s] Level 1:colcon.colcon_core.shell:create_environment_hook('arm_moveit', 'cmake_prefix_path')
[1.862s] INFO:colcon.colcon_core.shell:Creating environment hook '/home/albert/ag_arm_ws/install/arm_moveit/share/arm_moveit/hook/cmake_prefix_path.ps1'
[1.863s] INFO:colcon.colcon_core.shell:Creating environment descriptor '/home/albert/ag_arm_ws/install/arm_moveit/share/arm_moveit/hook/cmake_prefix_path.dsv'
[1.864s] INFO:colcon.colcon_core.shell:Creating environment hook '/home/albert/ag_arm_ws/install/arm_moveit/share/arm_moveit/hook/cmake_prefix_path.sh'
[1.865s] Level 1:colcon.colcon_core.environment:checking '/home/albert/ag_arm_ws/install/arm_moveit/bin'
[1.865s] Level 1:colcon.colcon_core.environment:checking '/home/albert/ag_arm_ws/install/arm_moveit/lib/pkgconfig/arm_moveit.pc'
[1.866s] Level 1:colcon.colcon_core.environment:checking '/home/albert/ag_arm_ws/install/arm_moveit/lib/python3.10/site-packages'
[1.866s] Level 1:colcon.colcon_core.environment:checking '/home/albert/ag_arm_ws/install/arm_moveit/bin'
[1.867s] INFO:colcon.colcon_core.shell:Creating package script '/home/albert/ag_arm_ws/install/arm_moveit/share/arm_moveit/package.ps1'
[1.868s] INFO:colcon.colcon_core.shell:Creating package descriptor '/home/albert/ag_arm_ws/install/arm_moveit/share/arm_moveit/package.dsv'
[1.868s] INFO:colcon.colcon_core.shell:Creating package script '/home/albert/ag_arm_ws/install/arm_moveit/share/arm_moveit/package.sh'
[1.869s] INFO:colcon.colcon_core.shell:Creating package script '/home/albert/ag_arm_ws/install/arm_moveit/share/arm_moveit/package.bash'
[1.870s] INFO:colcon.colcon_core.shell:Creating package script '/home/albert/ag_arm_ws/install/arm_moveit/share/arm_moveit/package.zsh'
[1.870s] Level 1:colcon.colcon_core.environment:create_file_with_runtime_dependencies(/home/albert/ag_arm_ws/install/arm_moveit/share/colcon-core/packages/arm_moveit)
[1.883s] DEBUG:colcon.colcon_core.event_handler.log_command:Invoking command in '/home/albert/ag_arm_ws/build/arm_setup_moveit': CMAKE_PREFIX_PATH=/home/albert/ag_arm_ws/install/arm_description:/home/albert/ag_arm_ws/install/arm_setup_moveit:/home/albert/ag_arm_ws/install/arm_remote:/home/albert/ag_arm_ws/install/arm_cpp:/home/albert/ag_arm_ws/install/arm_msgs:/home/albert/ag_arm_ws/install/arm_moveit:/home/albert/ag_arm_ws/install/arm_controller:/home/albert/ag_arm_ws/install/arm_bringup:/home/albert/ws_moveit2/install/pilz_industrial_motion_planner_testutils:/home/albert/ws_moveit2/install/moveit_runtime:/home/albert/ws_moveit2/install/moveit2_tutorials:/home/albert/ws_moveit2/install/moveit:/home/albert/ws_moveit2/install/moveit_planners:/home/albert/ws_moveit2/install/pilz_industrial_motion_planner:/home/albert/ws_moveit2/install/moveit_visual_tools:/home/albert/ws_moveit2/install/moveit_task_constructor_visualization:/home/albert/ws_moveit2/install/moveit_task_constructor_demo:/home/albert/ws_moveit2/install/moveit_task_constructor_capabilities:/home/albert/ws_moveit2/install/moveit_task_constructor_core:/home/albert/ws_moveit2/install/moveit_ros_control_interface:/home/albert/ws_moveit2/install/moveit_plugins:/home/albert/ws_moveit2/install/moveit_simple_controller_manager:/home/albert/ws_moveit2/install/moveit_setup_assistant:/home/albert/ws_moveit2/install/moveit_setup_srdf_plugins:/home/albert/ws_moveit2/install/moveit_setup_core_plugins:/home/albert/ws_moveit2/install/moveit_setup_controllers:/home/albert/ws_moveit2/install/moveit_setup_app_plugins:/home/albert/ws_moveit2/install/moveit_setup_framework:/home/albert/ws_moveit2/install/moveit_servo:/home/albert/ws_moveit2/install/moveit_ros:/home/albert/ws_moveit2/install/moveit_ros_visualization:/home/albert/ws_moveit2/install/moveit_hybrid_planning:/home/albert/ws_moveit2/install/moveit_ros_planning_interface:/home/albert/ws_moveit2/install/moveit_ros_benchmarks:/home/albert/ws_moveit2/install/moveit_ros_warehouse:/home/albert/ws_moveit2/install/moveit_ros_robot_interaction:/home/albert/ws_moveit2/install/moveit_ros_perception:/home/albert/ws_moveit2/install/moveit_resources_prbt_pg70_support:/home/albert/ws_moveit2/install/moveit_resources_prbt_moveit_config:/home/albert/ws_moveit2/install/moveit_ros_move_group:/home/albert/ws_moveit2/install/moveit_planners_ompl:/home/albert/ws_moveit2/install/moveit_ros_planning:/home/albert/ws_moveit2/install/moveit_ros_occupancy_map_monitor:/home/albert/ws_moveit2/install/moveit_resources_prbt_ikfast_manipulator_plugin:/home/albert/ws_moveit2/install/moveit_planners_chomp:/home/albert/ws_moveit2/install/moveit_kinematics:/home/albert/ws_moveit2/install/moveit_chomp_optimizer_adapter:/home/albert/ws_moveit2/install/chomp_motion_planner:/home/albert/ws_moveit2/install/moveit_core:/home/albert/ws_moveit2/install/srdfdom:/home/albert/ws_moveit2/install/rviz_marker_tools:/home/albert/ws_moveit2/install/rosparam_shortcuts:/home/albert/ws_moveit2/install/moveit_task_constructor_msgs:/home/albert/ws_moveit2/install/moveit_resources_prbt_support:/home/albert/ws_moveit2/install/moveit_resources:/home/albert/ws_moveit2/install/moveit_resources_pr2_description:/home/albert/ws_moveit2/install/moveit_resources_panda_moveit_config:/home/albert/ws_moveit2/install/moveit_resources_panda_description:/home/albert/ws_moveit2/install/moveit_resources_fanuc_moveit_config:/home/albert/ws_moveit2/install/moveit_resources_fanuc_description:/home/albert/ws_moveit2/install/moveit_common:/home/albert/umov_ws/install/moveitassistant:/home/albert/umov_ws/install/description:/home/albert/umov_ws/install/arduino_utils:/home/albert/umov_ws/install/arduino_remote:/home/albert/umov_ws/install/arduino_cpp_examples:/home/albert/umov_ws/install/arduino_msgs:/home/albert/umov_ws/install/arduino_moveit:/home/albert/umov_ws/install/arduino_firmware:/home/albert/umov_ws/install/arduino_controller:/home/albert/umov_ws/install/arduino_bringup:/home/albert/unav_ws/install/turtlebot3_fake_node:/home/albert/unav_ws/install/robot_bringup:/home/albert/unav_ws/install/nav2_robot_description:/home/albert/udem2_ws/install/robot_bringup:/home/albert/udem2_ws/install/my_robot_bringup:/home/albert/udem2_ws/install/lifecycle_cpp:/home/albert/udem2_ws/install/final_project_cpp:/home/albert/udem2_ws/install/actions_cpp:/home/albert/udem2_ws/install/robot_interfaces:/home/albert/udem2_ws/install/executors_cpp:/home/albert/udem2_ws/install/components_cpp:/home/albert/udem_ws/install/my_robot_bringup:/home/albert/udem_ws/install/my_cpp_pkg:/home/albert/udem_ws/install/my_robot_interfaces:/home/albert/udem_ws/install/my_robot_description:/home/albert/udem_ws/install/lifecycle_cpp:/home/albert/bcdc_ws/install/aggiebot_cpp:/home/albert/bcdc_ws/install/aggiebot_msgs:/home/albert/bcdc_ws/install/aggiebot_description:/home/albert/bcdc_ws/install/aggiebot_controller:/home/albert/bcdc_ws/install/aggiebot_bringup:/home/albert/bcdc_ws/install/aggiebot_arm_moveit:/home/albert/bcdc_ws/install/aggiebot_arm_description:/home/albert/bcdc_ws/install/aggiebot_arm_controller:/home/albert/bcdc_ws/install/agbot_setup_moveit:/home/albert/bcdc_ws/install/agbot_cpp:/home/albert/bcdc_ws/install/agbot_msgs:/home/albert/bcdc_ws/install/agbot_moveit:/home/albert/bcdc_ws/install/agbot_description:/home/albert/bcdc_ws/install/agbot_controller:/home/albert/bcdc_ws/install/agbot_bringup:/home/albert/bcdc_ws/install/agbot_arm_controller:/home/albert/arduinobot_ws/install/arduinobot_utils:/home/albert/arduinobot_ws/install/arduinobot_remote:/home/albert/arduinobot_ws/install/arduinobot_cpp_examples:/home/albert/arduinobot_ws/install/arduinobot_msgs:/home/albert/arduinobot_ws/install/arduinobot_moveit_setup:/home/albert/arduinobot_ws/install/arduinobot_moveit:/home/albert/arduinobot_ws/install/arduinobot_description:/home/albert/arduinobot_ws/install/arduinobot_controller:/home/albert/rad_ws/install/agbot_full_nav2:/home/albert/rad_ws/install/agbot_full_msgs:/home/albert/rad_ws/install/agbot_full_moveit_setup:/home/albert/rad_ws/install/agbot_full_moveit:/home/albert/rad_ws/install/agbot_full_description:/home/albert/rad_ws/install/agbot_full_cpp:/home/albert/rad_ws/install/agbot_full_controller:/home/albert/rad_ws/install/agbot_full_cartogropher:/home/albert/dev_ws/install/my_bot:/home/albert/ag_car_ws/install/car_nav2:/home/albert/ag_car_ws/install/car_description:/home/albert/ag_car_ws/install/car_controller:/home/albert/ag_car_ws/install/car_cartographer:/home/albert/ag_arm_ws/install/arm_py:/home/albert/ws_moveit2/install/moveit_configs_utils:/home/albert/ws_moveit2/install/launch_param_builder:/home/albert/umov_ws/install/arduino_py_examples:/home/albert/udem2_ws/install/actions_py:/home/albert/udem2_ws/install/lifecycle_py:/home/albert/udem2_ws/install/executors_py:/home/albert/udem2_ws/install/components_py:/home/albert/udem_ws/install/turtlesim_catcher:/home/albert/udem_ws/install/my_py_pkg:/home/albert/udem_ws/install/lifecycle_py:/home/albert/bcdc_ws/install/agbot_teleop:/home/albert/bcdc_ws/install/agbot_py:/home/albert/arduinobot_ws/install/arduinobot_py_examples:/opt/ros/humble /home/albert/.local/bin/cmake --build /home/albert/ag_arm_ws/build/arm_setup_moveit -- -j8 -l8
[1.929s] DEBUG:colcon.colcon_core.event_handler.log_command:Invoked command in '/home/albert/ag_arm_ws/build/arm_setup_moveit' returned '0': CMAKE_PREFIX_PATH=/home/albert/ag_arm_ws/install/arm_description:/home/albert/ag_arm_ws/install/arm_setup_moveit:/home/albert/ag_arm_ws/install/arm_remote:/home/albert/ag_arm_ws/install/arm_cpp:/home/albert/ag_arm_ws/install/arm_msgs:/home/albert/ag_arm_ws/install/arm_moveit:/home/albert/ag_arm_ws/install/arm_controller:/home/albert/ag_arm_ws/install/arm_bringup:/home/albert/ws_moveit2/install/pilz_industrial_motion_planner_testutils:/home/albert/ws_moveit2/install/moveit_runtime:/home/albert/ws_moveit2/install/moveit2_tutorials:/home/albert/ws_moveit2/install/moveit:/home/albert/ws_moveit2/install/moveit_planners:/home/albert/ws_moveit2/install/pilz_industrial_motion_planner:/home/albert/ws_moveit2/install/moveit_visual_tools:/home/albert/ws_moveit2/install/moveit_task_constructor_visualization:/home/albert/ws_moveit2/install/moveit_task_constructor_demo:/home/albert/ws_moveit2/install/moveit_task_constructor_capabilities:/home/albert/ws_moveit2/install/moveit_task_constructor_core:/home/albert/ws_moveit2/install/moveit_ros_control_interface:/home/albert/ws_moveit2/install/moveit_plugins:/home/albert/ws_moveit2/install/moveit_simple_controller_manager:/home/albert/ws_moveit2/install/moveit_setup_assistant:/home/albert/ws_moveit2/install/moveit_setup_srdf_plugins:/home/albert/ws_moveit2/install/moveit_setup_core_plugins:/home/albert/ws_moveit2/install/moveit_setup_controllers:/home/albert/ws_moveit2/install/moveit_setup_app_plugins:/home/albert/ws_moveit2/install/moveit_setup_framework:/home/albert/ws_moveit2/install/moveit_servo:/home/albert/ws_moveit2/install/moveit_ros:/home/albert/ws_moveit2/install/moveit_ros_visualization:/home/albert/ws_moveit2/install/moveit_hybrid_planning:/home/albert/ws_moveit2/install/moveit_ros_planning_interface:/home/albert/ws_moveit2/install/moveit_ros_benchmarks:/home/albert/ws_moveit2/install/moveit_ros_warehouse:/home/albert/ws_moveit2/install/moveit_ros_robot_interaction:/home/albert/ws_moveit2/install/moveit_ros_perception:/home/albert/ws_moveit2/install/moveit_resources_prbt_pg70_support:/home/albert/ws_moveit2/install/moveit_resources_prbt_moveit_config:/home/albert/ws_moveit2/install/moveit_ros_move_group:/home/albert/ws_moveit2/install/moveit_planners_ompl:/home/albert/ws_moveit2/install/moveit_ros_planning:/home/albert/ws_moveit2/install/moveit_ros_occupancy_map_monitor:/home/albert/ws_moveit2/install/moveit_resources_prbt_ikfast_manipulator_plugin:/home/albert/ws_moveit2/install/moveit_planners_chomp:/home/albert/ws_moveit2/install/moveit_kinematics:/home/albert/ws_moveit2/install/moveit_chomp_optimizer_adapter:/home/albert/ws_moveit2/install/chomp_motion_planner:/home/albert/ws_moveit2/install/moveit_core:/home/albert/ws_moveit2/install/srdfdom:/home/albert/ws_moveit2/install/rviz_marker_tools:/home/albert/ws_moveit2/install/rosparam_shortcuts:/home/albert/ws_moveit2/install/moveit_task_constructor_msgs:/home/albert/ws_moveit2/install/moveit_resources_prbt_support:/home/albert/ws_moveit2/install/moveit_resources:/home/albert/ws_moveit2/install/moveit_resources_pr2_description:/home/albert/ws_moveit2/install/moveit_resources_panda_moveit_config:/home/albert/ws_moveit2/install/moveit_resources_panda_description:/home/albert/ws_moveit2/install/moveit_resources_fanuc_moveit_config:/home/albert/ws_moveit2/install/moveit_resources_fanuc_description:/home/albert/ws_moveit2/install/moveit_common:/home/albert/umov_ws/install/moveitassistant:/home/albert/umov_ws/install/description:/home/albert/umov_ws/install/arduino_utils:/home/albert/umov_ws/install/arduino_remote:/home/albert/umov_ws/install/arduino_cpp_examples:/home/albert/umov_ws/install/arduino_msgs:/home/albert/umov_ws/install/arduino_moveit:/home/albert/umov_ws/install/arduino_firmware:/home/albert/umov_ws/install/arduino_controller:/home/albert/umov_ws/install/arduino_bringup:/home/albert/unav_ws/install/turtlebot3_fake_node:/home/albert/unav_ws/install/robot_bringup:/home/albert/unav_ws/install/nav2_robot_description:/home/albert/udem2_ws/install/robot_bringup:/home/albert/udem2_ws/install/my_robot_bringup:/home/albert/udem2_ws/install/lifecycle_cpp:/home/albert/udem2_ws/install/final_project_cpp:/home/albert/udem2_ws/install/actions_cpp:/home/albert/udem2_ws/install/robot_interfaces:/home/albert/udem2_ws/install/executors_cpp:/home/albert/udem2_ws/install/components_cpp:/home/albert/udem_ws/install/my_robot_bringup:/home/albert/udem_ws/install/my_cpp_pkg:/home/albert/udem_ws/install/my_robot_interfaces:/home/albert/udem_ws/install/my_robot_description:/home/albert/udem_ws/install/lifecycle_cpp:/home/albert/bcdc_ws/install/aggiebot_cpp:/home/albert/bcdc_ws/install/aggiebot_msgs:/home/albert/bcdc_ws/install/aggiebot_description:/home/albert/bcdc_ws/install/aggiebot_controller:/home/albert/bcdc_ws/install/aggiebot_bringup:/home/albert/bcdc_ws/install/aggiebot_arm_moveit:/home/albert/bcdc_ws/install/aggiebot_arm_description:/home/albert/bcdc_ws/install/aggiebot_arm_controller:/home/albert/bcdc_ws/install/agbot_setup_moveit:/home/albert/bcdc_ws/install/agbot_cpp:/home/albert/bcdc_ws/install/agbot_msgs:/home/albert/bcdc_ws/install/agbot_moveit:/home/albert/bcdc_ws/install/agbot_description:/home/albert/bcdc_ws/install/agbot_controller:/home/albert/bcdc_ws/install/agbot_bringup:/home/albert/bcdc_ws/install/agbot_arm_controller:/home/albert/arduinobot_ws/install/arduinobot_utils:/home/albert/arduinobot_ws/install/arduinobot_remote:/home/albert/arduinobot_ws/install/arduinobot_cpp_examples:/home/albert/arduinobot_ws/install/arduinobot_msgs:/home/albert/arduinobot_ws/install/arduinobot_moveit_setup:/home/albert/arduinobot_ws/install/arduinobot_moveit:/home/albert/arduinobot_ws/install/arduinobot_description:/home/albert/arduinobot_ws/install/arduinobot_controller:/home/albert/rad_ws/install/agbot_full_nav2:/home/albert/rad_ws/install/agbot_full_msgs:/home/albert/rad_ws/install/agbot_full_moveit_setup:/home/albert/rad_ws/install/agbot_full_moveit:/home/albert/rad_ws/install/agbot_full_description:/home/albert/rad_ws/install/agbot_full_cpp:/home/albert/rad_ws/install/agbot_full_controller:/home/albert/rad_ws/install/agbot_full_cartogropher:/home/albert/dev_ws/install/my_bot:/home/albert/ag_car_ws/install/car_nav2:/home/albert/ag_car_ws/install/car_description:/home/albert/ag_car_ws/install/car_controller:/home/albert/ag_car_ws/install/car_cartographer:/home/albert/ag_arm_ws/install/arm_py:/home/albert/ws_moveit2/install/moveit_configs_utils:/home/albert/ws_moveit2/install/launch_param_builder:/home/albert/umov_ws/install/arduino_py_examples:/home/albert/udem2_ws/install/actions_py:/home/albert/udem2_ws/install/lifecycle_py:/home/albert/udem2_ws/install/executors_py:/home/albert/udem2_ws/install/components_py:/home/albert/udem_ws/install/turtlesim_catcher:/home/albert/udem_ws/install/my_py_pkg:/home/albert/udem_ws/install/lifecycle_py:/home/albert/bcdc_ws/install/agbot_teleop:/home/albert/bcdc_ws/install/agbot_py:/home/albert/arduinobot_ws/install/arduinobot_py_examples:/opt/ros/humble /home/albert/.local/bin/cmake --build /home/albert/ag_arm_ws/build/arm_setup_moveit -- -j8 -l8
[1.932s] DEBUG:colcon.colcon_core.event_handler.log_command:Invoking command in '/home/albert/ag_arm_ws/build/arm_setup_moveit': CMAKE_PREFIX_PATH=/home/albert/ag_arm_ws/install/arm_description:/home/albert/ag_arm_ws/install/arm_setup_moveit:/home/albert/ag_arm_ws/install/arm_remote:/home/albert/ag_arm_ws/install/arm_cpp:/home/albert/ag_arm_ws/install/arm_msgs:/home/albert/ag_arm_ws/install/arm_moveit:/home/albert/ag_arm_ws/install/arm_controller:/home/albert/ag_arm_ws/install/arm_bringup:/home/albert/ws_moveit2/install/pilz_industrial_motion_planner_testutils:/home/albert/ws_moveit2/install/moveit_runtime:/home/albert/ws_moveit2/install/moveit2_tutorials:/home/albert/ws_moveit2/install/moveit:/home/albert/ws_moveit2/install/moveit_planners:/home/albert/ws_moveit2/install/pilz_industrial_motion_planner:/home/albert/ws_moveit2/install/moveit_visual_tools:/home/albert/ws_moveit2/install/moveit_task_constructor_visualization:/home/albert/ws_moveit2/install/moveit_task_constructor_demo:/home/albert/ws_moveit2/install/moveit_task_constructor_capabilities:/home/albert/ws_moveit2/install/moveit_task_constructor_core:/home/albert/ws_moveit2/install/moveit_ros_control_interface:/home/albert/ws_moveit2/install/moveit_plugins:/home/albert/ws_moveit2/install/moveit_simple_controller_manager:/home/albert/ws_moveit2/install/moveit_setup_assistant:/home/albert/ws_moveit2/install/moveit_setup_srdf_plugins:/home/albert/ws_moveit2/install/moveit_setup_core_plugins:/home/albert/ws_moveit2/install/moveit_setup_controllers:/home/albert/ws_moveit2/install/moveit_setup_app_plugins:/home/albert/ws_moveit2/install/moveit_setup_framework:/home/albert/ws_moveit2/install/moveit_servo:/home/albert/ws_moveit2/install/moveit_ros:/home/albert/ws_moveit2/install/moveit_ros_visualization:/home/albert/ws_moveit2/install/moveit_hybrid_planning:/home/albert/ws_moveit2/install/moveit_ros_planning_interface:/home/albert/ws_moveit2/install/moveit_ros_benchmarks:/home/albert/ws_moveit2/install/moveit_ros_warehouse:/home/albert/ws_moveit2/install/moveit_ros_robot_interaction:/home/albert/ws_moveit2/install/moveit_ros_perception:/home/albert/ws_moveit2/install/moveit_resources_prbt_pg70_support:/home/albert/ws_moveit2/install/moveit_resources_prbt_moveit_config:/home/albert/ws_moveit2/install/moveit_ros_move_group:/home/albert/ws_moveit2/install/moveit_planners_ompl:/home/albert/ws_moveit2/install/moveit_ros_planning:/home/albert/ws_moveit2/install/moveit_ros_occupancy_map_monitor:/home/albert/ws_moveit2/install/moveit_resources_prbt_ikfast_manipulator_plugin:/home/albert/ws_moveit2/install/moveit_planners_chomp:/home/albert/ws_moveit2/install/moveit_kinematics:/home/albert/ws_moveit2/install/moveit_chomp_optimizer_adapter:/home/albert/ws_moveit2/install/chomp_motion_planner:/home/albert/ws_moveit2/install/moveit_core:/home/albert/ws_moveit2/install/srdfdom:/home/albert/ws_moveit2/install/rviz_marker_tools:/home/albert/ws_moveit2/install/rosparam_shortcuts:/home/albert/ws_moveit2/install/moveit_task_constructor_msgs:/home/albert/ws_moveit2/install/moveit_resources_prbt_support:/home/albert/ws_moveit2/install/moveit_resources:/home/albert/ws_moveit2/install/moveit_resources_pr2_description:/home/albert/ws_moveit2/install/moveit_resources_panda_moveit_config:/home/albert/ws_moveit2/install/moveit_resources_panda_description:/home/albert/ws_moveit2/install/moveit_resources_fanuc_moveit_config:/home/albert/ws_moveit2/install/moveit_resources_fanuc_description:/home/albert/ws_moveit2/install/moveit_common:/home/albert/umov_ws/install/moveitassistant:/home/albert/umov_ws/install/description:/home/albert/umov_ws/install/arduino_utils:/home/albert/umov_ws/install/arduino_remote:/home/albert/umov_ws/install/arduino_cpp_examples:/home/albert/umov_ws/install/arduino_msgs:/home/albert/umov_ws/install/arduino_moveit:/home/albert/umov_ws/install/arduino_firmware:/home/albert/umov_ws/install/arduino_controller:/home/albert/umov_ws/install/arduino_bringup:/home/albert/unav_ws/install/turtlebot3_fake_node:/home/albert/unav_ws/install/robot_bringup:/home/albert/unav_ws/install/nav2_robot_description:/home/albert/udem2_ws/install/robot_bringup:/home/albert/udem2_ws/install/my_robot_bringup:/home/albert/udem2_ws/install/lifecycle_cpp:/home/albert/udem2_ws/install/final_project_cpp:/home/albert/udem2_ws/install/actions_cpp:/home/albert/udem2_ws/install/robot_interfaces:/home/albert/udem2_ws/install/executors_cpp:/home/albert/udem2_ws/install/components_cpp:/home/albert/udem_ws/install/my_robot_bringup:/home/albert/udem_ws/install/my_cpp_pkg:/home/albert/udem_ws/install/my_robot_interfaces:/home/albert/udem_ws/install/my_robot_description:/home/albert/udem_ws/install/lifecycle_cpp:/home/albert/bcdc_ws/install/aggiebot_cpp:/home/albert/bcdc_ws/install/aggiebot_msgs:/home/albert/bcdc_ws/install/aggiebot_description:/home/albert/bcdc_ws/install/aggiebot_controller:/home/albert/bcdc_ws/install/aggiebot_bringup:/home/albert/bcdc_ws/install/aggiebot_arm_moveit:/home/albert/bcdc_ws/install/aggiebot_arm_description:/home/albert/bcdc_ws/install/aggiebot_arm_controller:/home/albert/bcdc_ws/install/agbot_setup_moveit:/home/albert/bcdc_ws/install/agbot_cpp:/home/albert/bcdc_ws/install/agbot_msgs:/home/albert/bcdc_ws/install/agbot_moveit:/home/albert/bcdc_ws/install/agbot_description:/home/albert/bcdc_ws/install/agbot_controller:/home/albert/bcdc_ws/install/agbot_bringup:/home/albert/bcdc_ws/install/agbot_arm_controller:/home/albert/arduinobot_ws/install/arduinobot_utils:/home/albert/arduinobot_ws/install/arduinobot_remote:/home/albert/arduinobot_ws/install/arduinobot_cpp_examples:/home/albert/arduinobot_ws/install/arduinobot_msgs:/home/albert/arduinobot_ws/install/arduinobot_moveit_setup:/home/albert/arduinobot_ws/install/arduinobot_moveit:/home/albert/arduinobot_ws/install/arduinobot_description:/home/albert/arduinobot_ws/install/arduinobot_controller:/home/albert/rad_ws/install/agbot_full_nav2:/home/albert/rad_ws/install/agbot_full_msgs:/home/albert/rad_ws/install/agbot_full_moveit_setup:/home/albert/rad_ws/install/agbot_full_moveit:/home/albert/rad_ws/install/agbot_full_description:/home/albert/rad_ws/install/agbot_full_cpp:/home/albert/rad_ws/install/agbot_full_controller:/home/albert/rad_ws/install/agbot_full_cartogropher:/home/albert/dev_ws/install/my_bot:/home/albert/ag_car_ws/install/car_nav2:/home/albert/ag_car_ws/install/car_description:/home/albert/ag_car_ws/install/car_controller:/home/albert/ag_car_ws/install/car_cartographer:/home/albert/ag_arm_ws/install/arm_py:/home/albert/ws_moveit2/install/moveit_configs_utils:/home/albert/ws_moveit2/install/launch_param_builder:/home/albert/umov_ws/install/arduino_py_examples:/home/albert/udem2_ws/install/actions_py:/home/albert/udem2_ws/install/lifecycle_py:/home/albert/udem2_ws/install/executors_py:/home/albert/udem2_ws/install/components_py:/home/albert/udem_ws/install/turtlesim_catcher:/home/albert/udem_ws/install/my_py_pkg:/home/albert/udem_ws/install/lifecycle_py:/home/albert/bcdc_ws/install/agbot_teleop:/home/albert/bcdc_ws/install/agbot_py:/home/albert/arduinobot_ws/install/arduinobot_py_examples:/opt/ros/humble /home/albert/.local/bin/cmake --install /home/albert/ag_arm_ws/build/arm_setup_moveit
[1.944s] Level 1:colcon.colcon_core.environment:create_environment_scripts_only(arm_setup_moveit)
[1.945s] Level 1:colcon.colcon_core.environment:checking '/home/albert/ag_arm_ws/install/arm_setup_moveit' for CMake module files
[1.950s] Level 1:colcon.colcon_core.environment:checking '/home/albert/ag_arm_ws/install/arm_setup_moveit' for CMake config files
[1.951s] DEBUG:colcon.colcon_core.event_handler.log_command:Invoked command in '/home/albert/ag_arm_ws/build/arm_setup_moveit' returned '0': CMAKE_PREFIX_PATH=/home/albert/ag_arm_ws/install/arm_description:/home/albert/ag_arm_ws/install/arm_setup_moveit:/home/albert/ag_arm_ws/install/arm_remote:/home/albert/ag_arm_ws/install/arm_cpp:/home/albert/ag_arm_ws/install/arm_msgs:/home/albert/ag_arm_ws/install/arm_moveit:/home/albert/ag_arm_ws/install/arm_controller:/home/albert/ag_arm_ws/install/arm_bringup:/home/albert/ws_moveit2/install/pilz_industrial_motion_planner_testutils:/home/albert/ws_moveit2/install/moveit_runtime:/home/albert/ws_moveit2/install/moveit2_tutorials:/home/albert/ws_moveit2/install/moveit:/home/albert/ws_moveit2/install/moveit_planners:/home/albert/ws_moveit2/install/pilz_industrial_motion_planner:/home/albert/ws_moveit2/install/moveit_visual_tools:/home/albert/ws_moveit2/install/moveit_task_constructor_visualization:/home/albert/ws_moveit2/install/moveit_task_constructor_demo:/home/albert/ws_moveit2/install/moveit_task_constructor_capabilities:/home/albert/ws_moveit2/install/moveit_task_constructor_core:/home/albert/ws_moveit2/install/moveit_ros_control_interface:/home/albert/ws_moveit2/install/moveit_plugins:/home/albert/ws_moveit2/install/moveit_simple_controller_manager:/home/albert/ws_moveit2/install/moveit_setup_assistant:/home/albert/ws_moveit2/install/moveit_setup_srdf_plugins:/home/albert/ws_moveit2/install/moveit_setup_core_plugins:/home/albert/ws_moveit2/install/moveit_setup_controllers:/home/albert/ws_moveit2/install/moveit_setup_app_plugins:/home/albert/ws_moveit2/install/moveit_setup_framework:/home/albert/ws_moveit2/install/moveit_servo:/home/albert/ws_moveit2/install/moveit_ros:/home/albert/ws_moveit2/install/moveit_ros_visualization:/home/albert/ws_moveit2/install/moveit_hybrid_planning:/home/albert/ws_moveit2/install/moveit_ros_planning_interface:/home/albert/ws_moveit2/install/moveit_ros_benchmarks:/home/albert/ws_moveit2/install/moveit_ros_warehouse:/home/albert/ws_moveit2/install/moveit_ros_robot_interaction:/home/albert/ws_moveit2/install/moveit_ros_perception:/home/albert/ws_moveit2/install/moveit_resources_prbt_pg70_support:/home/albert/ws_moveit2/install/moveit_resources_prbt_moveit_config:/home/albert/ws_moveit2/install/moveit_ros_move_group:/home/albert/ws_moveit2/install/moveit_planners_ompl:/home/albert/ws_moveit2/install/moveit_ros_planning:/home/albert/ws_moveit2/install/moveit_ros_occupancy_map_monitor:/home/albert/ws_moveit2/install/moveit_resources_prbt_ikfast_manipulator_plugin:/home/albert/ws_moveit2/install/moveit_planners_chomp:/home/albert/ws_moveit2/install/moveit_kinematics:/home/albert/ws_moveit2/install/moveit_chomp_optimizer_adapter:/home/albert/ws_moveit2/install/chomp_motion_planner:/home/albert/ws_moveit2/install/moveit_core:/home/albert/ws_moveit2/install/srdfdom:/home/albert/ws_moveit2/install/rviz_marker_tools:/home/albert/ws_moveit2/install/rosparam_shortcuts:/home/albert/ws_moveit2/install/moveit_task_constructor_msgs:/home/albert/ws_moveit2/install/moveit_resources_prbt_support:/home/albert/ws_moveit2/install/moveit_resources:/home/albert/ws_moveit2/install/moveit_resources_pr2_description:/home/albert/ws_moveit2/install/moveit_resources_panda_moveit_config:/home/albert/ws_moveit2/install/moveit_resources_panda_description:/home/albert/ws_moveit2/install/moveit_resources_fanuc_moveit_config:/home/albert/ws_moveit2/install/moveit_resources_fanuc_description:/home/albert/ws_moveit2/install/moveit_common:/home/albert/umov_ws/install/moveitassistant:/home/albert/umov_ws/install/description:/home/albert/umov_ws/install/arduino_utils:/home/albert/umov_ws/install/arduino_remote:/home/albert/umov_ws/install/arduino_cpp_examples:/home/albert/umov_ws/install/arduino_msgs:/home/albert/umov_ws/install/arduino_moveit:/home/albert/umov_ws/install/arduino_firmware:/home/albert/umov_ws/install/arduino_controller:/home/albert/umov_ws/install/arduino_bringup:/home/albert/unav_ws/install/turtlebot3_fake_node:/home/albert/unav_ws/install/robot_bringup:/home/albert/unav_ws/install/nav2_robot_description:/home/albert/udem2_ws/install/robot_bringup:/home/albert/udem2_ws/install/my_robot_bringup:/home/albert/udem2_ws/install/lifecycle_cpp:/home/albert/udem2_ws/install/final_project_cpp:/home/albert/udem2_ws/install/actions_cpp:/home/albert/udem2_ws/install/robot_interfaces:/home/albert/udem2_ws/install/executors_cpp:/home/albert/udem2_ws/install/components_cpp:/home/albert/udem_ws/install/my_robot_bringup:/home/albert/udem_ws/install/my_cpp_pkg:/home/albert/udem_ws/install/my_robot_interfaces:/home/albert/udem_ws/install/my_robot_description:/home/albert/udem_ws/install/lifecycle_cpp:/home/albert/bcdc_ws/install/aggiebot_cpp:/home/albert/bcdc_ws/install/aggiebot_msgs:/home/albert/bcdc_ws/install/aggiebot_description:/home/albert/bcdc_ws/install/aggiebot_controller:/home/albert/bcdc_ws/install/aggiebot_bringup:/home/albert/bcdc_ws/install/aggiebot_arm_moveit:/home/albert/bcdc_ws/install/aggiebot_arm_description:/home/albert/bcdc_ws/install/aggiebot_arm_controller:/home/albert/bcdc_ws/install/agbot_setup_moveit:/home/albert/bcdc_ws/install/agbot_cpp:/home/albert/bcdc_ws/install/agbot_msgs:/home/albert/bcdc_ws/install/agbot_moveit:/home/albert/bcdc_ws/install/agbot_description:/home/albert/bcdc_ws/install/agbot_controller:/home/albert/bcdc_ws/install/agbot_bringup:/home/albert/bcdc_ws/install/agbot_arm_controller:/home/albert/arduinobot_ws/install/arduinobot_utils:/home/albert/arduinobot_ws/install/arduinobot_remote:/home/albert/arduinobot_ws/install/arduinobot_cpp_examples:/home/albert/arduinobot_ws/install/arduinobot_msgs:/home/albert/arduinobot_ws/install/arduinobot_moveit_setup:/home/albert/arduinobot_ws/install/arduinobot_moveit:/home/albert/arduinobot_ws/install/arduinobot_description:/home/albert/arduinobot_ws/install/arduinobot_controller:/home/albert/rad_ws/install/agbot_full_nav2:/home/albert/rad_ws/install/agbot_full_msgs:/home/albert/rad_ws/install/agbot_full_moveit_setup:/home/albert/rad_ws/install/agbot_full_moveit:/home/albert/rad_ws/install/agbot_full_description:/home/albert/rad_ws/install/agbot_full_cpp:/home/albert/rad_ws/install/agbot_full_controller:/home/albert/rad_ws/install/agbot_full_cartogropher:/home/albert/dev_ws/install/my_bot:/home/albert/ag_car_ws/install/car_nav2:/home/albert/ag_car_ws/install/car_description:/home/albert/ag_car_ws/install/car_controller:/home/albert/ag_car_ws/install/car_cartographer:/home/albert/ag_arm_ws/install/arm_py:/home/albert/ws_moveit2/install/moveit_configs_utils:/home/albert/ws_moveit2/install/launch_param_builder:/home/albert/umov_ws/install/arduino_py_examples:/home/albert/udem2_ws/install/actions_py:/home/albert/udem2_ws/install/lifecycle_py:/home/albert/udem2_ws/install/executors_py:/home/albert/udem2_ws/install/components_py:/home/albert/udem_ws/install/turtlesim_catcher:/home/albert/udem_ws/install/my_py_pkg:/home/albert/udem_ws/install/lifecycle_py:/home/albert/bcdc_ws/install/agbot_teleop:/home/albert/bcdc_ws/install/agbot_py:/home/albert/arduinobot_ws/install/arduinobot_py_examples:/opt/ros/humble /home/albert/.local/bin/cmake --install /home/albert/ag_arm_ws/build/arm_setup_moveit
[1.952s] Level 1:colcon.colcon_core.shell:create_environment_hook('arm_setup_moveit', 'cmake_prefix_path')
[1.952s] INFO:colcon.colcon_core.shell:Creating environment hook '/home/albert/ag_arm_ws/install/arm_setup_moveit/share/arm_setup_moveit/hook/cmake_prefix_path.ps1'
[1.953s] INFO:colcon.colcon_core.shell:Creating environment descriptor '/home/albert/ag_arm_ws/install/arm_setup_moveit/share/arm_setup_moveit/hook/cmake_prefix_path.dsv'
[1.954s] INFO:colcon.colcon_core.shell:Creating environment hook '/home/albert/ag_arm_ws/install/arm_setup_moveit/share/arm_setup_moveit/hook/cmake_prefix_path.sh'
[1.955s] Level 1:colcon.colcon_core.environment:checking '/home/albert/ag_arm_ws/install/arm_setup_moveit/bin'
[1.955s] Level 1:colcon.colcon_core.environment:checking '/home/albert/ag_arm_ws/install/arm_setup_moveit/lib/pkgconfig/arm_setup_moveit.pc'
[1.956s] Level 1:colcon.colcon_core.environment:checking '/home/albert/ag_arm_ws/install/arm_setup_moveit/lib/python3.10/site-packages'
[1.956s] Level 1:colcon.colcon_core.environment:checking '/home/albert/ag_arm_ws/install/arm_setup_moveit/bin'
[1.957s] INFO:colcon.colcon_core.shell:Creating package script '/home/albert/ag_arm_ws/install/arm_setup_moveit/share/arm_setup_moveit/package.ps1'
[1.959s] INFO:colcon.colcon_core.shell:Creating package descriptor '/home/albert/ag_arm_ws/install/arm_setup_moveit/share/arm_setup_moveit/package.dsv'
[1.960s] INFO:colcon.colcon_core.shell:Creating package script '/home/albert/ag_arm_ws/install/arm_setup_moveit/share/arm_setup_moveit/package.sh'
[1.961s] INFO:colcon.colcon_core.shell:Creating package script '/home/albert/ag_arm_ws/install/arm_setup_moveit/share/arm_setup_moveit/package.bash'
[1.961s] INFO:colcon.colcon_core.shell:Creating package script '/home/albert/ag_arm_ws/install/arm_setup_moveit/share/arm_setup_moveit/package.zsh'
[1.962s] Level 1:colcon.colcon_core.environment:create_file_with_runtime_dependencies(/home/albert/ag_arm_ws/install/arm_setup_moveit/share/colcon-core/packages/arm_setup_moveit)
[1.963s] Level 1:colcon.colcon_core.environment:create_environment_scripts_only(arm_setup_moveit)
[1.964s] Level 1:colcon.colcon_core.environment:checking '/home/albert/ag_arm_ws/install/arm_setup_moveit' for CMake module files
[1.965s] Level 1:colcon.colcon_core.environment:checking '/home/albert/ag_arm_ws/install/arm_setup_moveit' for CMake config files
[1.965s] Level 1:colcon.colcon_core.shell:create_environment_hook('arm_setup_moveit', 'cmake_prefix_path')
[1.966s] INFO:colcon.colcon_core.shell:Creating environment hook '/home/albert/ag_arm_ws/install/arm_setup_moveit/share/arm_setup_moveit/hook/cmake_prefix_path.ps1'
[1.967s] INFO:colcon.colcon_core.shell:Creating environment descriptor '/home/albert/ag_arm_ws/install/arm_setup_moveit/share/arm_setup_moveit/hook/cmake_prefix_path.dsv'
[1.967s] INFO:colcon.colcon_core.shell:Creating environment hook '/home/albert/ag_arm_ws/install/arm_setup_moveit/share/arm_setup_moveit/hook/cmake_prefix_path.sh'
[1.968s] Level 1:colcon.colcon_core.environment:checking '/home/albert/ag_arm_ws/install/arm_setup_moveit/bin'
[1.969s] Level 1:colcon.colcon_core.environment:checking '/home/albert/ag_arm_ws/install/arm_setup_moveit/lib/pkgconfig/arm_setup_moveit.pc'
[1.969s] Level 1:colcon.colcon_core.environment:checking '/home/albert/ag_arm_ws/install/arm_setup_moveit/lib/python3.10/site-packages'
[1.970s] Level 1:colcon.colcon_core.environment:checking '/home/albert/ag_arm_ws/install/arm_setup_moveit/bin'
[1.970s] INFO:colcon.colcon_core.shell:Creating package script '/home/albert/ag_arm_ws/install/arm_setup_moveit/share/arm_setup_moveit/package.ps1'
[1.972s] INFO:colcon.colcon_core.shell:Creating package descriptor '/home/albert/ag_arm_ws/install/arm_setup_moveit/share/arm_setup_moveit/package.dsv'
[1.973s] INFO:colcon.colcon_core.shell:Creating package script '/home/albert/ag_arm_ws/install/arm_setup_moveit/share/arm_setup_moveit/package.sh'
[1.974s] INFO:colcon.colcon_core.shell:Creating package script '/home/albert/ag_arm_ws/install/arm_setup_moveit/share/arm_setup_moveit/package.bash'
[1.975s] INFO:colcon.colcon_core.shell:Creating package script '/home/albert/ag_arm_ws/install/arm_setup_moveit/share/arm_setup_moveit/package.zsh'
[1.976s] Level 1:colcon.colcon_core.environment:create_file_with_runtime_dependencies(/home/albert/ag_arm_ws/install/arm_setup_moveit/share/colcon-core/packages/arm_setup_moveit)
[2.249s] DEBUG:colcon.colcon_core.event_handler.log_command:Invoked command in '/home/albert/ag_arm_ws/build/arm_msgs' returned '0': CMAKE_PREFIX_PATH=${CMAKE_PREFIX_PATH}:/home/albert/ag_arm_ws/install/arm_py:/home/albert/ws_moveit2/install/moveit_configs_utils:/home/albert/ws_moveit2/install/launch_param_builder:/home/albert/umov_ws/install/arduino_py_examples:/home/albert/udem2_ws/install/actions_py:/home/albert/udem2_ws/install/lifecycle_py:/home/albert/udem2_ws/install/executors_py:/home/albert/udem2_ws/install/components_py:/home/albert/udem_ws/install/turtlesim_catcher:/home/albert/udem_ws/install/my_py_pkg:/home/albert/udem_ws/install/lifecycle_py:/home/albert/bcdc_ws/install/agbot_teleop:/home/albert/bcdc_ws/install/agbot_py:/home/albert/arduinobot_ws/install/arduinobot_py_examples:/opt/ros/humble /home/albert/.local/bin/cmake --build /home/albert/ag_arm_ws/build/arm_msgs -- -j8 -l8
[2.252s] DEBUG:colcon.colcon_core.event_handler.log_command:Invoking command in '/home/albert/ag_arm_ws/build/arm_msgs': CMAKE_PREFIX_PATH=${CMAKE_PREFIX_PATH}:/home/albert/ag_arm_ws/install/arm_py:/home/albert/ws_moveit2/install/moveit_configs_utils:/home/albert/ws_moveit2/install/launch_param_builder:/home/albert/umov_ws/install/arduino_py_examples:/home/albert/udem2_ws/install/actions_py:/home/albert/udem2_ws/install/lifecycle_py:/home/albert/udem2_ws/install/executors_py:/home/albert/udem2_ws/install/components_py:/home/albert/udem_ws/install/turtlesim_catcher:/home/albert/udem_ws/install/my_py_pkg:/home/albert/udem_ws/install/lifecycle_py:/home/albert/bcdc_ws/install/agbot_teleop:/home/albert/bcdc_ws/install/agbot_py:/home/albert/arduinobot_ws/install/arduinobot_py_examples:/opt/ros/humble /home/albert/.local/bin/cmake --install /home/albert/ag_arm_ws/build/arm_msgs
[2.418s] Level 1:colcon.colcon_core.environment:create_environment_scripts_only(arm_msgs)
[2.418s] Level 1:colcon.colcon_core.environment:checking '/home/albert/ag_arm_ws/install/arm_msgs' for CMake module files
[2.420s] DEBUG:colcon.colcon_core.event_handler.log_command:Invoked command in '/home/albert/ag_arm_ws/build/arm_msgs' returned '0': CMAKE_PREFIX_PATH=${CMAKE_PREFIX_PATH}:/home/albert/ag_arm_ws/install/arm_py:/home/albert/ws_moveit2/install/moveit_configs_utils:/home/albert/ws_moveit2/install/launch_param_builder:/home/albert/umov_ws/install/arduino_py_examples:/home/albert/udem2_ws/install/actions_py:/home/albert/udem2_ws/install/lifecycle_py:/home/albert/udem2_ws/install/executors_py:/home/albert/udem2_ws/install/components_py:/home/albert/udem_ws/install/turtlesim_catcher:/home/albert/udem_ws/install/my_py_pkg:/home/albert/udem_ws/install/lifecycle_py:/home/albert/bcdc_ws/install/agbot_teleop:/home/albert/bcdc_ws/install/agbot_py:/home/albert/arduinobot_ws/install/arduinobot_py_examples:/opt/ros/humble /home/albert/.local/bin/cmake --install /home/albert/ag_arm_ws/build/arm_msgs
[2.421s] Level 1:colcon.colcon_core.environment:checking '/home/albert/ag_arm_ws/install/arm_msgs' for CMake config files
[2.423s] Level 1:colcon.colcon_core.shell:create_environment_hook('arm_msgs', 'cmake_prefix_path')
[2.424s] INFO:colcon.colcon_core.shell:Creating environment hook '/home/albert/ag_arm_ws/install/arm_msgs/share/arm_msgs/hook/cmake_prefix_path.ps1'
[2.425s] INFO:colcon.colcon_core.shell:Creating environment descriptor '/home/albert/ag_arm_ws/install/arm_msgs/share/arm_msgs/hook/cmake_prefix_path.dsv'
[2.426s] INFO:colcon.colcon_core.shell:Creating environment hook '/home/albert/ag_arm_ws/install/arm_msgs/share/arm_msgs/hook/cmake_prefix_path.sh'
[2.427s] Level 1:colcon.colcon_core.environment:checking '/home/albert/ag_arm_ws/install/arm_msgs/lib'
[2.428s] Level 1:colcon.colcon_core.shell:create_environment_hook('arm_msgs', 'ld_library_path_lib')
[2.428s] INFO:colcon.colcon_core.shell:Creating environment hook '/home/albert/ag_arm_ws/install/arm_msgs/share/arm_msgs/hook/ld_library_path_lib.ps1'
[2.429s] INFO:colcon.colcon_core.shell:Creating environment descriptor '/home/albert/ag_arm_ws/install/arm_msgs/share/arm_msgs/hook/ld_library_path_lib.dsv'
[2.430s] INFO:colcon.colcon_core.shell:Creating environment hook '/home/albert/ag_arm_ws/install/arm_msgs/share/arm_msgs/hook/ld_library_path_lib.sh'
[2.431s] Level 1:colcon.colcon_core.environment:checking '/home/albert/ag_arm_ws/install/arm_msgs/bin'
[2.431s] Level 1:colcon.colcon_core.environment:checking '/home/albert/ag_arm_ws/install/arm_msgs/lib/pkgconfig/arm_msgs.pc'
[2.431s] Level 1:colcon.colcon_core.environment:checking '/home/albert/ag_arm_ws/install/arm_msgs/lib/python3.10/site-packages'
[2.432s] Level 1:colcon.colcon_core.environment:checking '/home/albert/ag_arm_ws/install/arm_msgs/bin'
[2.433s] INFO:colcon.colcon_core.shell:Creating package script '/home/albert/ag_arm_ws/install/arm_msgs/share/arm_msgs/package.ps1'
[2.434s] INFO:colcon.colcon_core.shell:Creating package descriptor '/home/albert/ag_arm_ws/install/arm_msgs/share/arm_msgs/package.dsv'
[2.435s] INFO:colcon.colcon_core.shell:Creating package script '/home/albert/ag_arm_ws/install/arm_msgs/share/arm_msgs/package.sh'
[2.436s] INFO:colcon.colcon_core.shell:Creating package script '/home/albert/ag_arm_ws/install/arm_msgs/share/arm_msgs/package.bash'
[2.437s] INFO:colcon.colcon_core.shell:Creating package script '/home/albert/ag_arm_ws/install/arm_msgs/share/arm_msgs/package.zsh'
[2.438s] Level 1:colcon.colcon_core.environment:create_file_with_runtime_dependencies(/home/albert/ag_arm_ws/install/arm_msgs/share/colcon-core/packages/arm_msgs)
[2.439s] Level 1:colcon.colcon_core.environment:create_environment_scripts_only(arm_msgs)
[2.440s] Level 1:colcon.colcon_core.environment:checking '/home/albert/ag_arm_ws/install/arm_msgs' for CMake module files
[2.441s] Level 1:colcon.colcon_core.environment:checking '/home/albert/ag_arm_ws/install/arm_msgs' for CMake config files
[2.443s] Level 1:colcon.colcon_core.shell:create_environment_hook('arm_msgs', 'cmake_prefix_path')
[2.444s] INFO:colcon.colcon_core.shell:Creating environment hook '/home/albert/ag_arm_ws/install/arm_msgs/share/arm_msgs/hook/cmake_prefix_path.ps1'
[2.445s] INFO:colcon.colcon_core.shell:Creating environment descriptor '/home/albert/ag_arm_ws/install/arm_msgs/share/arm_msgs/hook/cmake_prefix_path.dsv'
[2.445s] INFO:colcon.colcon_core.shell:Creating environment hook '/home/albert/ag_arm_ws/install/arm_msgs/share/arm_msgs/hook/cmake_prefix_path.sh'
[2.447s] Level 1:colcon.colcon_core.environment:checking '/home/albert/ag_arm_ws/install/arm_msgs/lib'
[2.447s] Level 1:colcon.colcon_core.shell:create_environment_hook('arm_msgs', 'ld_library_path_lib')
[2.448s] INFO:colcon.colcon_core.shell:Creating environment hook '/home/albert/ag_arm_ws/install/arm_msgs/share/arm_msgs/hook/ld_library_path_lib.ps1'
[2.448s] INFO:colcon.colcon_core.shell:Creating environment descriptor '/home/albert/ag_arm_ws/install/arm_msgs/share/arm_msgs/hook/ld_library_path_lib.dsv'
[2.449s] INFO:colcon.colcon_core.shell:Creating environment hook '/home/albert/ag_arm_ws/install/arm_msgs/share/arm_msgs/hook/ld_library_path_lib.sh'
[2.450s] Level 1:colcon.colcon_core.environment:checking '/home/albert/ag_arm_ws/install/arm_msgs/bin'
[2.450s] Level 1:colcon.colcon_core.environment:checking '/home/albert/ag_arm_ws/install/arm_msgs/lib/pkgconfig/arm_msgs.pc'
[2.451s] Level 1:colcon.colcon_core.environment:checking '/home/albert/ag_arm_ws/install/arm_msgs/lib/python3.10/site-packages'
[2.451s] Level 1:colcon.colcon_core.environment:checking '/home/albert/ag_arm_ws/install/arm_msgs/bin'
[2.452s] INFO:colcon.colcon_core.shell:Creating package script '/home/albert/ag_arm_ws/install/arm_msgs/share/arm_msgs/package.ps1'
[2.453s] INFO:colcon.colcon_core.shell:Creating package descriptor '/home/albert/ag_arm_ws/install/arm_msgs/share/arm_msgs/package.dsv'
[2.455s] INFO:colcon.colcon_core.shell:Creating package script '/home/albert/ag_arm_ws/install/arm_msgs/share/arm_msgs/package.sh'
[2.456s] INFO:colcon.colcon_core.shell:Creating package script '/home/albert/ag_arm_ws/install/arm_msgs/share/arm_msgs/package.bash'
[2.457s] INFO:colcon.colcon_core.shell:Creating package script '/home/albert/ag_arm_ws/install/arm_msgs/share/arm_msgs/package.zsh'
[2.458s] Level 1:colcon.colcon_core.environment:create_file_with_runtime_dependencies(/home/albert/ag_arm_ws/install/arm_msgs/share/colcon-core/packages/arm_msgs)
[2.459s] INFO:colcon.colcon_ros.task.ament_cmake.build:Building ROS package in '/home/albert/ag_arm_ws/src/arm_cpp' with build type 'ament_cmake'
[2.459s] INFO:colcon.colcon_cmake.task.cmake.build:Building CMake package in '/home/albert/ag_arm_ws/src/arm_cpp'
[2.460s] INFO:colcon.colcon_core.shell:Skip shell extension 'powershell' for command environment: Not usable outside of PowerShell
[2.460s] DEBUG:colcon.colcon_core.shell:Skip shell extension 'dsv' for command environment
[2.503s] INFO:colcon.colcon_ros.task.ament_cmake.build:Building ROS package in '/home/albert/ag_arm_ws/src/arm_remote' with build type 'ament_cmake'
[2.504s] INFO:colcon.colcon_cmake.task.cmake.build:Building CMake package in '/home/albert/ag_arm_ws/src/arm_remote'
[2.504s] INFO:colcon.colcon_core.shell:Skip shell extension 'powershell' for command environment: Not usable outside of PowerShell
[2.504s] DEBUG:colcon.colcon_core.shell:Skip shell extension 'dsv' for command environment
[2.566s] DEBUG:colcon.colcon_core.event_handler.log_command:Invoking command in '/home/albert/ag_arm_ws/build/arm_cpp': CMAKE_PREFIX_PATH=/home/albert/ag_arm_ws/install/arm_msgs:/home/albert/ag_arm_ws/install/arm_setup_moveit:/home/albert/ag_arm_ws/install/arm_remote:/home/albert/ag_arm_ws/install/arm_cpp:/home/albert/ag_arm_ws/install/arm_moveit:/home/albert/ag_arm_ws/install/arm_description:/home/albert/ag_arm_ws/install/arm_controller:/home/albert/ag_arm_ws/install/arm_bringup:/home/albert/ws_moveit2/install/pilz_industrial_motion_planner_testutils:/home/albert/ws_moveit2/install/moveit_runtime:/home/albert/ws_moveit2/install/moveit2_tutorials:/home/albert/ws_moveit2/install/moveit:/home/albert/ws_moveit2/install/moveit_planners:/home/albert/ws_moveit2/install/pilz_industrial_motion_planner:/home/albert/ws_moveit2/install/moveit_visual_tools:/home/albert/ws_moveit2/install/moveit_task_constructor_visualization:/home/albert/ws_moveit2/install/moveit_task_constructor_demo:/home/albert/ws_moveit2/install/moveit_task_constructor_capabilities:/home/albert/ws_moveit2/install/moveit_task_constructor_core:/home/albert/ws_moveit2/install/moveit_ros_control_interface:/home/albert/ws_moveit2/install/moveit_plugins:/home/albert/ws_moveit2/install/moveit_simple_controller_manager:/home/albert/ws_moveit2/install/moveit_setup_assistant:/home/albert/ws_moveit2/install/moveit_setup_srdf_plugins:/home/albert/ws_moveit2/install/moveit_setup_core_plugins:/home/albert/ws_moveit2/install/moveit_setup_controllers:/home/albert/ws_moveit2/install/moveit_setup_app_plugins:/home/albert/ws_moveit2/install/moveit_setup_framework:/home/albert/ws_moveit2/install/moveit_servo:/home/albert/ws_moveit2/install/moveit_ros:/home/albert/ws_moveit2/install/moveit_ros_visualization:/home/albert/ws_moveit2/install/moveit_hybrid_planning:/home/albert/ws_moveit2/install/moveit_ros_planning_interface:/home/albert/ws_moveit2/install/moveit_ros_benchmarks:/home/albert/ws_moveit2/install/moveit_ros_warehouse:/home/albert/ws_moveit2/install/moveit_ros_robot_interaction:/home/albert/ws_moveit2/install/moveit_ros_perception:/home/albert/ws_moveit2/install/moveit_resources_prbt_pg70_support:/home/albert/ws_moveit2/install/moveit_resources_prbt_moveit_config:/home/albert/ws_moveit2/install/moveit_ros_move_group:/home/albert/ws_moveit2/install/moveit_planners_ompl:/home/albert/ws_moveit2/install/moveit_ros_planning:/home/albert/ws_moveit2/install/moveit_ros_occupancy_map_monitor:/home/albert/ws_moveit2/install/moveit_resources_prbt_ikfast_manipulator_plugin:/home/albert/ws_moveit2/install/moveit_planners_chomp:/home/albert/ws_moveit2/install/moveit_kinematics:/home/albert/ws_moveit2/install/moveit_chomp_optimizer_adapter:/home/albert/ws_moveit2/install/chomp_motion_planner:/home/albert/ws_moveit2/install/moveit_core:/home/albert/ws_moveit2/install/srdfdom:/home/albert/ws_moveit2/install/rviz_marker_tools:/home/albert/ws_moveit2/install/rosparam_shortcuts:/home/albert/ws_moveit2/install/moveit_task_constructor_msgs:/home/albert/ws_moveit2/install/moveit_resources_prbt_support:/home/albert/ws_moveit2/install/moveit_resources:/home/albert/ws_moveit2/install/moveit_resources_pr2_description:/home/albert/ws_moveit2/install/moveit_resources_panda_moveit_config:/home/albert/ws_moveit2/install/moveit_resources_panda_description:/home/albert/ws_moveit2/install/moveit_resources_fanuc_moveit_config:/home/albert/ws_moveit2/install/moveit_resources_fanuc_description:/home/albert/ws_moveit2/install/moveit_common:/home/albert/umov_ws/install/moveitassistant:/home/albert/umov_ws/install/description:/home/albert/umov_ws/install/arduino_utils:/home/albert/umov_ws/install/arduino_remote:/home/albert/umov_ws/install/arduino_cpp_examples:/home/albert/umov_ws/install/arduino_msgs:/home/albert/umov_ws/install/arduino_moveit:/home/albert/umov_ws/install/arduino_firmware:/home/albert/umov_ws/install/arduino_controller:/home/albert/umov_ws/install/arduino_bringup:/home/albert/unav_ws/install/turtlebot3_fake_node:/home/albert/unav_ws/install/robot_bringup:/home/albert/unav_ws/install/nav2_robot_description:/home/albert/udem2_ws/install/robot_bringup:/home/albert/udem2_ws/install/my_robot_bringup:/home/albert/udem2_ws/install/lifecycle_cpp:/home/albert/udem2_ws/install/final_project_cpp:/home/albert/udem2_ws/install/actions_cpp:/home/albert/udem2_ws/install/robot_interfaces:/home/albert/udem2_ws/install/executors_cpp:/home/albert/udem2_ws/install/components_cpp:/home/albert/udem_ws/install/my_robot_bringup:/home/albert/udem_ws/install/my_cpp_pkg:/home/albert/udem_ws/install/my_robot_interfaces:/home/albert/udem_ws/install/my_robot_description:/home/albert/udem_ws/install/lifecycle_cpp:/home/albert/bcdc_ws/install/aggiebot_cpp:/home/albert/bcdc_ws/install/aggiebot_msgs:/home/albert/bcdc_ws/install/aggiebot_description:/home/albert/bcdc_ws/install/aggiebot_controller:/home/albert/bcdc_ws/install/aggiebot_bringup:/home/albert/bcdc_ws/install/aggiebot_arm_moveit:/home/albert/bcdc_ws/install/aggiebot_arm_description:/home/albert/bcdc_ws/install/aggiebot_arm_controller:/home/albert/bcdc_ws/install/agbot_setup_moveit:/home/albert/bcdc_ws/install/agbot_cpp:/home/albert/bcdc_ws/install/agbot_msgs:/home/albert/bcdc_ws/install/agbot_moveit:/home/albert/bcdc_ws/install/agbot_description:/home/albert/bcdc_ws/install/agbot_controller:/home/albert/bcdc_ws/install/agbot_bringup:/home/albert/bcdc_ws/install/agbot_arm_controller:/home/albert/arduinobot_ws/install/arduinobot_utils:/home/albert/arduinobot_ws/install/arduinobot_remote:/home/albert/arduinobot_ws/install/arduinobot_cpp_examples:/home/albert/arduinobot_ws/install/arduinobot_msgs:/home/albert/arduinobot_ws/install/arduinobot_moveit_setup:/home/albert/arduinobot_ws/install/arduinobot_moveit:/home/albert/arduinobot_ws/install/arduinobot_description:/home/albert/arduinobot_ws/install/arduinobot_controller:/home/albert/rad_ws/install/agbot_full_nav2:/home/albert/rad_ws/install/agbot_full_msgs:/home/albert/rad_ws/install/agbot_full_moveit_setup:/home/albert/rad_ws/install/agbot_full_moveit:/home/albert/rad_ws/install/agbot_full_description:/home/albert/rad_ws/install/agbot_full_cpp:/home/albert/rad_ws/install/agbot_full_controller:/home/albert/rad_ws/install/agbot_full_cartogropher:/home/albert/dev_ws/install/my_bot:/home/albert/ag_car_ws/install/car_nav2:/home/albert/ag_car_ws/install/car_description:/home/albert/ag_car_ws/install/car_controller:/home/albert/ag_car_ws/install/car_cartographer:/home/albert/ag_arm_ws/install/arm_py:/home/albert/ws_moveit2/install/moveit_configs_utils:/home/albert/ws_moveit2/install/launch_param_builder:/home/albert/umov_ws/install/arduino_py_examples:/home/albert/udem2_ws/install/actions_py:/home/albert/udem2_ws/install/lifecycle_py:/home/albert/udem2_ws/install/executors_py:/home/albert/udem2_ws/install/components_py:/home/albert/udem_ws/install/turtlesim_catcher:/home/albert/udem_ws/install/my_py_pkg:/home/albert/udem_ws/install/lifecycle_py:/home/albert/bcdc_ws/install/agbot_teleop:/home/albert/bcdc_ws/install/agbot_py:/home/albert/arduinobot_ws/install/arduinobot_py_examples:/opt/ros/humble LD_LIBRARY_PATH=/home/albert/ag_arm_ws/install/arm_msgs/lib:/home/albert/ag_arm_ws/install/arm_remote/lib:/home/albert/ws_moveit2/install/pilz_industrial_motion_planner_testutils/lib:/home/albert/ws_moveit2/install/pilz_industrial_motion_planner/lib:/home/albert/ws_moveit2/install/moveit_visual_tools/lib:/home/albert/ws_moveit2/install/moveit_task_constructor_visualization/lib:/home/albert/ws_moveit2/install/moveit_task_constructor_demo/lib:/home/albert/ws_moveit2/install/moveit_task_constructor_capabilities/lib:/home/albert/ws_moveit2/install/moveit_task_constructor_core/lib:/home/albert/ws_moveit2/install/moveit_ros_control_interface/lib:/home/albert/ws_moveit2/install/moveit_simple_controller_manager/lib:/home/albert/ws_moveit2/install/moveit_setup_assistant/lib:/home/albert/ws_moveit2/install/moveit_setup_srdf_plugins/lib:/home/albert/ws_moveit2/install/moveit_setup_core_plugins/lib:/home/albert/ws_moveit2/install/moveit_setup_controllers/lib:/home/albert/ws_moveit2/install/moveit_setup_app_plugins/lib:/home/albert/ws_moveit2/install/moveit_setup_framework/lib:/home/albert/ws_moveit2/install/moveit_servo/lib:/home/albert/ws_moveit2/install/moveit_ros_visualization/lib:/home/albert/ws_moveit2/install/moveit_hybrid_planning/lib:/home/albert/ws_moveit2/install/moveit_ros_planning_interface/lib:/home/albert/ws_moveit2/install/moveit_ros_benchmarks/lib:/home/albert/ws_moveit2/install/moveit_ros_warehouse/lib:/home/albert/ws_moveit2/install/moveit_ros_robot_interaction/lib:/home/albert/ws_moveit2/install/moveit_ros_perception/lib:/home/albert/ws_moveit2/install/moveit_ros_move_group/lib:/home/albert/ws_moveit2/install/moveit_planners_ompl/lib:/home/albert/ws_moveit2/install/moveit_ros_planning/lib:/home/albert/ws_moveit2/install/moveit_ros_occupancy_map_monitor/lib:/home/albert/ws_moveit2/install/moveit_resources_prbt_ikfast_manipulator_plugin/lib:/home/albert/ws_moveit2/install/moveit_planners_chomp/lib:/home/albert/ws_moveit2/install/moveit_kinematics/lib:/home/albert/ws_moveit2/install/moveit_chomp_optimizer_adapter/lib:/home/albert/ws_moveit2/install/chomp_motion_planner/lib:/home/albert/ws_moveit2/install/moveit_core/lib:/home/albert/ws_moveit2/install/srdfdom/lib:/home/albert/ws_moveit2/install/rviz_marker_tools/lib:/home/albert/ws_moveit2/install/rosparam_shortcuts/lib:/home/albert/ws_moveit2/install/moveit_task_constructor_msgs/lib:/home/albert/umov_ws/install/arduino_remote/lib:/home/albert/umov_ws/install/arduino_cpp_examples/lib:/home/albert/umov_ws/install/arduino_msgs/lib:/home/albert/umov_ws/install/arduino_controller/lib:/home/albert/udem2_ws/install/final_project_cpp/lib:/home/albert/udem2_ws/install/robot_interfaces/lib:/home/albert/udem2_ws/install/components_cpp/lib:/home/albert/udem_ws/install/my_robot_interfaces/lib:/home/albert/bcdc_ws/install/aggiebot_msgs/lib:/home/albert/bcdc_ws/install/agbot_msgs/lib:/home/albert/arduinobot_ws/install/arduinobot_remote/lib:/home/albert/arduinobot_ws/install/arduinobot_cpp_examples/lib:/home/albert/arduinobot_ws/install/arduinobot_msgs/lib:/usr/lib/x86_64-linux-gnu/gazebo-11/plugins:/opt/ros/humble/opt/rviz_ogre_vendor/lib:/opt/ros/humble/lib/x86_64-linux-gnu:/opt/ros/humble/lib:/usr/share/gazebo/../../lib/x86_64-linux-gnu/gazebo-11/plugins /home/albert/.local/bin/cmake --build /home/albert/ag_arm_ws/build/arm_cpp -- -j8 -l8
[2.595s] DEBUG:colcon.colcon_core.event_handler.log_command:Invoking command in '/home/albert/ag_arm_ws/build/arm_remote': CMAKE_PREFIX_PATH=/home/albert/ag_arm_ws/install/arm_msgs:/home/albert/ag_arm_ws/install/arm_moveit:/home/albert/ag_arm_ws/install/arm_setup_moveit:/home/albert/ag_arm_ws/install/arm_remote:/home/albert/ag_arm_ws/install/arm_cpp:/home/albert/ag_arm_ws/install/arm_description:/home/albert/ag_arm_ws/install/arm_controller:/home/albert/ag_arm_ws/install/arm_bringup:/home/albert/ws_moveit2/install/pilz_industrial_motion_planner_testutils:/home/albert/ws_moveit2/install/moveit_runtime:/home/albert/ws_moveit2/install/moveit2_tutorials:/home/albert/ws_moveit2/install/moveit:/home/albert/ws_moveit2/install/moveit_planners:/home/albert/ws_moveit2/install/pilz_industrial_motion_planner:/home/albert/ws_moveit2/install/moveit_visual_tools:/home/albert/ws_moveit2/install/moveit_task_constructor_visualization:/home/albert/ws_moveit2/install/moveit_task_constructor_demo:/home/albert/ws_moveit2/install/moveit_task_constructor_capabilities:/home/albert/ws_moveit2/install/moveit_task_constructor_core:/home/albert/ws_moveit2/install/moveit_ros_control_interface:/home/albert/ws_moveit2/install/moveit_plugins:/home/albert/ws_moveit2/install/moveit_simple_controller_manager:/home/albert/ws_moveit2/install/moveit_setup_assistant:/home/albert/ws_moveit2/install/moveit_setup_srdf_plugins:/home/albert/ws_moveit2/install/moveit_setup_core_plugins:/home/albert/ws_moveit2/install/moveit_setup_controllers:/home/albert/ws_moveit2/install/moveit_setup_app_plugins:/home/albert/ws_moveit2/install/moveit_setup_framework:/home/albert/ws_moveit2/install/moveit_servo:/home/albert/ws_moveit2/install/moveit_ros:/home/albert/ws_moveit2/install/moveit_ros_visualization:/home/albert/ws_moveit2/install/moveit_hybrid_planning:/home/albert/ws_moveit2/install/moveit_ros_planning_interface:/home/albert/ws_moveit2/install/moveit_ros_benchmarks:/home/albert/ws_moveit2/install/moveit_ros_warehouse:/home/albert/ws_moveit2/install/moveit_ros_robot_interaction:/home/albert/ws_moveit2/install/moveit_ros_perception:/home/albert/ws_moveit2/install/moveit_resources_prbt_pg70_support:/home/albert/ws_moveit2/install/moveit_resources_prbt_moveit_config:/home/albert/ws_moveit2/install/moveit_ros_move_group:/home/albert/ws_moveit2/install/moveit_planners_ompl:/home/albert/ws_moveit2/install/moveit_ros_planning:/home/albert/ws_moveit2/install/moveit_ros_occupancy_map_monitor:/home/albert/ws_moveit2/install/moveit_resources_prbt_ikfast_manipulator_plugin:/home/albert/ws_moveit2/install/moveit_planners_chomp:/home/albert/ws_moveit2/install/moveit_kinematics:/home/albert/ws_moveit2/install/moveit_chomp_optimizer_adapter:/home/albert/ws_moveit2/install/chomp_motion_planner:/home/albert/ws_moveit2/install/moveit_core:/home/albert/ws_moveit2/install/srdfdom:/home/albert/ws_moveit2/install/rviz_marker_tools:/home/albert/ws_moveit2/install/rosparam_shortcuts:/home/albert/ws_moveit2/install/moveit_task_constructor_msgs:/home/albert/ws_moveit2/install/moveit_resources_prbt_support:/home/albert/ws_moveit2/install/moveit_resources:/home/albert/ws_moveit2/install/moveit_resources_pr2_description:/home/albert/ws_moveit2/install/moveit_resources_panda_moveit_config:/home/albert/ws_moveit2/install/moveit_resources_panda_description:/home/albert/ws_moveit2/install/moveit_resources_fanuc_moveit_config:/home/albert/ws_moveit2/install/moveit_resources_fanuc_description:/home/albert/ws_moveit2/install/moveit_common:/home/albert/umov_ws/install/moveitassistant:/home/albert/umov_ws/install/description:/home/albert/umov_ws/install/arduino_utils:/home/albert/umov_ws/install/arduino_remote:/home/albert/umov_ws/install/arduino_cpp_examples:/home/albert/umov_ws/install/arduino_msgs:/home/albert/umov_ws/install/arduino_moveit:/home/albert/umov_ws/install/arduino_firmware:/home/albert/umov_ws/install/arduino_controller:/home/albert/umov_ws/install/arduino_bringup:/home/albert/unav_ws/install/turtlebot3_fake_node:/home/albert/unav_ws/install/robot_bringup:/home/albert/unav_ws/install/nav2_robot_description:/home/albert/udem2_ws/install/robot_bringup:/home/albert/udem2_ws/install/my_robot_bringup:/home/albert/udem2_ws/install/lifecycle_cpp:/home/albert/udem2_ws/install/final_project_cpp:/home/albert/udem2_ws/install/actions_cpp:/home/albert/udem2_ws/install/robot_interfaces:/home/albert/udem2_ws/install/executors_cpp:/home/albert/udem2_ws/install/components_cpp:/home/albert/udem_ws/install/my_robot_bringup:/home/albert/udem_ws/install/my_cpp_pkg:/home/albert/udem_ws/install/my_robot_interfaces:/home/albert/udem_ws/install/my_robot_description:/home/albert/udem_ws/install/lifecycle_cpp:/home/albert/bcdc_ws/install/aggiebot_cpp:/home/albert/bcdc_ws/install/aggiebot_msgs:/home/albert/bcdc_ws/install/aggiebot_description:/home/albert/bcdc_ws/install/aggiebot_controller:/home/albert/bcdc_ws/install/aggiebot_bringup:/home/albert/bcdc_ws/install/aggiebot_arm_moveit:/home/albert/bcdc_ws/install/aggiebot_arm_description:/home/albert/bcdc_ws/install/aggiebot_arm_controller:/home/albert/bcdc_ws/install/agbot_setup_moveit:/home/albert/bcdc_ws/install/agbot_cpp:/home/albert/bcdc_ws/install/agbot_msgs:/home/albert/bcdc_ws/install/agbot_moveit:/home/albert/bcdc_ws/install/agbot_description:/home/albert/bcdc_ws/install/agbot_controller:/home/albert/bcdc_ws/install/agbot_bringup:/home/albert/bcdc_ws/install/agbot_arm_controller:/home/albert/arduinobot_ws/install/arduinobot_utils:/home/albert/arduinobot_ws/install/arduinobot_remote:/home/albert/arduinobot_ws/install/arduinobot_cpp_examples:/home/albert/arduinobot_ws/install/arduinobot_msgs:/home/albert/arduinobot_ws/install/arduinobot_moveit_setup:/home/albert/arduinobot_ws/install/arduinobot_moveit:/home/albert/arduinobot_ws/install/arduinobot_description:/home/albert/arduinobot_ws/install/arduinobot_controller:/home/albert/rad_ws/install/agbot_full_nav2:/home/albert/rad_ws/install/agbot_full_msgs:/home/albert/rad_ws/install/agbot_full_moveit_setup:/home/albert/rad_ws/install/agbot_full_moveit:/home/albert/rad_ws/install/agbot_full_description:/home/albert/rad_ws/install/agbot_full_cpp:/home/albert/rad_ws/install/agbot_full_controller:/home/albert/rad_ws/install/agbot_full_cartogropher:/home/albert/dev_ws/install/my_bot:/home/albert/ag_car_ws/install/car_nav2:/home/albert/ag_car_ws/install/car_description:/home/albert/ag_car_ws/install/car_controller:/home/albert/ag_car_ws/install/car_cartographer:/home/albert/ag_arm_ws/install/arm_py:/home/albert/ws_moveit2/install/moveit_configs_utils:/home/albert/ws_moveit2/install/launch_param_builder:/home/albert/umov_ws/install/arduino_py_examples:/home/albert/udem2_ws/install/actions_py:/home/albert/udem2_ws/install/lifecycle_py:/home/albert/udem2_ws/install/executors_py:/home/albert/udem2_ws/install/components_py:/home/albert/udem_ws/install/turtlesim_catcher:/home/albert/udem_ws/install/my_py_pkg:/home/albert/udem_ws/install/lifecycle_py:/home/albert/bcdc_ws/install/agbot_teleop:/home/albert/bcdc_ws/install/agbot_py:/home/albert/arduinobot_ws/install/arduinobot_py_examples:/opt/ros/humble LD_LIBRARY_PATH=/home/albert/ag_arm_ws/install/arm_msgs/lib:/home/albert/ag_arm_ws/install/arm_remote/lib:/home/albert/ws_moveit2/install/pilz_industrial_motion_planner_testutils/lib:/home/albert/ws_moveit2/install/pilz_industrial_motion_planner/lib:/home/albert/ws_moveit2/install/moveit_visual_tools/lib:/home/albert/ws_moveit2/install/moveit_task_constructor_visualization/lib:/home/albert/ws_moveit2/install/moveit_task_constructor_demo/lib:/home/albert/ws_moveit2/install/moveit_task_constructor_capabilities/lib:/home/albert/ws_moveit2/install/moveit_task_constructor_core/lib:/home/albert/ws_moveit2/install/moveit_ros_control_interface/lib:/home/albert/ws_moveit2/install/moveit_simple_controller_manager/lib:/home/albert/ws_moveit2/install/moveit_setup_assistant/lib:/home/albert/ws_moveit2/install/moveit_setup_srdf_plugins/lib:/home/albert/ws_moveit2/install/moveit_setup_core_plugins/lib:/home/albert/ws_moveit2/install/moveit_setup_controllers/lib:/home/albert/ws_moveit2/install/moveit_setup_app_plugins/lib:/home/albert/ws_moveit2/install/moveit_setup_framework/lib:/home/albert/ws_moveit2/install/moveit_servo/lib:/home/albert/ws_moveit2/install/moveit_ros_visualization/lib:/home/albert/ws_moveit2/install/moveit_hybrid_planning/lib:/home/albert/ws_moveit2/install/moveit_ros_planning_interface/lib:/home/albert/ws_moveit2/install/moveit_ros_benchmarks/lib:/home/albert/ws_moveit2/install/moveit_ros_warehouse/lib:/home/albert/ws_moveit2/install/moveit_ros_robot_interaction/lib:/home/albert/ws_moveit2/install/moveit_ros_perception/lib:/home/albert/ws_moveit2/install/moveit_ros_move_group/lib:/home/albert/ws_moveit2/install/moveit_planners_ompl/lib:/home/albert/ws_moveit2/install/moveit_ros_planning/lib:/home/albert/ws_moveit2/install/moveit_ros_occupancy_map_monitor/lib:/home/albert/ws_moveit2/install/moveit_resources_prbt_ikfast_manipulator_plugin/lib:/home/albert/ws_moveit2/install/moveit_planners_chomp/lib:/home/albert/ws_moveit2/install/moveit_kinematics/lib:/home/albert/ws_moveit2/install/moveit_chomp_optimizer_adapter/lib:/home/albert/ws_moveit2/install/chomp_motion_planner/lib:/home/albert/ws_moveit2/install/moveit_core/lib:/home/albert/ws_moveit2/install/srdfdom/lib:/home/albert/ws_moveit2/install/rviz_marker_tools/lib:/home/albert/ws_moveit2/install/rosparam_shortcuts/lib:/home/albert/ws_moveit2/install/moveit_task_constructor_msgs/lib:/home/albert/umov_ws/install/arduino_remote/lib:/home/albert/umov_ws/install/arduino_cpp_examples/lib:/home/albert/umov_ws/install/arduino_msgs/lib:/home/albert/umov_ws/install/arduino_controller/lib:/home/albert/udem2_ws/install/final_project_cpp/lib:/home/albert/udem2_ws/install/robot_interfaces/lib:/home/albert/udem2_ws/install/components_cpp/lib:/home/albert/udem_ws/install/my_robot_interfaces/lib:/home/albert/bcdc_ws/install/aggiebot_msgs/lib:/home/albert/bcdc_ws/install/agbot_msgs/lib:/home/albert/arduinobot_ws/install/arduinobot_remote/lib:/home/albert/arduinobot_ws/install/arduinobot_cpp_examples/lib:/home/albert/arduinobot_ws/install/arduinobot_msgs/lib:/usr/lib/x86_64-linux-gnu/gazebo-11/plugins:/opt/ros/humble/opt/rviz_ogre_vendor/lib:/opt/ros/humble/lib/x86_64-linux-gnu:/opt/ros/humble/lib:/usr/share/gazebo/../../lib/x86_64-linux-gnu/gazebo-11/plugins /home/albert/.local/bin/cmake --build /home/albert/ag_arm_ws/build/arm_remote -- -j8 -l8
[2.713s] DEBUG:colcon.colcon_core.event_handler.log_command:Invoked command in '/home/albert/ag_arm_ws/build/arm_cpp' returned '0': CMAKE_PREFIX_PATH=/home/albert/ag_arm_ws/install/arm_msgs:/home/albert/ag_arm_ws/install/arm_setup_moveit:/home/albert/ag_arm_ws/install/arm_remote:/home/albert/ag_arm_ws/install/arm_cpp:/home/albert/ag_arm_ws/install/arm_moveit:/home/albert/ag_arm_ws/install/arm_description:/home/albert/ag_arm_ws/install/arm_controller:/home/albert/ag_arm_ws/install/arm_bringup:/home/albert/ws_moveit2/install/pilz_industrial_motion_planner_testutils:/home/albert/ws_moveit2/install/moveit_runtime:/home/albert/ws_moveit2/install/moveit2_tutorials:/home/albert/ws_moveit2/install/moveit:/home/albert/ws_moveit2/install/moveit_planners:/home/albert/ws_moveit2/install/pilz_industrial_motion_planner:/home/albert/ws_moveit2/install/moveit_visual_tools:/home/albert/ws_moveit2/install/moveit_task_constructor_visualization:/home/albert/ws_moveit2/install/moveit_task_constructor_demo:/home/albert/ws_moveit2/install/moveit_task_constructor_capabilities:/home/albert/ws_moveit2/install/moveit_task_constructor_core:/home/albert/ws_moveit2/install/moveit_ros_control_interface:/home/albert/ws_moveit2/install/moveit_plugins:/home/albert/ws_moveit2/install/moveit_simple_controller_manager:/home/albert/ws_moveit2/install/moveit_setup_assistant:/home/albert/ws_moveit2/install/moveit_setup_srdf_plugins:/home/albert/ws_moveit2/install/moveit_setup_core_plugins:/home/albert/ws_moveit2/install/moveit_setup_controllers:/home/albert/ws_moveit2/install/moveit_setup_app_plugins:/home/albert/ws_moveit2/install/moveit_setup_framework:/home/albert/ws_moveit2/install/moveit_servo:/home/albert/ws_moveit2/install/moveit_ros:/home/albert/ws_moveit2/install/moveit_ros_visualization:/home/albert/ws_moveit2/install/moveit_hybrid_planning:/home/albert/ws_moveit2/install/moveit_ros_planning_interface:/home/albert/ws_moveit2/install/moveit_ros_benchmarks:/home/albert/ws_moveit2/install/moveit_ros_warehouse:/home/albert/ws_moveit2/install/moveit_ros_robot_interaction:/home/albert/ws_moveit2/install/moveit_ros_perception:/home/albert/ws_moveit2/install/moveit_resources_prbt_pg70_support:/home/albert/ws_moveit2/install/moveit_resources_prbt_moveit_config:/home/albert/ws_moveit2/install/moveit_ros_move_group:/home/albert/ws_moveit2/install/moveit_planners_ompl:/home/albert/ws_moveit2/install/moveit_ros_planning:/home/albert/ws_moveit2/install/moveit_ros_occupancy_map_monitor:/home/albert/ws_moveit2/install/moveit_resources_prbt_ikfast_manipulator_plugin:/home/albert/ws_moveit2/install/moveit_planners_chomp:/home/albert/ws_moveit2/install/moveit_kinematics:/home/albert/ws_moveit2/install/moveit_chomp_optimizer_adapter:/home/albert/ws_moveit2/install/chomp_motion_planner:/home/albert/ws_moveit2/install/moveit_core:/home/albert/ws_moveit2/install/srdfdom:/home/albert/ws_moveit2/install/rviz_marker_tools:/home/albert/ws_moveit2/install/rosparam_shortcuts:/home/albert/ws_moveit2/install/moveit_task_constructor_msgs:/home/albert/ws_moveit2/install/moveit_resources_prbt_support:/home/albert/ws_moveit2/install/moveit_resources:/home/albert/ws_moveit2/install/moveit_resources_pr2_description:/home/albert/ws_moveit2/install/moveit_resources_panda_moveit_config:/home/albert/ws_moveit2/install/moveit_resources_panda_description:/home/albert/ws_moveit2/install/moveit_resources_fanuc_moveit_config:/home/albert/ws_moveit2/install/moveit_resources_fanuc_description:/home/albert/ws_moveit2/install/moveit_common:/home/albert/umov_ws/install/moveitassistant:/home/albert/umov_ws/install/description:/home/albert/umov_ws/install/arduino_utils:/home/albert/umov_ws/install/arduino_remote:/home/albert/umov_ws/install/arduino_cpp_examples:/home/albert/umov_ws/install/arduino_msgs:/home/albert/umov_ws/install/arduino_moveit:/home/albert/umov_ws/install/arduino_firmware:/home/albert/umov_ws/install/arduino_controller:/home/albert/umov_ws/install/arduino_bringup:/home/albert/unav_ws/install/turtlebot3_fake_node:/home/albert/unav_ws/install/robot_bringup:/home/albert/unav_ws/install/nav2_robot_description:/home/albert/udem2_ws/install/robot_bringup:/home/albert/udem2_ws/install/my_robot_bringup:/home/albert/udem2_ws/install/lifecycle_cpp:/home/albert/udem2_ws/install/final_project_cpp:/home/albert/udem2_ws/install/actions_cpp:/home/albert/udem2_ws/install/robot_interfaces:/home/albert/udem2_ws/install/executors_cpp:/home/albert/udem2_ws/install/components_cpp:/home/albert/udem_ws/install/my_robot_bringup:/home/albert/udem_ws/install/my_cpp_pkg:/home/albert/udem_ws/install/my_robot_interfaces:/home/albert/udem_ws/install/my_robot_description:/home/albert/udem_ws/install/lifecycle_cpp:/home/albert/bcdc_ws/install/aggiebot_cpp:/home/albert/bcdc_ws/install/aggiebot_msgs:/home/albert/bcdc_ws/install/aggiebot_description:/home/albert/bcdc_ws/install/aggiebot_controller:/home/albert/bcdc_ws/install/aggiebot_bringup:/home/albert/bcdc_ws/install/aggiebot_arm_moveit:/home/albert/bcdc_ws/install/aggiebot_arm_description:/home/albert/bcdc_ws/install/aggiebot_arm_controller:/home/albert/bcdc_ws/install/agbot_setup_moveit:/home/albert/bcdc_ws/install/agbot_cpp:/home/albert/bcdc_ws/install/agbot_msgs:/home/albert/bcdc_ws/install/agbot_moveit:/home/albert/bcdc_ws/install/agbot_description:/home/albert/bcdc_ws/install/agbot_controller:/home/albert/bcdc_ws/install/agbot_bringup:/home/albert/bcdc_ws/install/agbot_arm_controller:/home/albert/arduinobot_ws/install/arduinobot_utils:/home/albert/arduinobot_ws/install/arduinobot_remote:/home/albert/arduinobot_ws/install/arduinobot_cpp_examples:/home/albert/arduinobot_ws/install/arduinobot_msgs:/home/albert/arduinobot_ws/install/arduinobot_moveit_setup:/home/albert/arduinobot_ws/install/arduinobot_moveit:/home/albert/arduinobot_ws/install/arduinobot_description:/home/albert/arduinobot_ws/install/arduinobot_controller:/home/albert/rad_ws/install/agbot_full_nav2:/home/albert/rad_ws/install/agbot_full_msgs:/home/albert/rad_ws/install/agbot_full_moveit_setup:/home/albert/rad_ws/install/agbot_full_moveit:/home/albert/rad_ws/install/agbot_full_description:/home/albert/rad_ws/install/agbot_full_cpp:/home/albert/rad_ws/install/agbot_full_controller:/home/albert/rad_ws/install/agbot_full_cartogropher:/home/albert/dev_ws/install/my_bot:/home/albert/ag_car_ws/install/car_nav2:/home/albert/ag_car_ws/install/car_description:/home/albert/ag_car_ws/install/car_controller:/home/albert/ag_car_ws/install/car_cartographer:/home/albert/ag_arm_ws/install/arm_py:/home/albert/ws_moveit2/install/moveit_configs_utils:/home/albert/ws_moveit2/install/launch_param_builder:/home/albert/umov_ws/install/arduino_py_examples:/home/albert/udem2_ws/install/actions_py:/home/albert/udem2_ws/install/lifecycle_py:/home/albert/udem2_ws/install/executors_py:/home/albert/udem2_ws/install/components_py:/home/albert/udem_ws/install/turtlesim_catcher:/home/albert/udem_ws/install/my_py_pkg:/home/albert/udem_ws/install/lifecycle_py:/home/albert/bcdc_ws/install/agbot_teleop:/home/albert/bcdc_ws/install/agbot_py:/home/albert/arduinobot_ws/install/arduinobot_py_examples:/opt/ros/humble LD_LIBRARY_PATH=/home/albert/ag_arm_ws/install/arm_msgs/lib:/home/albert/ag_arm_ws/install/arm_remote/lib:/home/albert/ws_moveit2/install/pilz_industrial_motion_planner_testutils/lib:/home/albert/ws_moveit2/install/pilz_industrial_motion_planner/lib:/home/albert/ws_moveit2/install/moveit_visual_tools/lib:/home/albert/ws_moveit2/install/moveit_task_constructor_visualization/lib:/home/albert/ws_moveit2/install/moveit_task_constructor_demo/lib:/home/albert/ws_moveit2/install/moveit_task_constructor_capabilities/lib:/home/albert/ws_moveit2/install/moveit_task_constructor_core/lib:/home/albert/ws_moveit2/install/moveit_ros_control_interface/lib:/home/albert/ws_moveit2/install/moveit_simple_controller_manager/lib:/home/albert/ws_moveit2/install/moveit_setup_assistant/lib:/home/albert/ws_moveit2/install/moveit_setup_srdf_plugins/lib:/home/albert/ws_moveit2/install/moveit_setup_core_plugins/lib:/home/albert/ws_moveit2/install/moveit_setup_controllers/lib:/home/albert/ws_moveit2/install/moveit_setup_app_plugins/lib:/home/albert/ws_moveit2/install/moveit_setup_framework/lib:/home/albert/ws_moveit2/install/moveit_servo/lib:/home/albert/ws_moveit2/install/moveit_ros_visualization/lib:/home/albert/ws_moveit2/install/moveit_hybrid_planning/lib:/home/albert/ws_moveit2/install/moveit_ros_planning_interface/lib:/home/albert/ws_moveit2/install/moveit_ros_benchmarks/lib:/home/albert/ws_moveit2/install/moveit_ros_warehouse/lib:/home/albert/ws_moveit2/install/moveit_ros_robot_interaction/lib:/home/albert/ws_moveit2/install/moveit_ros_perception/lib:/home/albert/ws_moveit2/install/moveit_ros_move_group/lib:/home/albert/ws_moveit2/install/moveit_planners_ompl/lib:/home/albert/ws_moveit2/install/moveit_ros_planning/lib:/home/albert/ws_moveit2/install/moveit_ros_occupancy_map_monitor/lib:/home/albert/ws_moveit2/install/moveit_resources_prbt_ikfast_manipulator_plugin/lib:/home/albert/ws_moveit2/install/moveit_planners_chomp/lib:/home/albert/ws_moveit2/install/moveit_kinematics/lib:/home/albert/ws_moveit2/install/moveit_chomp_optimizer_adapter/lib:/home/albert/ws_moveit2/install/chomp_motion_planner/lib:/home/albert/ws_moveit2/install/moveit_core/lib:/home/albert/ws_moveit2/install/srdfdom/lib:/home/albert/ws_moveit2/install/rviz_marker_tools/lib:/home/albert/ws_moveit2/install/rosparam_shortcuts/lib:/home/albert/ws_moveit2/install/moveit_task_constructor_msgs/lib:/home/albert/umov_ws/install/arduino_remote/lib:/home/albert/umov_ws/install/arduino_cpp_examples/lib:/home/albert/umov_ws/install/arduino_msgs/lib:/home/albert/umov_ws/install/arduino_controller/lib:/home/albert/udem2_ws/install/final_project_cpp/lib:/home/albert/udem2_ws/install/robot_interfaces/lib:/home/albert/udem2_ws/install/components_cpp/lib:/home/albert/udem_ws/install/my_robot_interfaces/lib:/home/albert/bcdc_ws/install/aggiebot_msgs/lib:/home/albert/bcdc_ws/install/agbot_msgs/lib:/home/albert/arduinobot_ws/install/arduinobot_remote/lib:/home/albert/arduinobot_ws/install/arduinobot_cpp_examples/lib:/home/albert/arduinobot_ws/install/arduinobot_msgs/lib:/usr/lib/x86_64-linux-gnu/gazebo-11/plugins:/opt/ros/humble/opt/rviz_ogre_vendor/lib:/opt/ros/humble/lib/x86_64-linux-gnu:/opt/ros/humble/lib:/usr/share/gazebo/../../lib/x86_64-linux-gnu/gazebo-11/plugins /home/albert/.local/bin/cmake --build /home/albert/ag_arm_ws/build/arm_cpp -- -j8 -l8
[2.716s] DEBUG:colcon.colcon_core.event_handler.log_command:Invoking command in '/home/albert/ag_arm_ws/build/arm_cpp': CMAKE_PREFIX_PATH=/home/albert/ag_arm_ws/install/arm_msgs:/home/albert/ag_arm_ws/install/arm_setup_moveit:/home/albert/ag_arm_ws/install/arm_remote:/home/albert/ag_arm_ws/install/arm_cpp:/home/albert/ag_arm_ws/install/arm_moveit:/home/albert/ag_arm_ws/install/arm_description:/home/albert/ag_arm_ws/install/arm_controller:/home/albert/ag_arm_ws/install/arm_bringup:/home/albert/ws_moveit2/install/pilz_industrial_motion_planner_testutils:/home/albert/ws_moveit2/install/moveit_runtime:/home/albert/ws_moveit2/install/moveit2_tutorials:/home/albert/ws_moveit2/install/moveit:/home/albert/ws_moveit2/install/moveit_planners:/home/albert/ws_moveit2/install/pilz_industrial_motion_planner:/home/albert/ws_moveit2/install/moveit_visual_tools:/home/albert/ws_moveit2/install/moveit_task_constructor_visualization:/home/albert/ws_moveit2/install/moveit_task_constructor_demo:/home/albert/ws_moveit2/install/moveit_task_constructor_capabilities:/home/albert/ws_moveit2/install/moveit_task_constructor_core:/home/albert/ws_moveit2/install/moveit_ros_control_interface:/home/albert/ws_moveit2/install/moveit_plugins:/home/albert/ws_moveit2/install/moveit_simple_controller_manager:/home/albert/ws_moveit2/install/moveit_setup_assistant:/home/albert/ws_moveit2/install/moveit_setup_srdf_plugins:/home/albert/ws_moveit2/install/moveit_setup_core_plugins:/home/albert/ws_moveit2/install/moveit_setup_controllers:/home/albert/ws_moveit2/install/moveit_setup_app_plugins:/home/albert/ws_moveit2/install/moveit_setup_framework:/home/albert/ws_moveit2/install/moveit_servo:/home/albert/ws_moveit2/install/moveit_ros:/home/albert/ws_moveit2/install/moveit_ros_visualization:/home/albert/ws_moveit2/install/moveit_hybrid_planning:/home/albert/ws_moveit2/install/moveit_ros_planning_interface:/home/albert/ws_moveit2/install/moveit_ros_benchmarks:/home/albert/ws_moveit2/install/moveit_ros_warehouse:/home/albert/ws_moveit2/install/moveit_ros_robot_interaction:/home/albert/ws_moveit2/install/moveit_ros_perception:/home/albert/ws_moveit2/install/moveit_resources_prbt_pg70_support:/home/albert/ws_moveit2/install/moveit_resources_prbt_moveit_config:/home/albert/ws_moveit2/install/moveit_ros_move_group:/home/albert/ws_moveit2/install/moveit_planners_ompl:/home/albert/ws_moveit2/install/moveit_ros_planning:/home/albert/ws_moveit2/install/moveit_ros_occupancy_map_monitor:/home/albert/ws_moveit2/install/moveit_resources_prbt_ikfast_manipulator_plugin:/home/albert/ws_moveit2/install/moveit_planners_chomp:/home/albert/ws_moveit2/install/moveit_kinematics:/home/albert/ws_moveit2/install/moveit_chomp_optimizer_adapter:/home/albert/ws_moveit2/install/chomp_motion_planner:/home/albert/ws_moveit2/install/moveit_core:/home/albert/ws_moveit2/install/srdfdom:/home/albert/ws_moveit2/install/rviz_marker_tools:/home/albert/ws_moveit2/install/rosparam_shortcuts:/home/albert/ws_moveit2/install/moveit_task_constructor_msgs:/home/albert/ws_moveit2/install/moveit_resources_prbt_support:/home/albert/ws_moveit2/install/moveit_resources:/home/albert/ws_moveit2/install/moveit_resources_pr2_description:/home/albert/ws_moveit2/install/moveit_resources_panda_moveit_config:/home/albert/ws_moveit2/install/moveit_resources_panda_description:/home/albert/ws_moveit2/install/moveit_resources_fanuc_moveit_config:/home/albert/ws_moveit2/install/moveit_resources_fanuc_description:/home/albert/ws_moveit2/install/moveit_common:/home/albert/umov_ws/install/moveitassistant:/home/albert/umov_ws/install/description:/home/albert/umov_ws/install/arduino_utils:/home/albert/umov_ws/install/arduino_remote:/home/albert/umov_ws/install/arduino_cpp_examples:/home/albert/umov_ws/install/arduino_msgs:/home/albert/umov_ws/install/arduino_moveit:/home/albert/umov_ws/install/arduino_firmware:/home/albert/umov_ws/install/arduino_controller:/home/albert/umov_ws/install/arduino_bringup:/home/albert/unav_ws/install/turtlebot3_fake_node:/home/albert/unav_ws/install/robot_bringup:/home/albert/unav_ws/install/nav2_robot_description:/home/albert/udem2_ws/install/robot_bringup:/home/albert/udem2_ws/install/my_robot_bringup:/home/albert/udem2_ws/install/lifecycle_cpp:/home/albert/udem2_ws/install/final_project_cpp:/home/albert/udem2_ws/install/actions_cpp:/home/albert/udem2_ws/install/robot_interfaces:/home/albert/udem2_ws/install/executors_cpp:/home/albert/udem2_ws/install/components_cpp:/home/albert/udem_ws/install/my_robot_bringup:/home/albert/udem_ws/install/my_cpp_pkg:/home/albert/udem_ws/install/my_robot_interfaces:/home/albert/udem_ws/install/my_robot_description:/home/albert/udem_ws/install/lifecycle_cpp:/home/albert/bcdc_ws/install/aggiebot_cpp:/home/albert/bcdc_ws/install/aggiebot_msgs:/home/albert/bcdc_ws/install/aggiebot_description:/home/albert/bcdc_ws/install/aggiebot_controller:/home/albert/bcdc_ws/install/aggiebot_bringup:/home/albert/bcdc_ws/install/aggiebot_arm_moveit:/home/albert/bcdc_ws/install/aggiebot_arm_description:/home/albert/bcdc_ws/install/aggiebot_arm_controller:/home/albert/bcdc_ws/install/agbot_setup_moveit:/home/albert/bcdc_ws/install/agbot_cpp:/home/albert/bcdc_ws/install/agbot_msgs:/home/albert/bcdc_ws/install/agbot_moveit:/home/albert/bcdc_ws/install/agbot_description:/home/albert/bcdc_ws/install/agbot_controller:/home/albert/bcdc_ws/install/agbot_bringup:/home/albert/bcdc_ws/install/agbot_arm_controller:/home/albert/arduinobot_ws/install/arduinobot_utils:/home/albert/arduinobot_ws/install/arduinobot_remote:/home/albert/arduinobot_ws/install/arduinobot_cpp_examples:/home/albert/arduinobot_ws/install/arduinobot_msgs:/home/albert/arduinobot_ws/install/arduinobot_moveit_setup:/home/albert/arduinobot_ws/install/arduinobot_moveit:/home/albert/arduinobot_ws/install/arduinobot_description:/home/albert/arduinobot_ws/install/arduinobot_controller:/home/albert/rad_ws/install/agbot_full_nav2:/home/albert/rad_ws/install/agbot_full_msgs:/home/albert/rad_ws/install/agbot_full_moveit_setup:/home/albert/rad_ws/install/agbot_full_moveit:/home/albert/rad_ws/install/agbot_full_description:/home/albert/rad_ws/install/agbot_full_cpp:/home/albert/rad_ws/install/agbot_full_controller:/home/albert/rad_ws/install/agbot_full_cartogropher:/home/albert/dev_ws/install/my_bot:/home/albert/ag_car_ws/install/car_nav2:/home/albert/ag_car_ws/install/car_description:/home/albert/ag_car_ws/install/car_controller:/home/albert/ag_car_ws/install/car_cartographer:/home/albert/ag_arm_ws/install/arm_py:/home/albert/ws_moveit2/install/moveit_configs_utils:/home/albert/ws_moveit2/install/launch_param_builder:/home/albert/umov_ws/install/arduino_py_examples:/home/albert/udem2_ws/install/actions_py:/home/albert/udem2_ws/install/lifecycle_py:/home/albert/udem2_ws/install/executors_py:/home/albert/udem2_ws/install/components_py:/home/albert/udem_ws/install/turtlesim_catcher:/home/albert/udem_ws/install/my_py_pkg:/home/albert/udem_ws/install/lifecycle_py:/home/albert/bcdc_ws/install/agbot_teleop:/home/albert/bcdc_ws/install/agbot_py:/home/albert/arduinobot_ws/install/arduinobot_py_examples:/opt/ros/humble LD_LIBRARY_PATH=/home/albert/ag_arm_ws/install/arm_msgs/lib:/home/albert/ag_arm_ws/install/arm_remote/lib:/home/albert/ws_moveit2/install/pilz_industrial_motion_planner_testutils/lib:/home/albert/ws_moveit2/install/pilz_industrial_motion_planner/lib:/home/albert/ws_moveit2/install/moveit_visual_tools/lib:/home/albert/ws_moveit2/install/moveit_task_constructor_visualization/lib:/home/albert/ws_moveit2/install/moveit_task_constructor_demo/lib:/home/albert/ws_moveit2/install/moveit_task_constructor_capabilities/lib:/home/albert/ws_moveit2/install/moveit_task_constructor_core/lib:/home/albert/ws_moveit2/install/moveit_ros_control_interface/lib:/home/albert/ws_moveit2/install/moveit_simple_controller_manager/lib:/home/albert/ws_moveit2/install/moveit_setup_assistant/lib:/home/albert/ws_moveit2/install/moveit_setup_srdf_plugins/lib:/home/albert/ws_moveit2/install/moveit_setup_core_plugins/lib:/home/albert/ws_moveit2/install/moveit_setup_controllers/lib:/home/albert/ws_moveit2/install/moveit_setup_app_plugins/lib:/home/albert/ws_moveit2/install/moveit_setup_framework/lib:/home/albert/ws_moveit2/install/moveit_servo/lib:/home/albert/ws_moveit2/install/moveit_ros_visualization/lib:/home/albert/ws_moveit2/install/moveit_hybrid_planning/lib:/home/albert/ws_moveit2/install/moveit_ros_planning_interface/lib:/home/albert/ws_moveit2/install/moveit_ros_benchmarks/lib:/home/albert/ws_moveit2/install/moveit_ros_warehouse/lib:/home/albert/ws_moveit2/install/moveit_ros_robot_interaction/lib:/home/albert/ws_moveit2/install/moveit_ros_perception/lib:/home/albert/ws_moveit2/install/moveit_ros_move_group/lib:/home/albert/ws_moveit2/install/moveit_planners_ompl/lib:/home/albert/ws_moveit2/install/moveit_ros_planning/lib:/home/albert/ws_moveit2/install/moveit_ros_occupancy_map_monitor/lib:/home/albert/ws_moveit2/install/moveit_resources_prbt_ikfast_manipulator_plugin/lib:/home/albert/ws_moveit2/install/moveit_planners_chomp/lib:/home/albert/ws_moveit2/install/moveit_kinematics/lib:/home/albert/ws_moveit2/install/moveit_chomp_optimizer_adapter/lib:/home/albert/ws_moveit2/install/chomp_motion_planner/lib:/home/albert/ws_moveit2/install/moveit_core/lib:/home/albert/ws_moveit2/install/srdfdom/lib:/home/albert/ws_moveit2/install/rviz_marker_tools/lib:/home/albert/ws_moveit2/install/rosparam_shortcuts/lib:/home/albert/ws_moveit2/install/moveit_task_constructor_msgs/lib:/home/albert/umov_ws/install/arduino_remote/lib:/home/albert/umov_ws/install/arduino_cpp_examples/lib:/home/albert/umov_ws/install/arduino_msgs/lib:/home/albert/umov_ws/install/arduino_controller/lib:/home/albert/udem2_ws/install/final_project_cpp/lib:/home/albert/udem2_ws/install/robot_interfaces/lib:/home/albert/udem2_ws/install/components_cpp/lib:/home/albert/udem_ws/install/my_robot_interfaces/lib:/home/albert/bcdc_ws/install/aggiebot_msgs/lib:/home/albert/bcdc_ws/install/agbot_msgs/lib:/home/albert/arduinobot_ws/install/arduinobot_remote/lib:/home/albert/arduinobot_ws/install/arduinobot_cpp_examples/lib:/home/albert/arduinobot_ws/install/arduinobot_msgs/lib:/usr/lib/x86_64-linux-gnu/gazebo-11/plugins:/opt/ros/humble/opt/rviz_ogre_vendor/lib:/opt/ros/humble/lib/x86_64-linux-gnu:/opt/ros/humble/lib:/usr/share/gazebo/../../lib/x86_64-linux-gnu/gazebo-11/plugins /home/albert/.local/bin/cmake --install /home/albert/ag_arm_ws/build/arm_cpp
[2.728s] Level 1:colcon.colcon_core.environment:create_environment_scripts_only(arm_cpp)
[2.729s] Level 1:colcon.colcon_core.environment:checking '/home/albert/ag_arm_ws/install/arm_cpp' for CMake module files
[2.730s] DEBUG:colcon.colcon_core.event_handler.log_command:Invoked command in '/home/albert/ag_arm_ws/build/arm_cpp' returned '0': CMAKE_PREFIX_PATH=/home/albert/ag_arm_ws/install/arm_msgs:/home/albert/ag_arm_ws/install/arm_setup_moveit:/home/albert/ag_arm_ws/install/arm_remote:/home/albert/ag_arm_ws/install/arm_cpp:/home/albert/ag_arm_ws/install/arm_moveit:/home/albert/ag_arm_ws/install/arm_description:/home/albert/ag_arm_ws/install/arm_controller:/home/albert/ag_arm_ws/install/arm_bringup:/home/albert/ws_moveit2/install/pilz_industrial_motion_planner_testutils:/home/albert/ws_moveit2/install/moveit_runtime:/home/albert/ws_moveit2/install/moveit2_tutorials:/home/albert/ws_moveit2/install/moveit:/home/albert/ws_moveit2/install/moveit_planners:/home/albert/ws_moveit2/install/pilz_industrial_motion_planner:/home/albert/ws_moveit2/install/moveit_visual_tools:/home/albert/ws_moveit2/install/moveit_task_constructor_visualization:/home/albert/ws_moveit2/install/moveit_task_constructor_demo:/home/albert/ws_moveit2/install/moveit_task_constructor_capabilities:/home/albert/ws_moveit2/install/moveit_task_constructor_core:/home/albert/ws_moveit2/install/moveit_ros_control_interface:/home/albert/ws_moveit2/install/moveit_plugins:/home/albert/ws_moveit2/install/moveit_simple_controller_manager:/home/albert/ws_moveit2/install/moveit_setup_assistant:/home/albert/ws_moveit2/install/moveit_setup_srdf_plugins:/home/albert/ws_moveit2/install/moveit_setup_core_plugins:/home/albert/ws_moveit2/install/moveit_setup_controllers:/home/albert/ws_moveit2/install/moveit_setup_app_plugins:/home/albert/ws_moveit2/install/moveit_setup_framework:/home/albert/ws_moveit2/install/moveit_servo:/home/albert/ws_moveit2/install/moveit_ros:/home/albert/ws_moveit2/install/moveit_ros_visualization:/home/albert/ws_moveit2/install/moveit_hybrid_planning:/home/albert/ws_moveit2/install/moveit_ros_planning_interface:/home/albert/ws_moveit2/install/moveit_ros_benchmarks:/home/albert/ws_moveit2/install/moveit_ros_warehouse:/home/albert/ws_moveit2/install/moveit_ros_robot_interaction:/home/albert/ws_moveit2/install/moveit_ros_perception:/home/albert/ws_moveit2/install/moveit_resources_prbt_pg70_support:/home/albert/ws_moveit2/install/moveit_resources_prbt_moveit_config:/home/albert/ws_moveit2/install/moveit_ros_move_group:/home/albert/ws_moveit2/install/moveit_planners_ompl:/home/albert/ws_moveit2/install/moveit_ros_planning:/home/albert/ws_moveit2/install/moveit_ros_occupancy_map_monitor:/home/albert/ws_moveit2/install/moveit_resources_prbt_ikfast_manipulator_plugin:/home/albert/ws_moveit2/install/moveit_planners_chomp:/home/albert/ws_moveit2/install/moveit_kinematics:/home/albert/ws_moveit2/install/moveit_chomp_optimizer_adapter:/home/albert/ws_moveit2/install/chomp_motion_planner:/home/albert/ws_moveit2/install/moveit_core:/home/albert/ws_moveit2/install/srdfdom:/home/albert/ws_moveit2/install/rviz_marker_tools:/home/albert/ws_moveit2/install/rosparam_shortcuts:/home/albert/ws_moveit2/install/moveit_task_constructor_msgs:/home/albert/ws_moveit2/install/moveit_resources_prbt_support:/home/albert/ws_moveit2/install/moveit_resources:/home/albert/ws_moveit2/install/moveit_resources_pr2_description:/home/albert/ws_moveit2/install/moveit_resources_panda_moveit_config:/home/albert/ws_moveit2/install/moveit_resources_panda_description:/home/albert/ws_moveit2/install/moveit_resources_fanuc_moveit_config:/home/albert/ws_moveit2/install/moveit_resources_fanuc_description:/home/albert/ws_moveit2/install/moveit_common:/home/albert/umov_ws/install/moveitassistant:/home/albert/umov_ws/install/description:/home/albert/umov_ws/install/arduino_utils:/home/albert/umov_ws/install/arduino_remote:/home/albert/umov_ws/install/arduino_cpp_examples:/home/albert/umov_ws/install/arduino_msgs:/home/albert/umov_ws/install/arduino_moveit:/home/albert/umov_ws/install/arduino_firmware:/home/albert/umov_ws/install/arduino_controller:/home/albert/umov_ws/install/arduino_bringup:/home/albert/unav_ws/install/turtlebot3_fake_node:/home/albert/unav_ws/install/robot_bringup:/home/albert/unav_ws/install/nav2_robot_description:/home/albert/udem2_ws/install/robot_bringup:/home/albert/udem2_ws/install/my_robot_bringup:/home/albert/udem2_ws/install/lifecycle_cpp:/home/albert/udem2_ws/install/final_project_cpp:/home/albert/udem2_ws/install/actions_cpp:/home/albert/udem2_ws/install/robot_interfaces:/home/albert/udem2_ws/install/executors_cpp:/home/albert/udem2_ws/install/components_cpp:/home/albert/udem_ws/install/my_robot_bringup:/home/albert/udem_ws/install/my_cpp_pkg:/home/albert/udem_ws/install/my_robot_interfaces:/home/albert/udem_ws/install/my_robot_description:/home/albert/udem_ws/install/lifecycle_cpp:/home/albert/bcdc_ws/install/aggiebot_cpp:/home/albert/bcdc_ws/install/aggiebot_msgs:/home/albert/bcdc_ws/install/aggiebot_description:/home/albert/bcdc_ws/install/aggiebot_controller:/home/albert/bcdc_ws/install/aggiebot_bringup:/home/albert/bcdc_ws/install/aggiebot_arm_moveit:/home/albert/bcdc_ws/install/aggiebot_arm_description:/home/albert/bcdc_ws/install/aggiebot_arm_controller:/home/albert/bcdc_ws/install/agbot_setup_moveit:/home/albert/bcdc_ws/install/agbot_cpp:/home/albert/bcdc_ws/install/agbot_msgs:/home/albert/bcdc_ws/install/agbot_moveit:/home/albert/bcdc_ws/install/agbot_description:/home/albert/bcdc_ws/install/agbot_controller:/home/albert/bcdc_ws/install/agbot_bringup:/home/albert/bcdc_ws/install/agbot_arm_controller:/home/albert/arduinobot_ws/install/arduinobot_utils:/home/albert/arduinobot_ws/install/arduinobot_remote:/home/albert/arduinobot_ws/install/arduinobot_cpp_examples:/home/albert/arduinobot_ws/install/arduinobot_msgs:/home/albert/arduinobot_ws/install/arduinobot_moveit_setup:/home/albert/arduinobot_ws/install/arduinobot_moveit:/home/albert/arduinobot_ws/install/arduinobot_description:/home/albert/arduinobot_ws/install/arduinobot_controller:/home/albert/rad_ws/install/agbot_full_nav2:/home/albert/rad_ws/install/agbot_full_msgs:/home/albert/rad_ws/install/agbot_full_moveit_setup:/home/albert/rad_ws/install/agbot_full_moveit:/home/albert/rad_ws/install/agbot_full_description:/home/albert/rad_ws/install/agbot_full_cpp:/home/albert/rad_ws/install/agbot_full_controller:/home/albert/rad_ws/install/agbot_full_cartogropher:/home/albert/dev_ws/install/my_bot:/home/albert/ag_car_ws/install/car_nav2:/home/albert/ag_car_ws/install/car_description:/home/albert/ag_car_ws/install/car_controller:/home/albert/ag_car_ws/install/car_cartographer:/home/albert/ag_arm_ws/install/arm_py:/home/albert/ws_moveit2/install/moveit_configs_utils:/home/albert/ws_moveit2/install/launch_param_builder:/home/albert/umov_ws/install/arduino_py_examples:/home/albert/udem2_ws/install/actions_py:/home/albert/udem2_ws/install/lifecycle_py:/home/albert/udem2_ws/install/executors_py:/home/albert/udem2_ws/install/components_py:/home/albert/udem_ws/install/turtlesim_catcher:/home/albert/udem_ws/install/my_py_pkg:/home/albert/udem_ws/install/lifecycle_py:/home/albert/bcdc_ws/install/agbot_teleop:/home/albert/bcdc_ws/install/agbot_py:/home/albert/arduinobot_ws/install/arduinobot_py_examples:/opt/ros/humble LD_LIBRARY_PATH=/home/albert/ag_arm_ws/install/arm_msgs/lib:/home/albert/ag_arm_ws/install/arm_remote/lib:/home/albert/ws_moveit2/install/pilz_industrial_motion_planner_testutils/lib:/home/albert/ws_moveit2/install/pilz_industrial_motion_planner/lib:/home/albert/ws_moveit2/install/moveit_visual_tools/lib:/home/albert/ws_moveit2/install/moveit_task_constructor_visualization/lib:/home/albert/ws_moveit2/install/moveit_task_constructor_demo/lib:/home/albert/ws_moveit2/install/moveit_task_constructor_capabilities/lib:/home/albert/ws_moveit2/install/moveit_task_constructor_core/lib:/home/albert/ws_moveit2/install/moveit_ros_control_interface/lib:/home/albert/ws_moveit2/install/moveit_simple_controller_manager/lib:/home/albert/ws_moveit2/install/moveit_setup_assistant/lib:/home/albert/ws_moveit2/install/moveit_setup_srdf_plugins/lib:/home/albert/ws_moveit2/install/moveit_setup_core_plugins/lib:/home/albert/ws_moveit2/install/moveit_setup_controllers/lib:/home/albert/ws_moveit2/install/moveit_setup_app_plugins/lib:/home/albert/ws_moveit2/install/moveit_setup_framework/lib:/home/albert/ws_moveit2/install/moveit_servo/lib:/home/albert/ws_moveit2/install/moveit_ros_visualization/lib:/home/albert/ws_moveit2/install/moveit_hybrid_planning/lib:/home/albert/ws_moveit2/install/moveit_ros_planning_interface/lib:/home/albert/ws_moveit2/install/moveit_ros_benchmarks/lib:/home/albert/ws_moveit2/install/moveit_ros_warehouse/lib:/home/albert/ws_moveit2/install/moveit_ros_robot_interaction/lib:/home/albert/ws_moveit2/install/moveit_ros_perception/lib:/home/albert/ws_moveit2/install/moveit_ros_move_group/lib:/home/albert/ws_moveit2/install/moveit_planners_ompl/lib:/home/albert/ws_moveit2/install/moveit_ros_planning/lib:/home/albert/ws_moveit2/install/moveit_ros_occupancy_map_monitor/lib:/home/albert/ws_moveit2/install/moveit_resources_prbt_ikfast_manipulator_plugin/lib:/home/albert/ws_moveit2/install/moveit_planners_chomp/lib:/home/albert/ws_moveit2/install/moveit_kinematics/lib:/home/albert/ws_moveit2/install/moveit_chomp_optimizer_adapter/lib:/home/albert/ws_moveit2/install/chomp_motion_planner/lib:/home/albert/ws_moveit2/install/moveit_core/lib:/home/albert/ws_moveit2/install/srdfdom/lib:/home/albert/ws_moveit2/install/rviz_marker_tools/lib:/home/albert/ws_moveit2/install/rosparam_shortcuts/lib:/home/albert/ws_moveit2/install/moveit_task_constructor_msgs/lib:/home/albert/umov_ws/install/arduino_remote/lib:/home/albert/umov_ws/install/arduino_cpp_examples/lib:/home/albert/umov_ws/install/arduino_msgs/lib:/home/albert/umov_ws/install/arduino_controller/lib:/home/albert/udem2_ws/install/final_project_cpp/lib:/home/albert/udem2_ws/install/robot_interfaces/lib:/home/albert/udem2_ws/install/components_cpp/lib:/home/albert/udem_ws/install/my_robot_interfaces/lib:/home/albert/bcdc_ws/install/aggiebot_msgs/lib:/home/albert/bcdc_ws/install/agbot_msgs/lib:/home/albert/arduinobot_ws/install/arduinobot_remote/lib:/home/albert/arduinobot_ws/install/arduinobot_cpp_examples/lib:/home/albert/arduinobot_ws/install/arduinobot_msgs/lib:/usr/lib/x86_64-linux-gnu/gazebo-11/plugins:/opt/ros/humble/opt/rviz_ogre_vendor/lib:/opt/ros/humble/lib/x86_64-linux-gnu:/opt/ros/humble/lib:/usr/share/gazebo/../../lib/x86_64-linux-gnu/gazebo-11/plugins /home/albert/.local/bin/cmake --install /home/albert/ag_arm_ws/build/arm_cpp
[2.731s] Level 1:colcon.colcon_core.environment:checking '/home/albert/ag_arm_ws/install/arm_cpp' for CMake config files
[2.733s] Level 1:colcon.colcon_core.shell:create_environment_hook('arm_cpp', 'cmake_prefix_path')
[2.734s] INFO:colcon.colcon_core.shell:Creating environment hook '/home/albert/ag_arm_ws/install/arm_cpp/share/arm_cpp/hook/cmake_prefix_path.ps1'
[2.735s] INFO:colcon.colcon_core.shell:Creating environment descriptor '/home/albert/ag_arm_ws/install/arm_cpp/share/arm_cpp/hook/cmake_prefix_path.dsv'
[2.736s] INFO:colcon.colcon_core.shell:Creating environment hook '/home/albert/ag_arm_ws/install/arm_cpp/share/arm_cpp/hook/cmake_prefix_path.sh'
[2.737s] Level 1:colcon.colcon_core.environment:checking '/home/albert/ag_arm_ws/install/arm_cpp/lib'
[2.738s] Level 1:colcon.colcon_core.environment:checking '/home/albert/ag_arm_ws/install/arm_cpp/bin'
[2.738s] Level 1:colcon.colcon_core.environment:checking '/home/albert/ag_arm_ws/install/arm_cpp/lib/pkgconfig/arm_cpp.pc'
[2.738s] Level 1:colcon.colcon_core.environment:checking '/home/albert/ag_arm_ws/install/arm_cpp/lib/python3.10/site-packages'
[2.739s] Level 1:colcon.colcon_core.environment:checking '/home/albert/ag_arm_ws/install/arm_cpp/bin'
[2.740s] INFO:colcon.colcon_core.shell:Creating package script '/home/albert/ag_arm_ws/install/arm_cpp/share/arm_cpp/package.ps1'
[2.741s] INFO:colcon.colcon_core.shell:Creating package descriptor '/home/albert/ag_arm_ws/install/arm_cpp/share/arm_cpp/package.dsv'
[2.742s] INFO:colcon.colcon_core.shell:Creating package script '/home/albert/ag_arm_ws/install/arm_cpp/share/arm_cpp/package.sh'
[2.744s] INFO:colcon.colcon_core.shell:Creating package script '/home/albert/ag_arm_ws/install/arm_cpp/share/arm_cpp/package.bash'
[2.745s] INFO:colcon.colcon_core.shell:Creating package script '/home/albert/ag_arm_ws/install/arm_cpp/share/arm_cpp/package.zsh'
[2.746s] Level 1:colcon.colcon_core.environment:create_file_with_runtime_dependencies(/home/albert/ag_arm_ws/install/arm_cpp/share/colcon-core/packages/arm_cpp)
[2.747s] Level 1:colcon.colcon_core.environment:create_environment_scripts_only(arm_cpp)
[2.748s] Level 1:colcon.colcon_core.environment:checking '/home/albert/ag_arm_ws/install/arm_cpp' for CMake module files
[2.749s] Level 1:colcon.colcon_core.environment:checking '/home/albert/ag_arm_ws/install/arm_cpp' for CMake config files
[2.750s] Level 1:colcon.colcon_core.shell:create_environment_hook('arm_cpp', 'cmake_prefix_path')
[2.750s] INFO:colcon.colcon_core.shell:Creating environment hook '/home/albert/ag_arm_ws/install/arm_cpp/share/arm_cpp/hook/cmake_prefix_path.ps1'
[2.752s] INFO:colcon.colcon_core.shell:Creating environment descriptor '/home/albert/ag_arm_ws/install/arm_cpp/share/arm_cpp/hook/cmake_prefix_path.dsv'
[2.752s] INFO:colcon.colcon_core.shell:Creating environment hook '/home/albert/ag_arm_ws/install/arm_cpp/share/arm_cpp/hook/cmake_prefix_path.sh'
[2.754s] Level 1:colcon.colcon_core.environment:checking '/home/albert/ag_arm_ws/install/arm_cpp/lib'
[2.754s] Level 1:colcon.colcon_core.environment:checking '/home/albert/ag_arm_ws/install/arm_cpp/bin'
[2.754s] Level 1:colcon.colcon_core.environment:checking '/home/albert/ag_arm_ws/install/arm_cpp/lib/pkgconfig/arm_cpp.pc'
[2.755s] Level 1:colcon.colcon_core.environment:checking '/home/albert/ag_arm_ws/install/arm_cpp/lib/python3.10/site-packages'
[2.755s] Level 1:colcon.colcon_core.environment:checking '/home/albert/ag_arm_ws/install/arm_cpp/bin'
[2.756s] INFO:colcon.colcon_core.shell:Creating package script '/home/albert/ag_arm_ws/install/arm_cpp/share/arm_cpp/package.ps1'
[2.757s] INFO:colcon.colcon_core.shell:Creating package descriptor '/home/albert/ag_arm_ws/install/arm_cpp/share/arm_cpp/package.dsv'
[2.761s] INFO:colcon.colcon_core.shell:Creating package script '/home/albert/ag_arm_ws/install/arm_cpp/share/arm_cpp/package.sh'
[2.763s] INFO:colcon.colcon_core.shell:Creating package script '/home/albert/ag_arm_ws/install/arm_cpp/share/arm_cpp/package.bash'
[2.765s] INFO:colcon.colcon_core.shell:Creating package script '/home/albert/ag_arm_ws/install/arm_cpp/share/arm_cpp/package.zsh'
[2.766s] Level 1:colcon.colcon_core.environment:create_file_with_runtime_dependencies(/home/albert/ag_arm_ws/install/arm_cpp/share/colcon-core/packages/arm_cpp)
[2.851s] DEBUG:colcon.colcon_core.event_handler.log_command:Invoking command in '/home/albert/ag_arm_ws/src/arm_py': PYTHONPATH=/home/albert/ag_arm_ws/build/arm_py/prefix_override:/usr/lib/python3/dist-packages/colcon_core/task/python/colcon_distutils_commands:/home/albert/ag_arm_ws/install/arm_py/lib/python3.10/site-packages:${PYTHONPATH} /usr/bin/python3 -W ignore:setup.py install is deprecated -W ignore:easy_install command is deprecated setup.py egg_info --egg-base ../../build/arm_py build --build-base /home/albert/ag_arm_ws/build/arm_py/build install --record /home/albert/ag_arm_ws/build/arm_py/install.log --single-version-externally-managed install_data
[3.657s] Level 1:colcon.colcon_core.environment:checking '/home/albert/ag_arm_ws/install/arm_py' for CMake module files
[3.658s] DEBUG:colcon.colcon_core.event_handler.log_command:Invoked command in '/home/albert/ag_arm_ws/src/arm_py' returned '0': PYTHONPATH=/home/albert/ag_arm_ws/build/arm_py/prefix_override:/usr/lib/python3/dist-packages/colcon_core/task/python/colcon_distutils_commands:/home/albert/ag_arm_ws/install/arm_py/lib/python3.10/site-packages:${PYTHONPATH} /usr/bin/python3 -W ignore:setup.py install is deprecated -W ignore:easy_install command is deprecated setup.py egg_info --egg-base ../../build/arm_py build --build-base /home/albert/ag_arm_ws/build/arm_py/build install --record /home/albert/ag_arm_ws/build/arm_py/install.log --single-version-externally-managed install_data
[3.658s] Level 1:colcon.colcon_core.environment:checking '/home/albert/ag_arm_ws/install/arm_py' for CMake config files
[3.659s] Level 1:colcon.colcon_core.environment:checking '/home/albert/ag_arm_ws/install/arm_py/lib'
[3.659s] Level 1:colcon.colcon_core.environment:checking '/home/albert/ag_arm_ws/install/arm_py/bin'
[3.659s] Level 1:colcon.colcon_core.environment:checking '/home/albert/ag_arm_ws/install/arm_py/lib/pkgconfig/arm_py.pc'
[3.660s] Level 1:colcon.colcon_core.environment:checking '/home/albert/ag_arm_ws/install/arm_py/lib/python3.10/site-packages'
[3.660s] Level 1:colcon.colcon_core.shell:create_environment_hook('arm_py', 'pythonpath')
[3.660s] INFO:colcon.colcon_core.shell:Creating environment hook '/home/albert/ag_arm_ws/install/arm_py/share/arm_py/hook/pythonpath.ps1'
[3.661s] INFO:colcon.colcon_core.shell:Creating environment descriptor '/home/albert/ag_arm_ws/install/arm_py/share/arm_py/hook/pythonpath.dsv'
[3.662s] INFO:colcon.colcon_core.shell:Creating environment hook '/home/albert/ag_arm_ws/install/arm_py/share/arm_py/hook/pythonpath.sh'
[3.663s] Level 1:colcon.colcon_core.environment:checking '/home/albert/ag_arm_ws/install/arm_py/bin'
[3.663s] Level 1:colcon.colcon_core.environment:create_environment_scripts_only(arm_py)
[3.664s] INFO:colcon.colcon_core.shell:Creating package script '/home/albert/ag_arm_ws/install/arm_py/share/arm_py/package.ps1'
[3.665s] INFO:colcon.colcon_core.shell:Creating package descriptor '/home/albert/ag_arm_ws/install/arm_py/share/arm_py/package.dsv'
[3.666s] INFO:colcon.colcon_core.shell:Creating package script '/home/albert/ag_arm_ws/install/arm_py/share/arm_py/package.sh'
[3.667s] INFO:colcon.colcon_core.shell:Creating package script '/home/albert/ag_arm_ws/install/arm_py/share/arm_py/package.bash'
[3.667s] INFO:colcon.colcon_core.shell:Creating package script '/home/albert/ag_arm_ws/install/arm_py/share/arm_py/package.zsh'
[3.668s] Level 1:colcon.colcon_core.environment:create_file_with_runtime_dependencies(/home/albert/ag_arm_ws/install/arm_py/share/colcon-core/packages/arm_py)
[18.694s] DEBUG:colcon.colcon_core.event_handler.log_command:Invoked command in '/home/albert/ag_arm_ws/build/arm_remote' returned '0': CMAKE_PREFIX_PATH=/home/albert/ag_arm_ws/install/arm_msgs:/home/albert/ag_arm_ws/install/arm_moveit:/home/albert/ag_arm_ws/install/arm_setup_moveit:/home/albert/ag_arm_ws/install/arm_remote:/home/albert/ag_arm_ws/install/arm_cpp:/home/albert/ag_arm_ws/install/arm_description:/home/albert/ag_arm_ws/install/arm_controller:/home/albert/ag_arm_ws/install/arm_bringup:/home/albert/ws_moveit2/install/pilz_industrial_motion_planner_testutils:/home/albert/ws_moveit2/install/moveit_runtime:/home/albert/ws_moveit2/install/moveit2_tutorials:/home/albert/ws_moveit2/install/moveit:/home/albert/ws_moveit2/install/moveit_planners:/home/albert/ws_moveit2/install/pilz_industrial_motion_planner:/home/albert/ws_moveit2/install/moveit_visual_tools:/home/albert/ws_moveit2/install/moveit_task_constructor_visualization:/home/albert/ws_moveit2/install/moveit_task_constructor_demo:/home/albert/ws_moveit2/install/moveit_task_constructor_capabilities:/home/albert/ws_moveit2/install/moveit_task_constructor_core:/home/albert/ws_moveit2/install/moveit_ros_control_interface:/home/albert/ws_moveit2/install/moveit_plugins:/home/albert/ws_moveit2/install/moveit_simple_controller_manager:/home/albert/ws_moveit2/install/moveit_setup_assistant:/home/albert/ws_moveit2/install/moveit_setup_srdf_plugins:/home/albert/ws_moveit2/install/moveit_setup_core_plugins:/home/albert/ws_moveit2/install/moveit_setup_controllers:/home/albert/ws_moveit2/install/moveit_setup_app_plugins:/home/albert/ws_moveit2/install/moveit_setup_framework:/home/albert/ws_moveit2/install/moveit_servo:/home/albert/ws_moveit2/install/moveit_ros:/home/albert/ws_moveit2/install/moveit_ros_visualization:/home/albert/ws_moveit2/install/moveit_hybrid_planning:/home/albert/ws_moveit2/install/moveit_ros_planning_interface:/home/albert/ws_moveit2/install/moveit_ros_benchmarks:/home/albert/ws_moveit2/install/moveit_ros_warehouse:/home/albert/ws_moveit2/install/moveit_ros_robot_interaction:/home/albert/ws_moveit2/install/moveit_ros_perception:/home/albert/ws_moveit2/install/moveit_resources_prbt_pg70_support:/home/albert/ws_moveit2/install/moveit_resources_prbt_moveit_config:/home/albert/ws_moveit2/install/moveit_ros_move_group:/home/albert/ws_moveit2/install/moveit_planners_ompl:/home/albert/ws_moveit2/install/moveit_ros_planning:/home/albert/ws_moveit2/install/moveit_ros_occupancy_map_monitor:/home/albert/ws_moveit2/install/moveit_resources_prbt_ikfast_manipulator_plugin:/home/albert/ws_moveit2/install/moveit_planners_chomp:/home/albert/ws_moveit2/install/moveit_kinematics:/home/albert/ws_moveit2/install/moveit_chomp_optimizer_adapter:/home/albert/ws_moveit2/install/chomp_motion_planner:/home/albert/ws_moveit2/install/moveit_core:/home/albert/ws_moveit2/install/srdfdom:/home/albert/ws_moveit2/install/rviz_marker_tools:/home/albert/ws_moveit2/install/rosparam_shortcuts:/home/albert/ws_moveit2/install/moveit_task_constructor_msgs:/home/albert/ws_moveit2/install/moveit_resources_prbt_support:/home/albert/ws_moveit2/install/moveit_resources:/home/albert/ws_moveit2/install/moveit_resources_pr2_description:/home/albert/ws_moveit2/install/moveit_resources_panda_moveit_config:/home/albert/ws_moveit2/install/moveit_resources_panda_description:/home/albert/ws_moveit2/install/moveit_resources_fanuc_moveit_config:/home/albert/ws_moveit2/install/moveit_resources_fanuc_description:/home/albert/ws_moveit2/install/moveit_common:/home/albert/umov_ws/install/moveitassistant:/home/albert/umov_ws/install/description:/home/albert/umov_ws/install/arduino_utils:/home/albert/umov_ws/install/arduino_remote:/home/albert/umov_ws/install/arduino_cpp_examples:/home/albert/umov_ws/install/arduino_msgs:/home/albert/umov_ws/install/arduino_moveit:/home/albert/umov_ws/install/arduino_firmware:/home/albert/umov_ws/install/arduino_controller:/home/albert/umov_ws/install/arduino_bringup:/home/albert/unav_ws/install/turtlebot3_fake_node:/home/albert/unav_ws/install/robot_bringup:/home/albert/unav_ws/install/nav2_robot_description:/home/albert/udem2_ws/install/robot_bringup:/home/albert/udem2_ws/install/my_robot_bringup:/home/albert/udem2_ws/install/lifecycle_cpp:/home/albert/udem2_ws/install/final_project_cpp:/home/albert/udem2_ws/install/actions_cpp:/home/albert/udem2_ws/install/robot_interfaces:/home/albert/udem2_ws/install/executors_cpp:/home/albert/udem2_ws/install/components_cpp:/home/albert/udem_ws/install/my_robot_bringup:/home/albert/udem_ws/install/my_cpp_pkg:/home/albert/udem_ws/install/my_robot_interfaces:/home/albert/udem_ws/install/my_robot_description:/home/albert/udem_ws/install/lifecycle_cpp:/home/albert/bcdc_ws/install/aggiebot_cpp:/home/albert/bcdc_ws/install/aggiebot_msgs:/home/albert/bcdc_ws/install/aggiebot_description:/home/albert/bcdc_ws/install/aggiebot_controller:/home/albert/bcdc_ws/install/aggiebot_bringup:/home/albert/bcdc_ws/install/aggiebot_arm_moveit:/home/albert/bcdc_ws/install/aggiebot_arm_description:/home/albert/bcdc_ws/install/aggiebot_arm_controller:/home/albert/bcdc_ws/install/agbot_setup_moveit:/home/albert/bcdc_ws/install/agbot_cpp:/home/albert/bcdc_ws/install/agbot_msgs:/home/albert/bcdc_ws/install/agbot_moveit:/home/albert/bcdc_ws/install/agbot_description:/home/albert/bcdc_ws/install/agbot_controller:/home/albert/bcdc_ws/install/agbot_bringup:/home/albert/bcdc_ws/install/agbot_arm_controller:/home/albert/arduinobot_ws/install/arduinobot_utils:/home/albert/arduinobot_ws/install/arduinobot_remote:/home/albert/arduinobot_ws/install/arduinobot_cpp_examples:/home/albert/arduinobot_ws/install/arduinobot_msgs:/home/albert/arduinobot_ws/install/arduinobot_moveit_setup:/home/albert/arduinobot_ws/install/arduinobot_moveit:/home/albert/arduinobot_ws/install/arduinobot_description:/home/albert/arduinobot_ws/install/arduinobot_controller:/home/albert/rad_ws/install/agbot_full_nav2:/home/albert/rad_ws/install/agbot_full_msgs:/home/albert/rad_ws/install/agbot_full_moveit_setup:/home/albert/rad_ws/install/agbot_full_moveit:/home/albert/rad_ws/install/agbot_full_description:/home/albert/rad_ws/install/agbot_full_cpp:/home/albert/rad_ws/install/agbot_full_controller:/home/albert/rad_ws/install/agbot_full_cartogropher:/home/albert/dev_ws/install/my_bot:/home/albert/ag_car_ws/install/car_nav2:/home/albert/ag_car_ws/install/car_description:/home/albert/ag_car_ws/install/car_controller:/home/albert/ag_car_ws/install/car_cartographer:/home/albert/ag_arm_ws/install/arm_py:/home/albert/ws_moveit2/install/moveit_configs_utils:/home/albert/ws_moveit2/install/launch_param_builder:/home/albert/umov_ws/install/arduino_py_examples:/home/albert/udem2_ws/install/actions_py:/home/albert/udem2_ws/install/lifecycle_py:/home/albert/udem2_ws/install/executors_py:/home/albert/udem2_ws/install/components_py:/home/albert/udem_ws/install/turtlesim_catcher:/home/albert/udem_ws/install/my_py_pkg:/home/albert/udem_ws/install/lifecycle_py:/home/albert/bcdc_ws/install/agbot_teleop:/home/albert/bcdc_ws/install/agbot_py:/home/albert/arduinobot_ws/install/arduinobot_py_examples:/opt/ros/humble LD_LIBRARY_PATH=/home/albert/ag_arm_ws/install/arm_msgs/lib:/home/albert/ag_arm_ws/install/arm_remote/lib:/home/albert/ws_moveit2/install/pilz_industrial_motion_planner_testutils/lib:/home/albert/ws_moveit2/install/pilz_industrial_motion_planner/lib:/home/albert/ws_moveit2/install/moveit_visual_tools/lib:/home/albert/ws_moveit2/install/moveit_task_constructor_visualization/lib:/home/albert/ws_moveit2/install/moveit_task_constructor_demo/lib:/home/albert/ws_moveit2/install/moveit_task_constructor_capabilities/lib:/home/albert/ws_moveit2/install/moveit_task_constructor_core/lib:/home/albert/ws_moveit2/install/moveit_ros_control_interface/lib:/home/albert/ws_moveit2/install/moveit_simple_controller_manager/lib:/home/albert/ws_moveit2/install/moveit_setup_assistant/lib:/home/albert/ws_moveit2/install/moveit_setup_srdf_plugins/lib:/home/albert/ws_moveit2/install/moveit_setup_core_plugins/lib:/home/albert/ws_moveit2/install/moveit_setup_controllers/lib:/home/albert/ws_moveit2/install/moveit_setup_app_plugins/lib:/home/albert/ws_moveit2/install/moveit_setup_framework/lib:/home/albert/ws_moveit2/install/moveit_servo/lib:/home/albert/ws_moveit2/install/moveit_ros_visualization/lib:/home/albert/ws_moveit2/install/moveit_hybrid_planning/lib:/home/albert/ws_moveit2/install/moveit_ros_planning_interface/lib:/home/albert/ws_moveit2/install/moveit_ros_benchmarks/lib:/home/albert/ws_moveit2/install/moveit_ros_warehouse/lib:/home/albert/ws_moveit2/install/moveit_ros_robot_interaction/lib:/home/albert/ws_moveit2/install/moveit_ros_perception/lib:/home/albert/ws_moveit2/install/moveit_ros_move_group/lib:/home/albert/ws_moveit2/install/moveit_planners_ompl/lib:/home/albert/ws_moveit2/install/moveit_ros_planning/lib:/home/albert/ws_moveit2/install/moveit_ros_occupancy_map_monitor/lib:/home/albert/ws_moveit2/install/moveit_resources_prbt_ikfast_manipulator_plugin/lib:/home/albert/ws_moveit2/install/moveit_planners_chomp/lib:/home/albert/ws_moveit2/install/moveit_kinematics/lib:/home/albert/ws_moveit2/install/moveit_chomp_optimizer_adapter/lib:/home/albert/ws_moveit2/install/chomp_motion_planner/lib:/home/albert/ws_moveit2/install/moveit_core/lib:/home/albert/ws_moveit2/install/srdfdom/lib:/home/albert/ws_moveit2/install/rviz_marker_tools/lib:/home/albert/ws_moveit2/install/rosparam_shortcuts/lib:/home/albert/ws_moveit2/install/moveit_task_constructor_msgs/lib:/home/albert/umov_ws/install/arduino_remote/lib:/home/albert/umov_ws/install/arduino_cpp_examples/lib:/home/albert/umov_ws/install/arduino_msgs/lib:/home/albert/umov_ws/install/arduino_controller/lib:/home/albert/udem2_ws/install/final_project_cpp/lib:/home/albert/udem2_ws/install/robot_interfaces/lib:/home/albert/udem2_ws/install/components_cpp/lib:/home/albert/udem_ws/install/my_robot_interfaces/lib:/home/albert/bcdc_ws/install/aggiebot_msgs/lib:/home/albert/bcdc_ws/install/agbot_msgs/lib:/home/albert/arduinobot_ws/install/arduinobot_remote/lib:/home/albert/arduinobot_ws/install/arduinobot_cpp_examples/lib:/home/albert/arduinobot_ws/install/arduinobot_msgs/lib:/usr/lib/x86_64-linux-gnu/gazebo-11/plugins:/opt/ros/humble/opt/rviz_ogre_vendor/lib:/opt/ros/humble/lib/x86_64-linux-gnu:/opt/ros/humble/lib:/usr/share/gazebo/../../lib/x86_64-linux-gnu/gazebo-11/plugins /home/albert/.local/bin/cmake --build /home/albert/ag_arm_ws/build/arm_remote -- -j8 -l8
[18.698s] DEBUG:colcon.colcon_core.event_handler.log_command:Invoking command in '/home/albert/ag_arm_ws/build/arm_remote': CMAKE_PREFIX_PATH=/home/albert/ag_arm_ws/install/arm_msgs:/home/albert/ag_arm_ws/install/arm_moveit:/home/albert/ag_arm_ws/install/arm_setup_moveit:/home/albert/ag_arm_ws/install/arm_remote:/home/albert/ag_arm_ws/install/arm_cpp:/home/albert/ag_arm_ws/install/arm_description:/home/albert/ag_arm_ws/install/arm_controller:/home/albert/ag_arm_ws/install/arm_bringup:/home/albert/ws_moveit2/install/pilz_industrial_motion_planner_testutils:/home/albert/ws_moveit2/install/moveit_runtime:/home/albert/ws_moveit2/install/moveit2_tutorials:/home/albert/ws_moveit2/install/moveit:/home/albert/ws_moveit2/install/moveit_planners:/home/albert/ws_moveit2/install/pilz_industrial_motion_planner:/home/albert/ws_moveit2/install/moveit_visual_tools:/home/albert/ws_moveit2/install/moveit_task_constructor_visualization:/home/albert/ws_moveit2/install/moveit_task_constructor_demo:/home/albert/ws_moveit2/install/moveit_task_constructor_capabilities:/home/albert/ws_moveit2/install/moveit_task_constructor_core:/home/albert/ws_moveit2/install/moveit_ros_control_interface:/home/albert/ws_moveit2/install/moveit_plugins:/home/albert/ws_moveit2/install/moveit_simple_controller_manager:/home/albert/ws_moveit2/install/moveit_setup_assistant:/home/albert/ws_moveit2/install/moveit_setup_srdf_plugins:/home/albert/ws_moveit2/install/moveit_setup_core_plugins:/home/albert/ws_moveit2/install/moveit_setup_controllers:/home/albert/ws_moveit2/install/moveit_setup_app_plugins:/home/albert/ws_moveit2/install/moveit_setup_framework:/home/albert/ws_moveit2/install/moveit_servo:/home/albert/ws_moveit2/install/moveit_ros:/home/albert/ws_moveit2/install/moveit_ros_visualization:/home/albert/ws_moveit2/install/moveit_hybrid_planning:/home/albert/ws_moveit2/install/moveit_ros_planning_interface:/home/albert/ws_moveit2/install/moveit_ros_benchmarks:/home/albert/ws_moveit2/install/moveit_ros_warehouse:/home/albert/ws_moveit2/install/moveit_ros_robot_interaction:/home/albert/ws_moveit2/install/moveit_ros_perception:/home/albert/ws_moveit2/install/moveit_resources_prbt_pg70_support:/home/albert/ws_moveit2/install/moveit_resources_prbt_moveit_config:/home/albert/ws_moveit2/install/moveit_ros_move_group:/home/albert/ws_moveit2/install/moveit_planners_ompl:/home/albert/ws_moveit2/install/moveit_ros_planning:/home/albert/ws_moveit2/install/moveit_ros_occupancy_map_monitor:/home/albert/ws_moveit2/install/moveit_resources_prbt_ikfast_manipulator_plugin:/home/albert/ws_moveit2/install/moveit_planners_chomp:/home/albert/ws_moveit2/install/moveit_kinematics:/home/albert/ws_moveit2/install/moveit_chomp_optimizer_adapter:/home/albert/ws_moveit2/install/chomp_motion_planner:/home/albert/ws_moveit2/install/moveit_core:/home/albert/ws_moveit2/install/srdfdom:/home/albert/ws_moveit2/install/rviz_marker_tools:/home/albert/ws_moveit2/install/rosparam_shortcuts:/home/albert/ws_moveit2/install/moveit_task_constructor_msgs:/home/albert/ws_moveit2/install/moveit_resources_prbt_support:/home/albert/ws_moveit2/install/moveit_resources:/home/albert/ws_moveit2/install/moveit_resources_pr2_description:/home/albert/ws_moveit2/install/moveit_resources_panda_moveit_config:/home/albert/ws_moveit2/install/moveit_resources_panda_description:/home/albert/ws_moveit2/install/moveit_resources_fanuc_moveit_config:/home/albert/ws_moveit2/install/moveit_resources_fanuc_description:/home/albert/ws_moveit2/install/moveit_common:/home/albert/umov_ws/install/moveitassistant:/home/albert/umov_ws/install/description:/home/albert/umov_ws/install/arduino_utils:/home/albert/umov_ws/install/arduino_remote:/home/albert/umov_ws/install/arduino_cpp_examples:/home/albert/umov_ws/install/arduino_msgs:/home/albert/umov_ws/install/arduino_moveit:/home/albert/umov_ws/install/arduino_firmware:/home/albert/umov_ws/install/arduino_controller:/home/albert/umov_ws/install/arduino_bringup:/home/albert/unav_ws/install/turtlebot3_fake_node:/home/albert/unav_ws/install/robot_bringup:/home/albert/unav_ws/install/nav2_robot_description:/home/albert/udem2_ws/install/robot_bringup:/home/albert/udem2_ws/install/my_robot_bringup:/home/albert/udem2_ws/install/lifecycle_cpp:/home/albert/udem2_ws/install/final_project_cpp:/home/albert/udem2_ws/install/actions_cpp:/home/albert/udem2_ws/install/robot_interfaces:/home/albert/udem2_ws/install/executors_cpp:/home/albert/udem2_ws/install/components_cpp:/home/albert/udem_ws/install/my_robot_bringup:/home/albert/udem_ws/install/my_cpp_pkg:/home/albert/udem_ws/install/my_robot_interfaces:/home/albert/udem_ws/install/my_robot_description:/home/albert/udem_ws/install/lifecycle_cpp:/home/albert/bcdc_ws/install/aggiebot_cpp:/home/albert/bcdc_ws/install/aggiebot_msgs:/home/albert/bcdc_ws/install/aggiebot_description:/home/albert/bcdc_ws/install/aggiebot_controller:/home/albert/bcdc_ws/install/aggiebot_bringup:/home/albert/bcdc_ws/install/aggiebot_arm_moveit:/home/albert/bcdc_ws/install/aggiebot_arm_description:/home/albert/bcdc_ws/install/aggiebot_arm_controller:/home/albert/bcdc_ws/install/agbot_setup_moveit:/home/albert/bcdc_ws/install/agbot_cpp:/home/albert/bcdc_ws/install/agbot_msgs:/home/albert/bcdc_ws/install/agbot_moveit:/home/albert/bcdc_ws/install/agbot_description:/home/albert/bcdc_ws/install/agbot_controller:/home/albert/bcdc_ws/install/agbot_bringup:/home/albert/bcdc_ws/install/agbot_arm_controller:/home/albert/arduinobot_ws/install/arduinobot_utils:/home/albert/arduinobot_ws/install/arduinobot_remote:/home/albert/arduinobot_ws/install/arduinobot_cpp_examples:/home/albert/arduinobot_ws/install/arduinobot_msgs:/home/albert/arduinobot_ws/install/arduinobot_moveit_setup:/home/albert/arduinobot_ws/install/arduinobot_moveit:/home/albert/arduinobot_ws/install/arduinobot_description:/home/albert/arduinobot_ws/install/arduinobot_controller:/home/albert/rad_ws/install/agbot_full_nav2:/home/albert/rad_ws/install/agbot_full_msgs:/home/albert/rad_ws/install/agbot_full_moveit_setup:/home/albert/rad_ws/install/agbot_full_moveit:/home/albert/rad_ws/install/agbot_full_description:/home/albert/rad_ws/install/agbot_full_cpp:/home/albert/rad_ws/install/agbot_full_controller:/home/albert/rad_ws/install/agbot_full_cartogropher:/home/albert/dev_ws/install/my_bot:/home/albert/ag_car_ws/install/car_nav2:/home/albert/ag_car_ws/install/car_description:/home/albert/ag_car_ws/install/car_controller:/home/albert/ag_car_ws/install/car_cartographer:/home/albert/ag_arm_ws/install/arm_py:/home/albert/ws_moveit2/install/moveit_configs_utils:/home/albert/ws_moveit2/install/launch_param_builder:/home/albert/umov_ws/install/arduino_py_examples:/home/albert/udem2_ws/install/actions_py:/home/albert/udem2_ws/install/lifecycle_py:/home/albert/udem2_ws/install/executors_py:/home/albert/udem2_ws/install/components_py:/home/albert/udem_ws/install/turtlesim_catcher:/home/albert/udem_ws/install/my_py_pkg:/home/albert/udem_ws/install/lifecycle_py:/home/albert/bcdc_ws/install/agbot_teleop:/home/albert/bcdc_ws/install/agbot_py:/home/albert/arduinobot_ws/install/arduinobot_py_examples:/opt/ros/humble LD_LIBRARY_PATH=/home/albert/ag_arm_ws/install/arm_msgs/lib:/home/albert/ag_arm_ws/install/arm_remote/lib:/home/albert/ws_moveit2/install/pilz_industrial_motion_planner_testutils/lib:/home/albert/ws_moveit2/install/pilz_industrial_motion_planner/lib:/home/albert/ws_moveit2/install/moveit_visual_tools/lib:/home/albert/ws_moveit2/install/moveit_task_constructor_visualization/lib:/home/albert/ws_moveit2/install/moveit_task_constructor_demo/lib:/home/albert/ws_moveit2/install/moveit_task_constructor_capabilities/lib:/home/albert/ws_moveit2/install/moveit_task_constructor_core/lib:/home/albert/ws_moveit2/install/moveit_ros_control_interface/lib:/home/albert/ws_moveit2/install/moveit_simple_controller_manager/lib:/home/albert/ws_moveit2/install/moveit_setup_assistant/lib:/home/albert/ws_moveit2/install/moveit_setup_srdf_plugins/lib:/home/albert/ws_moveit2/install/moveit_setup_core_plugins/lib:/home/albert/ws_moveit2/install/moveit_setup_controllers/lib:/home/albert/ws_moveit2/install/moveit_setup_app_plugins/lib:/home/albert/ws_moveit2/install/moveit_setup_framework/lib:/home/albert/ws_moveit2/install/moveit_servo/lib:/home/albert/ws_moveit2/install/moveit_ros_visualization/lib:/home/albert/ws_moveit2/install/moveit_hybrid_planning/lib:/home/albert/ws_moveit2/install/moveit_ros_planning_interface/lib:/home/albert/ws_moveit2/install/moveit_ros_benchmarks/lib:/home/albert/ws_moveit2/install/moveit_ros_warehouse/lib:/home/albert/ws_moveit2/install/moveit_ros_robot_interaction/lib:/home/albert/ws_moveit2/install/moveit_ros_perception/lib:/home/albert/ws_moveit2/install/moveit_ros_move_group/lib:/home/albert/ws_moveit2/install/moveit_planners_ompl/lib:/home/albert/ws_moveit2/install/moveit_ros_planning/lib:/home/albert/ws_moveit2/install/moveit_ros_occupancy_map_monitor/lib:/home/albert/ws_moveit2/install/moveit_resources_prbt_ikfast_manipulator_plugin/lib:/home/albert/ws_moveit2/install/moveit_planners_chomp/lib:/home/albert/ws_moveit2/install/moveit_kinematics/lib:/home/albert/ws_moveit2/install/moveit_chomp_optimizer_adapter/lib:/home/albert/ws_moveit2/install/chomp_motion_planner/lib:/home/albert/ws_moveit2/install/moveit_core/lib:/home/albert/ws_moveit2/install/srdfdom/lib:/home/albert/ws_moveit2/install/rviz_marker_tools/lib:/home/albert/ws_moveit2/install/rosparam_shortcuts/lib:/home/albert/ws_moveit2/install/moveit_task_constructor_msgs/lib:/home/albert/umov_ws/install/arduino_remote/lib:/home/albert/umov_ws/install/arduino_cpp_examples/lib:/home/albert/umov_ws/install/arduino_msgs/lib:/home/albert/umov_ws/install/arduino_controller/lib:/home/albert/udem2_ws/install/final_project_cpp/lib:/home/albert/udem2_ws/install/robot_interfaces/lib:/home/albert/udem2_ws/install/components_cpp/lib:/home/albert/udem_ws/install/my_robot_interfaces/lib:/home/albert/bcdc_ws/install/aggiebot_msgs/lib:/home/albert/bcdc_ws/install/agbot_msgs/lib:/home/albert/arduinobot_ws/install/arduinobot_remote/lib:/home/albert/arduinobot_ws/install/arduinobot_cpp_examples/lib:/home/albert/arduinobot_ws/install/arduinobot_msgs/lib:/usr/lib/x86_64-linux-gnu/gazebo-11/plugins:/opt/ros/humble/opt/rviz_ogre_vendor/lib:/opt/ros/humble/lib/x86_64-linux-gnu:/opt/ros/humble/lib:/usr/share/gazebo/../../lib/x86_64-linux-gnu/gazebo-11/plugins /home/albert/.local/bin/cmake --install /home/albert/ag_arm_ws/build/arm_remote
[18.851s] Level 1:colcon.colcon_core.environment:create_environment_scripts_only(arm_remote)
[18.852s] Level 1:colcon.colcon_core.environment:checking '/home/albert/ag_arm_ws/install/arm_remote' for CMake module files
[18.855s] DEBUG:colcon.colcon_core.event_handler.log_command:Invoked command in '/home/albert/ag_arm_ws/build/arm_remote' returned '0': CMAKE_PREFIX_PATH=/home/albert/ag_arm_ws/install/arm_msgs:/home/albert/ag_arm_ws/install/arm_moveit:/home/albert/ag_arm_ws/install/arm_setup_moveit:/home/albert/ag_arm_ws/install/arm_remote:/home/albert/ag_arm_ws/install/arm_cpp:/home/albert/ag_arm_ws/install/arm_description:/home/albert/ag_arm_ws/install/arm_controller:/home/albert/ag_arm_ws/install/arm_bringup:/home/albert/ws_moveit2/install/pilz_industrial_motion_planner_testutils:/home/albert/ws_moveit2/install/moveit_runtime:/home/albert/ws_moveit2/install/moveit2_tutorials:/home/albert/ws_moveit2/install/moveit:/home/albert/ws_moveit2/install/moveit_planners:/home/albert/ws_moveit2/install/pilz_industrial_motion_planner:/home/albert/ws_moveit2/install/moveit_visual_tools:/home/albert/ws_moveit2/install/moveit_task_constructor_visualization:/home/albert/ws_moveit2/install/moveit_task_constructor_demo:/home/albert/ws_moveit2/install/moveit_task_constructor_capabilities:/home/albert/ws_moveit2/install/moveit_task_constructor_core:/home/albert/ws_moveit2/install/moveit_ros_control_interface:/home/albert/ws_moveit2/install/moveit_plugins:/home/albert/ws_moveit2/install/moveit_simple_controller_manager:/home/albert/ws_moveit2/install/moveit_setup_assistant:/home/albert/ws_moveit2/install/moveit_setup_srdf_plugins:/home/albert/ws_moveit2/install/moveit_setup_core_plugins:/home/albert/ws_moveit2/install/moveit_setup_controllers:/home/albert/ws_moveit2/install/moveit_setup_app_plugins:/home/albert/ws_moveit2/install/moveit_setup_framework:/home/albert/ws_moveit2/install/moveit_servo:/home/albert/ws_moveit2/install/moveit_ros:/home/albert/ws_moveit2/install/moveit_ros_visualization:/home/albert/ws_moveit2/install/moveit_hybrid_planning:/home/albert/ws_moveit2/install/moveit_ros_planning_interface:/home/albert/ws_moveit2/install/moveit_ros_benchmarks:/home/albert/ws_moveit2/install/moveit_ros_warehouse:/home/albert/ws_moveit2/install/moveit_ros_robot_interaction:/home/albert/ws_moveit2/install/moveit_ros_perception:/home/albert/ws_moveit2/install/moveit_resources_prbt_pg70_support:/home/albert/ws_moveit2/install/moveit_resources_prbt_moveit_config:/home/albert/ws_moveit2/install/moveit_ros_move_group:/home/albert/ws_moveit2/install/moveit_planners_ompl:/home/albert/ws_moveit2/install/moveit_ros_planning:/home/albert/ws_moveit2/install/moveit_ros_occupancy_map_monitor:/home/albert/ws_moveit2/install/moveit_resources_prbt_ikfast_manipulator_plugin:/home/albert/ws_moveit2/install/moveit_planners_chomp:/home/albert/ws_moveit2/install/moveit_kinematics:/home/albert/ws_moveit2/install/moveit_chomp_optimizer_adapter:/home/albert/ws_moveit2/install/chomp_motion_planner:/home/albert/ws_moveit2/install/moveit_core:/home/albert/ws_moveit2/install/srdfdom:/home/albert/ws_moveit2/install/rviz_marker_tools:/home/albert/ws_moveit2/install/rosparam_shortcuts:/home/albert/ws_moveit2/install/moveit_task_constructor_msgs:/home/albert/ws_moveit2/install/moveit_resources_prbt_support:/home/albert/ws_moveit2/install/moveit_resources:/home/albert/ws_moveit2/install/moveit_resources_pr2_description:/home/albert/ws_moveit2/install/moveit_resources_panda_moveit_config:/home/albert/ws_moveit2/install/moveit_resources_panda_description:/home/albert/ws_moveit2/install/moveit_resources_fanuc_moveit_config:/home/albert/ws_moveit2/install/moveit_resources_fanuc_description:/home/albert/ws_moveit2/install/moveit_common:/home/albert/umov_ws/install/moveitassistant:/home/albert/umov_ws/install/description:/home/albert/umov_ws/install/arduino_utils:/home/albert/umov_ws/install/arduino_remote:/home/albert/umov_ws/install/arduino_cpp_examples:/home/albert/umov_ws/install/arduino_msgs:/home/albert/umov_ws/install/arduino_moveit:/home/albert/umov_ws/install/arduino_firmware:/home/albert/umov_ws/install/arduino_controller:/home/albert/umov_ws/install/arduino_bringup:/home/albert/unav_ws/install/turtlebot3_fake_node:/home/albert/unav_ws/install/robot_bringup:/home/albert/unav_ws/install/nav2_robot_description:/home/albert/udem2_ws/install/robot_bringup:/home/albert/udem2_ws/install/my_robot_bringup:/home/albert/udem2_ws/install/lifecycle_cpp:/home/albert/udem2_ws/install/final_project_cpp:/home/albert/udem2_ws/install/actions_cpp:/home/albert/udem2_ws/install/robot_interfaces:/home/albert/udem2_ws/install/executors_cpp:/home/albert/udem2_ws/install/components_cpp:/home/albert/udem_ws/install/my_robot_bringup:/home/albert/udem_ws/install/my_cpp_pkg:/home/albert/udem_ws/install/my_robot_interfaces:/home/albert/udem_ws/install/my_robot_description:/home/albert/udem_ws/install/lifecycle_cpp:/home/albert/bcdc_ws/install/aggiebot_cpp:/home/albert/bcdc_ws/install/aggiebot_msgs:/home/albert/bcdc_ws/install/aggiebot_description:/home/albert/bcdc_ws/install/aggiebot_controller:/home/albert/bcdc_ws/install/aggiebot_bringup:/home/albert/bcdc_ws/install/aggiebot_arm_moveit:/home/albert/bcdc_ws/install/aggiebot_arm_description:/home/albert/bcdc_ws/install/aggiebot_arm_controller:/home/albert/bcdc_ws/install/agbot_setup_moveit:/home/albert/bcdc_ws/install/agbot_cpp:/home/albert/bcdc_ws/install/agbot_msgs:/home/albert/bcdc_ws/install/agbot_moveit:/home/albert/bcdc_ws/install/agbot_description:/home/albert/bcdc_ws/install/agbot_controller:/home/albert/bcdc_ws/install/agbot_bringup:/home/albert/bcdc_ws/install/agbot_arm_controller:/home/albert/arduinobot_ws/install/arduinobot_utils:/home/albert/arduinobot_ws/install/arduinobot_remote:/home/albert/arduinobot_ws/install/arduinobot_cpp_examples:/home/albert/arduinobot_ws/install/arduinobot_msgs:/home/albert/arduinobot_ws/install/arduinobot_moveit_setup:/home/albert/arduinobot_ws/install/arduinobot_moveit:/home/albert/arduinobot_ws/install/arduinobot_description:/home/albert/arduinobot_ws/install/arduinobot_controller:/home/albert/rad_ws/install/agbot_full_nav2:/home/albert/rad_ws/install/agbot_full_msgs:/home/albert/rad_ws/install/agbot_full_moveit_setup:/home/albert/rad_ws/install/agbot_full_moveit:/home/albert/rad_ws/install/agbot_full_description:/home/albert/rad_ws/install/agbot_full_cpp:/home/albert/rad_ws/install/agbot_full_controller:/home/albert/rad_ws/install/agbot_full_cartogropher:/home/albert/dev_ws/install/my_bot:/home/albert/ag_car_ws/install/car_nav2:/home/albert/ag_car_ws/install/car_description:/home/albert/ag_car_ws/install/car_controller:/home/albert/ag_car_ws/install/car_cartographer:/home/albert/ag_arm_ws/install/arm_py:/home/albert/ws_moveit2/install/moveit_configs_utils:/home/albert/ws_moveit2/install/launch_param_builder:/home/albert/umov_ws/install/arduino_py_examples:/home/albert/udem2_ws/install/actions_py:/home/albert/udem2_ws/install/lifecycle_py:/home/albert/udem2_ws/install/executors_py:/home/albert/udem2_ws/install/components_py:/home/albert/udem_ws/install/turtlesim_catcher:/home/albert/udem_ws/install/my_py_pkg:/home/albert/udem_ws/install/lifecycle_py:/home/albert/bcdc_ws/install/agbot_teleop:/home/albert/bcdc_ws/install/agbot_py:/home/albert/arduinobot_ws/install/arduinobot_py_examples:/opt/ros/humble LD_LIBRARY_PATH=/home/albert/ag_arm_ws/install/arm_msgs/lib:/home/albert/ag_arm_ws/install/arm_remote/lib:/home/albert/ws_moveit2/install/pilz_industrial_motion_planner_testutils/lib:/home/albert/ws_moveit2/install/pilz_industrial_motion_planner/lib:/home/albert/ws_moveit2/install/moveit_visual_tools/lib:/home/albert/ws_moveit2/install/moveit_task_constructor_visualization/lib:/home/albert/ws_moveit2/install/moveit_task_constructor_demo/lib:/home/albert/ws_moveit2/install/moveit_task_constructor_capabilities/lib:/home/albert/ws_moveit2/install/moveit_task_constructor_core/lib:/home/albert/ws_moveit2/install/moveit_ros_control_interface/lib:/home/albert/ws_moveit2/install/moveit_simple_controller_manager/lib:/home/albert/ws_moveit2/install/moveit_setup_assistant/lib:/home/albert/ws_moveit2/install/moveit_setup_srdf_plugins/lib:/home/albert/ws_moveit2/install/moveit_setup_core_plugins/lib:/home/albert/ws_moveit2/install/moveit_setup_controllers/lib:/home/albert/ws_moveit2/install/moveit_setup_app_plugins/lib:/home/albert/ws_moveit2/install/moveit_setup_framework/lib:/home/albert/ws_moveit2/install/moveit_servo/lib:/home/albert/ws_moveit2/install/moveit_ros_visualization/lib:/home/albert/ws_moveit2/install/moveit_hybrid_planning/lib:/home/albert/ws_moveit2/install/moveit_ros_planning_interface/lib:/home/albert/ws_moveit2/install/moveit_ros_benchmarks/lib:/home/albert/ws_moveit2/install/moveit_ros_warehouse/lib:/home/albert/ws_moveit2/install/moveit_ros_robot_interaction/lib:/home/albert/ws_moveit2/install/moveit_ros_perception/lib:/home/albert/ws_moveit2/install/moveit_ros_move_group/lib:/home/albert/ws_moveit2/install/moveit_planners_ompl/lib:/home/albert/ws_moveit2/install/moveit_ros_planning/lib:/home/albert/ws_moveit2/install/moveit_ros_occupancy_map_monitor/lib:/home/albert/ws_moveit2/install/moveit_resources_prbt_ikfast_manipulator_plugin/lib:/home/albert/ws_moveit2/install/moveit_planners_chomp/lib:/home/albert/ws_moveit2/install/moveit_kinematics/lib:/home/albert/ws_moveit2/install/moveit_chomp_optimizer_adapter/lib:/home/albert/ws_moveit2/install/chomp_motion_planner/lib:/home/albert/ws_moveit2/install/moveit_core/lib:/home/albert/ws_moveit2/install/srdfdom/lib:/home/albert/ws_moveit2/install/rviz_marker_tools/lib:/home/albert/ws_moveit2/install/rosparam_shortcuts/lib:/home/albert/ws_moveit2/install/moveit_task_constructor_msgs/lib:/home/albert/umov_ws/install/arduino_remote/lib:/home/albert/umov_ws/install/arduino_cpp_examples/lib:/home/albert/umov_ws/install/arduino_msgs/lib:/home/albert/umov_ws/install/arduino_controller/lib:/home/albert/udem2_ws/install/final_project_cpp/lib:/home/albert/udem2_ws/install/robot_interfaces/lib:/home/albert/udem2_ws/install/components_cpp/lib:/home/albert/udem_ws/install/my_robot_interfaces/lib:/home/albert/bcdc_ws/install/aggiebot_msgs/lib:/home/albert/bcdc_ws/install/agbot_msgs/lib:/home/albert/arduinobot_ws/install/arduinobot_remote/lib:/home/albert/arduinobot_ws/install/arduinobot_cpp_examples/lib:/home/albert/arduinobot_ws/install/arduinobot_msgs/lib:/usr/lib/x86_64-linux-gnu/gazebo-11/plugins:/opt/ros/humble/opt/rviz_ogre_vendor/lib:/opt/ros/humble/lib/x86_64-linux-gnu:/opt/ros/humble/lib:/usr/share/gazebo/../../lib/x86_64-linux-gnu/gazebo-11/plugins /home/albert/.local/bin/cmake --install /home/albert/ag_arm_ws/build/arm_remote
[18.855s] Level 1:colcon.colcon_core.environment:checking '/home/albert/ag_arm_ws/install/arm_remote' for CMake config files
[18.856s] Level 1:colcon.colcon_core.shell:create_environment_hook('arm_remote', 'cmake_prefix_path')
[18.857s] INFO:colcon.colcon_core.shell:Creating environment hook '/home/albert/ag_arm_ws/install/arm_remote/share/arm_remote/hook/cmake_prefix_path.ps1'
[18.858s] INFO:colcon.colcon_core.shell:Creating environment descriptor '/home/albert/ag_arm_ws/install/arm_remote/share/arm_remote/hook/cmake_prefix_path.dsv'
[18.858s] INFO:colcon.colcon_core.shell:Creating environment hook '/home/albert/ag_arm_ws/install/arm_remote/share/arm_remote/hook/cmake_prefix_path.sh'
[18.860s] Level 1:colcon.colcon_core.environment:checking '/home/albert/ag_arm_ws/install/arm_remote/lib'
[18.860s] Level 1:colcon.colcon_core.shell:create_environment_hook('arm_remote', 'ld_library_path_lib')
[18.860s] INFO:colcon.colcon_core.shell:Creating environment hook '/home/albert/ag_arm_ws/install/arm_remote/share/arm_remote/hook/ld_library_path_lib.ps1'
[18.861s] INFO:colcon.colcon_core.shell:Creating environment descriptor '/home/albert/ag_arm_ws/install/arm_remote/share/arm_remote/hook/ld_library_path_lib.dsv'
[18.862s] INFO:colcon.colcon_core.shell:Creating environment hook '/home/albert/ag_arm_ws/install/arm_remote/share/arm_remote/hook/ld_library_path_lib.sh'
[18.863s] Level 1:colcon.colcon_core.environment:checking '/home/albert/ag_arm_ws/install/arm_remote/bin'
[18.863s] Level 1:colcon.colcon_core.environment:checking '/home/albert/ag_arm_ws/install/arm_remote/lib/pkgconfig/arm_remote.pc'
[18.863s] Level 1:colcon.colcon_core.environment:checking '/home/albert/ag_arm_ws/install/arm_remote/lib/python3.10/site-packages'
[18.864s] Level 1:colcon.colcon_core.environment:checking '/home/albert/ag_arm_ws/install/arm_remote/bin'
[18.865s] INFO:colcon.colcon_core.shell:Creating package script '/home/albert/ag_arm_ws/install/arm_remote/share/arm_remote/package.ps1'
[18.866s] INFO:colcon.colcon_core.shell:Creating package descriptor '/home/albert/ag_arm_ws/install/arm_remote/share/arm_remote/package.dsv'
[18.867s] INFO:colcon.colcon_core.shell:Creating package script '/home/albert/ag_arm_ws/install/arm_remote/share/arm_remote/package.sh'
[18.868s] INFO:colcon.colcon_core.shell:Creating package script '/home/albert/ag_arm_ws/install/arm_remote/share/arm_remote/package.bash'
[18.869s] INFO:colcon.colcon_core.shell:Creating package script '/home/albert/ag_arm_ws/install/arm_remote/share/arm_remote/package.zsh'
[18.870s] Level 1:colcon.colcon_core.environment:create_file_with_runtime_dependencies(/home/albert/ag_arm_ws/install/arm_remote/share/colcon-core/packages/arm_remote)
[18.871s] Level 1:colcon.colcon_core.environment:create_environment_scripts_only(arm_remote)
[18.872s] Level 1:colcon.colcon_core.environment:checking '/home/albert/ag_arm_ws/install/arm_remote' for CMake module files
[18.873s] Level 1:colcon.colcon_core.environment:checking '/home/albert/ag_arm_ws/install/arm_remote' for CMake config files
[18.874s] Level 1:colcon.colcon_core.shell:create_environment_hook('arm_remote', 'cmake_prefix_path')
[18.875s] INFO:colcon.colcon_core.shell:Creating environment hook '/home/albert/ag_arm_ws/install/arm_remote/share/arm_remote/hook/cmake_prefix_path.ps1'
[18.876s] INFO:colcon.colcon_core.shell:Creating environment descriptor '/home/albert/ag_arm_ws/install/arm_remote/share/arm_remote/hook/cmake_prefix_path.dsv'
[18.877s] INFO:colcon.colcon_core.shell:Creating environment hook '/home/albert/ag_arm_ws/install/arm_remote/share/arm_remote/hook/cmake_prefix_path.sh'
[18.878s] Level 1:colcon.colcon_core.environment:checking '/home/albert/ag_arm_ws/install/arm_remote/lib'
[18.878s] Level 1:colcon.colcon_core.shell:create_environment_hook('arm_remote', 'ld_library_path_lib')
[18.879s] INFO:colcon.colcon_core.shell:Creating environment hook '/home/albert/ag_arm_ws/install/arm_remote/share/arm_remote/hook/ld_library_path_lib.ps1'
[18.880s] INFO:colcon.colcon_core.shell:Creating environment descriptor '/home/albert/ag_arm_ws/install/arm_remote/share/arm_remote/hook/ld_library_path_lib.dsv'
[18.880s] INFO:colcon.colcon_core.shell:Creating environment hook '/home/albert/ag_arm_ws/install/arm_remote/share/arm_remote/hook/ld_library_path_lib.sh'
[18.881s] Level 1:colcon.colcon_core.environment:checking '/home/albert/ag_arm_ws/install/arm_remote/bin'
[18.881s] Level 1:colcon.colcon_core.environment:checking '/home/albert/ag_arm_ws/install/arm_remote/lib/pkgconfig/arm_remote.pc'
[18.882s] Level 1:colcon.colcon_core.environment:checking '/home/albert/ag_arm_ws/install/arm_remote/lib/python3.10/site-packages'
[18.882s] Level 1:colcon.colcon_core.environment:checking '/home/albert/ag_arm_ws/install/arm_remote/bin'
[18.883s] INFO:colcon.colcon_core.shell:Creating package script '/home/albert/ag_arm_ws/install/arm_remote/share/arm_remote/package.ps1'
[18.884s] INFO:colcon.colcon_core.shell:Creating package descriptor '/home/albert/ag_arm_ws/install/arm_remote/share/arm_remote/package.dsv'
[18.886s] INFO:colcon.colcon_core.shell:Creating package script '/home/albert/ag_arm_ws/install/arm_remote/share/arm_remote/package.sh'
[18.887s] INFO:colcon.colcon_core.shell:Creating package script '/home/albert/ag_arm_ws/install/arm_remote/share/arm_remote/package.bash'
[18.888s] INFO:colcon.colcon_core.shell:Creating package script '/home/albert/ag_arm_ws/install/arm_remote/share/arm_remote/package.zsh'
[18.889s] Level 1:colcon.colcon_core.environment:create_file_with_runtime_dependencies(/home/albert/ag_arm_ws/install/arm_remote/share/colcon-core/packages/arm_remote)
[18.890s] DEBUG:colcon.colcon_parallel_executor.executor.parallel:closing loop
[18.890s] DEBUG:colcon.colcon_parallel_executor.executor.parallel:loop closed
[18.890s] DEBUG:colcon.colcon_parallel_executor.executor.parallel:run_until_complete finished with '0'
[18.890s] DEBUG:colcon.colcon_core.event_reactor:joining thread
[18.906s] INFO:colcon.colcon_core.plugin_system:Skipping extension 'colcon_notification.desktop_notification.terminal_notifier': Not used on non-Darwin systems
[18.906s] INFO:colcon.colcon_core.plugin_system:Skipping extension 'colcon_notification.desktop_notification.win32': Not used on non-Windows systems
[18.906s] INFO:colcon.colcon_notification.desktop_notification:Sending desktop notification using 'notify2'
[18.929s] DEBUG:colcon.colcon_core.event_reactor:joined thread
[18.930s] INFO:colcon.colcon_core.shell:Creating prefix script '/home/albert/ag_arm_ws/install/local_setup.ps1'
[18.932s] INFO:colcon.colcon_core.shell:Creating prefix util module '/home/albert/ag_arm_ws/install/_local_setup_util_ps1.py'
[18.936s] INFO:colcon.colcon_core.shell:Creating prefix chain script '/home/albert/ag_arm_ws/install/setup.ps1'
[18.956s] INFO:colcon.colcon_core.shell:Creating prefix script '/home/albert/ag_arm_ws/install/local_setup.sh'
[18.958s] INFO:colcon.colcon_core.shell:Creating prefix util module '/home/albert/ag_arm_ws/install/_local_setup_util_sh.py'
[18.959s] INFO:colcon.colcon_core.shell:Creating prefix chain script '/home/albert/ag_arm_ws/install/setup.sh'
[18.980s] INFO:colcon.colcon_core.shell:Creating prefix script '/home/albert/ag_arm_ws/install/local_setup.bash'
[18.982s] INFO:colcon.colcon_core.shell:Creating prefix chain script '/home/albert/ag_arm_ws/install/setup.bash'
[19.003s] INFO:colcon.colcon_core.shell:Creating prefix script '/home/albert/ag_arm_ws/install/local_setup.zsh'
[19.004s] INFO:colcon.colcon_core.shell:Creating prefix chain script '/home/albert/ag_arm_ws/install/setup.zsh'
